,created_at,username,tweet,language,replies_count,retweets_count,likes_count
2,2021-05-03 05:23:21 India Standard Time,swati1206,@shalbyhospitals @MoHFW_INDIA @ICMRDELHI  hospital‚Äôs mismanagement costed me with covid-19 3h to get vaccinated Giving covid-19 infection for free to those coming for vaccination  My suggestion - pls dnt visit this place for any medical aid,en,1,0,0
4,2021-05-03 05:22:03 India Standard Time,mishra_3,Covid 19 Pandemic Second Wave  https://t.co/NmS6a88eub,en,0,0,0
5,2021-05-03 05:12:32 India Standard Time,realirrfan,"India hits new grim record with 3,689 COVID-19 deaths in one day. #KindAttnPMNarendraMod #COVID19 #CovidIndia #COVID19Vaccine #didi_o_didi  https://t.co/MrF8jcLKTs",en,0,2,14
9,2021-05-03 04:49:03 India Standard Time,bhaskarkanungo,"@ndtv Only positive news of Covid-19 is it did a justice to a criminal. Indian judiciary did not gave him death sentence for his crimes, some how Covid-19 had to step in. I wish Covid-19 to intervene in same manner with criminal politicians of India   https://t.co/NBFZ7NvyJ9",en,0,0,0
11,2021-05-03 04:45:02 India Standard Time,shaharbeen,No ICU facility available at Associated Hospital GMC Baramulla as 13 ventilators are eating dust and dirt in stores. All 60 beds for Covid-19 patients are occupied so where will other Covid-19 patients go  @OfficeOfLGJandK  @DCBaramulla  @kansalrohit69  https://t.co/p79cnYCFvy,en,1,0,5
18,2021-05-03 03:54:02 India Standard Time,ariffarooqui56,@FaheemYounus After how many days it is safe for covid19 vaccination  if a person is RT-PCR positive,en,0,0,0
19,2021-05-03 03:45:46 India Standard Time,asimijaz30,Pray for this Lady. She is really a nice person and she had worked a lot. Since PTI came into power the ruling party came across Covid 19 and the most challanging task was to deal with the very first wave. But this lady worked hard and proved she is a sincere person. üíïüíï,en,0,0,0
25,2021-05-06 05:14:11 India Standard Time,hasanfaidul,"NSG commando dies of Covid-19, precious time lost in arranging New India  https://t.co/2NA5apbVjm  #IsupportModi",en,0,0,0
27,2021-05-06 05:13:26 India Standard Time,sbdanish,Folks in #Bangalore/#Bengaluru. This is exactly have I went through -  Please read this ordeal a friend of mine Rahul Tadimalla has explained in detail.  #COVIDSecondWave #COVID19 #COVID19India #Corona #CoronaPandemic #CoronavirusIndia #bangalorecovid #SOSBangalore #ICUBed  https://t.co/QFex1dT18W,en,1,1,0
28,2021-05-06 05:12:45 India Standard Time,ch1nadeem,When someone says ‚Äú Kuch bolo yar ‚Äú and you reply with ‚Äú Kuch ‚Äú and think you‚Äôve achieved some high level comedy. #comedy #fun #COVID19,en,0,0,1
29,2021-05-06 05:12:28 India Standard Time,_haseeb6,With Very Great Personality Syed Iqrar Ul Hassan Brother ‚ù§Ô∏è‚ù§Ô∏è. @iqrarulhassan  #IqrarulHassan  #teamsareamrwpsouth  #sareaam  #COVID19  #ARYDigital #ShaneRamzan2021 #ARYNewsUrdu #ARYNews #iqrar @ain_iqrar #ŸÑŸäŸÑÿ©_ÿßŸÑŸÇÿØÿ±  https://t.co/h9LLyJ0t4e,en,0,0,1
30,2021-05-06 05:11:29 India Standard Time,hasanfaidul,"In New India NSG commando dies of Covid-19, precious time lost in arranging Icu / ventilator Bedüòî @drharshvardhan @AmitShah @PMOIndia @narendramodi @ArvindKejriwal @NitishKumar @AJEnglish @FoxNews @CNN @CPDelhi @CPMumbaiPolice #BreakingNews   https://t.co/2NA5apbVjm",en,0,0,0
33,2021-05-06 05:06:29 India Standard Time,ajaysohail,"@Prateeksom2 People , who are emotionally blackmailed ; some times by religious leaders and some times by political leaders . Sometimes by an amalgamation of the two.   We , people need to grow up !  Need to be caring towards our fellow beings!  #COVID19 #India #IndiaFightsCOVID19 #CovidHelp",en,0,1,1
34,2021-05-06 05:06:00 India Standard Time,bennishiroor,"""Biden administration supports waiver of patent protections on COVID-19 vaccines""   https://t.co/yhrnxhgsoE",en,0,0,0
43,2021-05-06 04:50:23 India Standard Time,sumitve32647226,@SonuSood sir help needed üôè. Oxygen concentrator in Gwalior. Not available anywhere in Gwalior. Please help. My mother is suffering from Covid19 and has 80% lungs infected.Oxygen level is 78 with high flow support..Help sirüôèReports attached below sirüôè  https://t.co/ZqNioolE1m,en,1,0,0
44,2021-05-06 04:49:02 India Standard Time,dcbaramulla,DC visits several COVID wellness centres where he took stock of medicare arrangements in wake of raising COVID-19 concern so as to effectively tackle the pandemic. @NHMJK5 @diprjk  https://t.co/dXdPMbe35k,en,1,3,39
45,2021-05-06 04:45:30 India Standard Time,mohamma57446754,Chief Justice of India: Covid-19 is a virtual death sentence for political prisoners! Release them now! - Sign the Petition!  https://t.co/dWqEvhnfjQ via @ChangeOrg_India,en,0,0,0
46,2021-05-06 04:44:48 India Standard Time,santwana99,"""Biden administration supports waiver of patent protections on COVID-19 vaccines""   https://t.co/4RX8B0ry2h",en,0,0,0
49,2021-05-06 04:36:43 India Standard Time,mbhanifyousef,Chief Justice of India: Covid-19 is a virtual death sentence for political prisoners! Release them now! - Sign the Petition!  https://t.co/ngPW4nPyoG via @Change,en,0,0,0
50,2021-05-06 04:35:17 India Standard Time,vramankumar,@PiyushGoyal @PrakashJavdekar I salute to Our Honourable Union Minister for Railways Shri Piyush Goyal Ji for making Oxygen Express for Departed from Durga to Delhi Which will supply Medical Oxygen to Covid 19 Patients üôè‚ù§Ô∏è,en,0,0,0
51,2021-05-06 04:32:32 India Standard Time,radziyusof,"Two doses of the Pfizer/BioNTech vaccine have proved more than 95% effective against infection, hospitalisation and death from Covid-19 in¬†Israel.",en,0,0,1
54,2021-05-06 04:24:25 India Standard Time,shahid_hussain,@SufiRoshan82 @ReallySwara Please forward this Tips for Managing COVID-19. Very important. Also I request everyone please do not PANIC.  https://t.co/CGK5ifki4x,en,0,0,1
55,2021-05-06 04:22:21 India Standard Time,vramankumar,@DrJitendraSingh @PrakashJavdekar Mr Rahul Gandhi ji please send Panic in citizens Due to Panic many are dying than the Covid19 I request all followers to follow the Ministry of Information and Broadcasting Rahul Gandhi is just biting the mail's and posting his nonsense Tweets.,en,0,0,0
57,2021-05-06 04:09:22 India Standard Time,catchme_anwar,Chief Justice of India: Covid-19 is a virtual death sentence for political prisoners! Release them now! - Sign the Petition!  https://t.co/r875Ewq6wy via @ChangeOrg_India,en,0,0,0
59,2021-05-06 04:00:05 India Standard Time,shafique_08,Chief Justice of India: Covid-19 is a virtual death sentence for political prisoners! Release them now! - Sign the Petition!  https://t.co/RYYX3EgRvR via @ChangeOrg_India,en,0,0,0
62,2021-05-07 05:25:25 India Standard Time,jfkjohan,üíâ The best covid-19 vaccine ever is...  The one that you can get first! ü•≥,en,3,3,22
63,2021-05-07 05:25:21 India Standard Time,vramankumar,@PrakashJavdekar @RahulGandhi I Request @ Rahul Gandhi just bite your nails and watch the efforts by Our GOI is curb up the Covid19 Why are upto and your senseless Tweets misleading the Indians by creating Panic which is the cause of Many deaths than Pandemic situation Try to learn and follow more Uncle.,en,0,0,0
64,2021-05-07 05:20:07 India Standard Time,shezziw,Barrister ‚Å¶@MNAMohsinRanjha‚Å© clearly mentions laws which make #ShafqatMehmoodSharamKaro liable for any child getting infected with #Covid19 due to his decisions #PakistaniLivesMatter  Every #Pakistani child‚Äôs life is important Go for assessment grading.  https://t.co/IMKjdpYnXA,en,0,1,2
68,2021-05-07 05:09:31 India Standard Time,rajput778298,@Aaliya72 I want to give u some precautions and some suggestion... For speedy recovery... Because i am just recovered with covid 19,en,0,0,3
69,2021-05-07 05:07:16 India Standard Time,ykmohanta,Must read in the current COVID-19 pandamic and the fate of of action #INPST #DHPSP,en,0,8,7
72,2021-05-07 04:58:04 India Standard Time,iiirdi,@SrBachchan Saw many horror movies but this #COVID19 is scariest of all,en,0,0,1
75,2021-05-07 04:51:03 India Standard Time,maliksh48015840,Admin to set up 1300 oxygen supported beds in #Jammu in 5 days  The JK Government on Friday said that consistent efforts are on to ensure oxygen supply as well as manpower and more than 1300 oxygen supported bed are to be set-up in Jammu division to fight the deadly #COVID19. KNO,en,0,1,1
77,2021-05-07 04:49:40 India Standard Time,vramankumar,"@rajnathsingh @narendramodi I salute to Our Honourable Defence Minister of India under the guidance and Leadership of Our Honourable PM Modiji for sensing the.emergency situation, The whole Government machinery immediately by mobilising all the possible Resources in Response of Covid19 Surge.üôè‚ù§Ô∏è",en,1,0,0
78,2021-05-07 04:49:27 India Standard Time,anshumanbisoyi,Name : Adikanda Bisoyi First floor MCKG casualty(BED NO: 24) Age : 85 years under oxygen. Needs doctor's intervention.  Crossed 14+ days  from covid-19. SpO2 levels 70-75(without cylinder) 90-95(with cylinder). #PostCovid treatment.   @MedicalMkcg @Vijaykulange ji  @Ganjam_Admin,en,0,0,1
80,2021-05-07 04:45:27 India Standard Time,iqbaalahmed20,#TwinkleKhanna responds to allegations of #AkshayKumar not doing enough amid #COVID19 pandemic -  https://t.co/LeNebgx9cQ,en,0,0,1
82,2021-05-07 04:43:30 India Standard Time,shoaibl15341513,"Inam foundation handover medical equipment to DHO Hyderabad for üíûüá±üáæüíû#Covid_19,  @BBhuttoZardari @AseefaBZ @sharjeelinam @rawalsharjeel @MediaCellPPP  #IamRawalsharjeel #Covid_19 #StayHomeStaySafe  https://t.co/a1hCDXeeJW",en,0,3,4
84,2021-05-07 04:41:26 India Standard Time,vramankumar,"@narendramodi I totally agree with Our Honourable PM Modiji for admiring Our Defence Ministry role to curb the prevailing Pandemic situation effectively by Jal , Thal and Nab . Our Armed Forces have left no turn in sttenghting the Fight against Covid 19.üôè‚ù§Ô∏è",en,0,0,0
85,2021-05-07 04:39:40 India Standard Time,chak_journalist,Jumma tul Wida Mubarak to all the Muslims around the world. May ALLAH Bless Us With Countless Blessings and Protect all of Us From the Ongoing Pandemic of COVID-19. ‚ÄúAMEEN‚Äù,en,0,0,1
87,2021-05-07 04:23:37 India Standard Time,sangrisaeed,@iamZunaira Stay safe you are the real warrior to fight against #COVID19,en,0,0,2
88,2021-05-07 04:14:51 India Standard Time,pzaqib,"On the one hand Administration comprising of bureaucrats, advisors and govt officials deliver numerous press conferences claiming  they have all the resources to fight the #COVID19 pandemic. And here patients are not even getting an ICU beds in hospitals. #SOSJK  @manojsinha_",en,0,0,0
94,2021-05-07 04:04:02 India Standard Time,shahrukh_pervez,May Allah SWT bless everyone on this beautiful day and let us all pray that Allah Pak has mercy on us and protect everyone from #COVID19 #jummatulwida #JummaMubarak  https://t.co/ld7zReTXp8,en,1,3,18
98,2021-05-07 03:52:45 India Standard Time,ashrafmulani18,Andra pradesh CM Sensational Decision on covid-19 second wave.  Maharashtra too has such sincere and dynamic CM to declare this sternly.. @uddhavthackeray @prithvrj @Awhadspeaks @satejp @nawabmalikncp @mieknathshinde  https://t.co/NHsyP6vLd3,en,0,6,12
102,2021-05-07 03:22:50 India Standard Time,sbdanish,Truth vs Fake Hype  #bengaluru #bangalore #BBMP #covid #COVID19 #Covid19India #coronavirus #coronavirusindia   https://t.co/9LvC8DzSsC  https://t.co/jH2P8dKn3c,en,0,1,0
103,2021-05-07 03:11:57 India Standard Time,shahfahadhusami,#COVID19 Nightmares: 4-Year-Old Watches His Grandparents Corpses Decay For A Day. Salute to the spirit of Irtiza Bhai and @farhanreporter who helped them.   https://t.co/s3nfr9fZsR,en,0,0,0
104,2021-05-07 03:09:27 India Standard Time,ajaysohail,"@commissionerlhr @CaptainUsman Great work Sir !   We, the citizens should must understand that government is doing all this in public interest !   Lives matter !   #Covid #COVID19 #SOPs #sopsbetterthanventilator #lockdown2021 #Lahore #StayHome #StayHomeStaySafe",en,1,0,0
114,2021-05-09 05:03:51 India Standard Time,kundanpswan,"""COVID-19 vaccination for 18-45 age group is now open""   https://t.co/GsZaIH42Rl",en,0,0,0
115,2021-05-09 05:00:27 India Standard Time,nagramiowais,Free Covid-19 Medical Consultation By Expert &amp; Senior Doctors Through AIMIS Help Line No:7897138420 By All India Muslim Intellectual Society. Call Us Anytime Between 11am to 11pm. #CoronaSecondWave #COVID19India #StayStrongIndia  https://t.co/v1GLwRxpAe,en,0,0,0
120,2021-05-09 04:45:42 India Standard Time,hyderabad_human,The @hydcitypolice has set up a 24hour help desk with the help of paramedics at King Kothi District Hospital in #hyderabad. #COVID19 Patients and their assistants can call 9490616536 for info on the availability of oxygen beds and ventilators. #BedsAvailability @CPHydCity @KTRTRS,en,2,11,8
124,2021-05-09 04:42:07 India Standard Time,okayhammad,"People in western nations helped each other, the governments did not, the same is happening in India. Let‚Äôs see what will be the attitude of our nation in the next few days or after eid ! ü§û#COVID19 #COVID19India #StayHome",en,0,0,0
131,2021-05-09 04:27:59 India Standard Time,shahidsiddiqui,"#COVID19 vaccination for people in the age group of 18-44 years, to begin in #Uttarakhand from 10th May  #COVID19Vaccination",en,0,1,3
135,2021-05-09 04:22:47 India Standard Time,shahidsiddiqui,Aircraft carrying 1900 #oxygen cannulas &amp; 396 #oxygencylinders from #Austria and 500 oxygen cylinders from #CzechRepublic arrived in #India earlier today. #COVID19 #IndianLivesMatter #IndiaNeedsOxygen  https://t.co/uPsSRgGb8H,en,0,2,4
137,2021-05-09 04:18:29 India Standard Time,seikhsameer4,"RIP those who died in 2020_21 Due to COVID_19,  Don't skip this post without leaving a heart.. ‚ù§ @pathan_sumaya  https://t.co/uvKe1siPq1",en,0,0,0
138,2021-05-09 04:16:23 India Standard Time,avatharcare,Feel fresh and more active #healthyeating #healthyliving #healthcare #healthylife #immunity #immunebooster #immunityboost #sidha #sidhha #covid_19 #covid19india #covid19protection  https://t.co/4w0WVQppaL,en,0,2,1
139,2021-05-09 04:15:37 India Standard Time,shahidsiddiqui,"International assistance in #CovidCrisis : #Oxygencylinders from the #US &amp; #BiPAP machines from #UAE at Safdarjung Hospital, New Delhi. #COVID19 #IndianLivesMatter #COVID19India #COVIDEmergency  https://t.co/zJPWLq3wiE",en,0,0,2
149,2021-05-11 04:56:20 India Standard Time,chishtiakc,Those who are already antibodies +ve is there any benefit of vaccination other than social media likes #covidvacccine #covid_19 #coronavirus #health #healthylifestyle #healthyliving @ HealthSolutions  https://t.co/2C37Wqvl41,en,0,0,0
151,2021-05-11 04:51:47 India Standard Time,eddydaud,"Stop whining and complaining about the MCO people, Covid19 deaths are real, my schoolmate tengah nazak skg di hospital under ventilation n in coma, both kidneys failed this morning. Lets do our part to fight Covid19, follow SOP!   https://t.co/lityk14P63",en,1,7,9
155,2021-05-11 04:40:26 India Standard Time,eddydaud,@apai_gerasi I dont know about that Bro..  I was told that the only effective way to combat covid 19 is to get the population vaccinated as many as possible and as fast as possible to get herd immunity. If not yet possible then we must have a full and complete lockdown of at least 3 weeks.,en,2,0,0
157,2021-05-11 04:38:17 India Standard Time,maliksh48015840,"*BJP leader Syeeda Ladakhi dies of COVID-19 in Leh*  &gt;&gt;&gt; Leh, May 11:  BJP leader from Ladakh region, Sayeeda Ladakhi died due to COVID-19 at Sonam Nabroo Memorial (SNM) Hospital in Leh after fighting the virus for a couple of days.                An official told that Syeeda was",en,0,0,1
161,2021-05-11 04:22:10 India Standard Time,eddydaud,"If not another MCO to try break the chain, how do you propose to defend us from the Covid19 double mutation variant now? The ICU beds are going to be swamped soon, so again what do you propose the Gomen shd do?",en,8,3,8
164,2021-05-11 04:10:38 India Standard Time,mdamanu19127546,"Once demonised, Tablighi Jamaat and other volunteers conduct funerals of COVID-19 victims in Tirupati | The News Minute  https://t.co/TIXxhrjQvP @DChaurasia2312 @anjanaomkashyap @RubikaLiyaquat @AMISHDEVGAN @Republic_Bharat @SudarshanNewsTV @RajatSharmaLive üëá",en,0,0,0
165,2021-05-11 04:08:34 India Standard Time,samdanikamran,"@tariqtramboo Sir, my friend had tested positive for Covid19. He has now recovered Alhumdulilah. How much time he has to wait to get vaccinated.",en,0,0,0
174,2021-05-11 03:20:57 India Standard Time,ajaz_awan,India could see 1 million Covid-19 deaths by August 1 says Lancet  https://t.co/Fui84t5MKn @OmarAbdullah @listenshahid @OfficeOfLGJandK @dmrajouri,en,1,0,0
175,2021-05-11 03:19:24 India Standard Time,warrior6530,@iCitizenSajid @ChinarcorpsIA @atahasnain53 @Tiny_Dhillon @proudhampur @adgpi @Vedmalik1 @amritabhinder @TheSatishDua @LtGenGurmit @kakar_harsha @MajorPoonia @ShutapaPaul @shaurya_doval @MayaKadosh @adcjk_vipin COVID-19 dont harm an #endianarmy bhagat GOC. wearing of mask is just symbolic. He dont need to cover his nose.,en,6,2,3
177,2021-05-11 03:14:30 India Standard Time,charanprasai,Opinion @PM_Nepal drawing attention of world to support Nepal's struggle against COVID-19 second wave @guardian.   https://t.co/BchTtCsA71,en,0,1,1
180,2021-05-13 05:21:39 India Standard Time,pandianv14,Joint Representation to the Union Govt by Oppositions Seeking Welfare Measures to Eradicate Covid 19.  https://t.co/9TjYrWuCSk,en,0,0,1
187,2021-05-13 04:43:12 India Standard Time,profrajeshbjp,Hon‚Äôble PM Sh @narendramodi Ji chaired a meeting today to review diverse aspects of the multi-pronged fight against #COVID19‚Ä¶   https://t.co/9RerK6NFl7  @PMOIndia @MoHFW_INDIA  #Unite2FightCorona  #IndiaFightsCOVID19,en,0,0,2
188,2021-05-13 04:40:37 India Standard Time,saddamh31465767,@asadowaisi @KTR_News Sir required one oxygen bed in hyderabad Urgently One of my family member suffering with Covid 19 Condition is very serious,en,1,0,0
190,2021-05-13 04:38:13 India Standard Time,dushyantsbaghel,China is against humanity. #ChineseVirus #COVID19,en,0,0,1
195,2021-05-13 04:02:58 India Standard Time,ramankumarpat14,#CHEARS #WeWantApology #COVID19 @TeenmarMallanna üëçTOLLYWOOD WAKE UP !! @KChiruTweets @iamnagarjuna @telugufilmnagar @urstrulyMahesh @alluarjun @PrabhasRaju @Rakulpreet @DilRaju19 @RanaDaggubati @TheDeverakonda @PawanKalyan @AlwaysRamCharan @AsianCinemas_  https://t.co/p7BtabrOwD,en,1,0,2
208,2021-05-15 05:08:41 India Standard Time,reallgupta,"Modi's Gamble, and How Many Lives It Will Cost Modi did not want only to prevent a second wave; he wanted all the credit for stopping COVID-19 in its tracks to go to him and him alone.  https://t.co/qd6BvrYLsM",en,0,0,0
209,2021-05-15 04:34:01 India Standard Time,aapkahrudananda,Please share it more. üôèüèªTag me for #COVID19 help Or any other assistance . Our team will definitely try to support the needy.     24*7  https://t.co/dTL2EMHYz7,en,0,0,3
216,2021-05-15 03:37:32 India Standard Time,wt_englishdaily,".@TSIICLtd contributed Rs. 1.19 Cr towards activities for mitigation of #COVID19 in Telangana. A cheque for the amount was handed over by @tsiic_vcmd EV Narasimha Reddy to Rahul Bojja, Commissioner, State Disaster Management Authority, in the presence of Minister @KTRTRS  https://t.co/M0C37I1ztD",en,0,0,0
223,2021-05-17 05:07:47 India Standard Time,pewdiedan,"@janenilly @AnAnnOrWhatever @aliffpadzi One died due to car accident, but during autopsy they discovered that the person dead got covid. Does it count as Covid 19 death? If u can understand this question then you‚Äôll know why the death of your friend were not updated that quickly in the database.",en,1,0,0
225,2021-05-17 05:03:26 India Standard Time,umaaali,"The Covid 19 is real !  If it does not infect you , Please bear in your mind you might be the carrier and have high possibility to infect other high risk person ( your parents, grandparents etc)  #KitaJagaKita  #BreakTheChain  #jagaSOP  #kayangannakmatimatila #kamimarhaentakmau",en,1,4,2
226,2021-05-17 04:57:20 India Standard Time,emperor_mohd,Remember this tweet: ‚ÄúUSA will witness the last and the worst nightmare of Covid in coming days‚Äù. #USA #Covid_19 #JoeBiden #COVID19AB #CoronaVaccination,en,0,0,0
229,2021-05-17 04:28:25 India Standard Time,cybraininfosec,"Dark Web Getting Loaded With Bogus Covid-19 Vaccines and Forged Cards Bogus COVID-19 test results, fraudulent vaccination cards, and questionable vaccines are emerging a hot commodity on the dark web. #darkweb #vaccine #COVID19  https://t.co/S7K4o7L7ik",en,0,0,0
237,2021-05-17 03:15:32 India Standard Time,imsouravsinha10,India to host FIFA U-17 Women's World Cup in 2022 @FIFAWWC @IndianFootball FIFA has approved India as the host of the U-17 Women's World Cup in 2022 after the cancellation of the rescheduled 2021 edition due to the COVID-19 pandemic.  #fifaU17womensWorldCup #india @FIFAWWC,en,0,0,0
249,2021-05-21 04:17:48 India Standard Time,vramankumar,"@narendramodi I salute to Our Honourable PM Modiji for once again proving that he is partial towards Our Indian Farmers in for giving subsidy of DAP  Fertilizer from Rs 2400 to Rs 1200 Admist Covid 19 for filling Happiness and Glory of Our Indian Farmers,üôè",en,0,0,0
259,2021-05-21 03:06:03 India Standard Time,asrinfo,"Bahraini Citizens, vaccinated, must show a PCR examination to enter Saudi Arabia &amp; Chinese Sinopharm vaccine is not approved.  https://t.co/JUVFcUcGm5  #Bahrain #SaudiArabia #kingfahdcauseway #Sinopharm #vaccine #vaccinated #vaccinate #coronavirus #CovidVaccine #COVID19",en,0,0,0
262,2021-05-21 02:37:06 India Standard Time,srikri_a,Screenshot of @sambitswaraj‚Äôs tweet on what the BJP claimed was the Congress party‚Äôs ‚ÄòCovid-19 Toolkit‚Äô. Twitter has marked it as ‚Äòmanipulated media‚Äô.  https://t.co/rZqtc1rUHI,en,0,0,8
282,2021-05-25 03:02:11 India Standard Time,asrinfo,Entering the Manama Central Market for vaccinated &amp; recovered persons only.  https://t.co/IuOOyw3QBx  #Bahrain #Manama #COVID19 #coronavirus #vaccinate #vaccinated #Commit4Bahrain #VACCINATEANDSTAYSAFE #ÿ®ÿ≠ÿ±ŸäŸÜ,en,0,0,0
284,2021-05-25 03:00:30 India Standard Time,asrinfo,Adding ‚ÄúRashid Equestrian and Horse Racing Club‚Äù to PCR examinations if a ‚ÄúRapid Test‚Äù is Positive  https://t.co/CSxpAqeBST  #Bahrain #COVID19 #coronavirus #PCRTests #vaccinated #Vaccinate #Commit4Bahrain #VACCINATEANDSTAYSAFE #ÿ®ÿ≠ÿ±ŸäŸÜ,en,0,0,0
287,2021-05-25 02:14:26 India Standard Time,mdfaiz7711,Donated some small contribution to CM Public releif fund for Covid-19 welfare.  Donate as much as possible... @ Mandapam  https://t.co/TtNYrZBGwr,en,0,0,0
288,2021-05-25 02:13:32 India Standard Time,singhak_endo,I wrote recently about New-onset hyperglycaemia and Diabetes in Covid-19 recently in DRCP. @vijayviswanatha @RajeevJayadevan @snehamordani Here is the link  https://t.co/CdXkoZVx4h,en,1,0,8
292,2021-05-25 02:05:29 India Standard Time,kardebojit1,"@hivsweg Hello Sir it's an honour to tweet a great person like you who holds a nobel prize, However just wanted to know about your recent interview on vaccination to fight covid 19, Is the prophecy is true that people who are vaccinated may not live for a long point of time?",en,0,0,0
310,2021-05-26 04:29:53 India Standard Time,sarthak18633672,"A start-up from the National University of Singapore called Breathonix has found a way to check if a person is suffering from COVID-19‚Äî in 60 seconds.   Breathonix's system, BreFence Go COVID-19 Breath Test System, works like a breathalyzer test  cops use to curb drunk driving.  https://t.co/SKpxp8lJ1v",en,0,0,0
315,2021-05-28 05:24:09 India Standard Time,vikrammahajan,"Russian regions begin vaccinating animals against COVID-19.  In a global shortage of vaccines, don't know how to react to this....   https://t.co/yZ64ZLs1J3",en,0,0,0
321,2021-05-28 04:49:53 India Standard Time,golfpaths6,"Recently, I made a food delivery to BSC and donated blood at Mid Valley. No shoppers during a pandemic, only buyers of food essentials (phew!). Health is wealth. More than ever now in #Malaysia, with high daily record of Covid-19 cases. #stayathome #fooddelivery #WFH",en,0,0,5
325,2021-05-28 04:04:12 India Standard Time,naimisha_now,"The last time I posted this somewhere on social media, the global death toll was at 3.2 million as of April 30, 2021. Another 3 lakh people added to the count over 27 days. That‚Äôs about 11,111 people a day. #COVID19",en,0,0,0
326,2021-05-28 03:59:15 India Standard Time,naimisha_now,"Here‚Äôs a thought. Data updated for May 27, 2021. #arewethereyet #COVID19   https://t.co/ZrcKTFDdpy",en,1,1,0
328,2021-05-28 03:56:51 India Standard Time,boosoonyew67,"Up next, #Melaka .. various reasons for not attending #COVID19 #vaccine appointment.. 7/n  https://t.co/12CF2StscP  https://t.co/58wSEV9Yuq",en,1,0,1
334,2021-05-28 03:41:50 India Standard Time,boosoonyew67,This is an unhealthy trend of people not fulfilling their Vaccination Appointments in #Malaysia !! And certainly NOT a way to fight #COVID19 !! .. 1/n  https://t.co/12CF2StscP,en,1,6,14
338,2021-05-29 04:39:51 India Standard Time,eijasignature,Stay safe everyoneüôè #COVID19  https://t.co/Y5FY94JmwD,en,0,0,2
339,2021-05-29 04:30:05 India Standard Time,sipgrab,"The Wall Street Journal: Employers can require COVID-19 vaccine for workers returning to office, government says  https://t.co/YaGGx3nwYC #Nifty #Sipgrab #UnitingPeopleWithThePossibilities",en,0,0,0
340,2021-05-29 04:30:04 India Standard Time,sipgrab,"The Wall Street Journal: Employers can require COVID-19 vaccine for workers returning to office, government says  https://t.co/Wrzdzf4MgM #Nifty #Sipgrab #UnitingPeopleWithThePossibilities",en,0,0,0
341,2021-05-29 04:17:56 India Standard Time,balgovindpasi2,"After the USA, India is the 2nd country that has achieved a milestone of crossing 20 Crore of cumulative COVID-19 vaccination coverage in 130 days. #LargestVaccinationDrive @kpmaurya1 @bpsarojmp @BJPVinodSonkar @sureshpasiBJP @BJPKashiKshetra @bjpgangapar  https://t.co/B7sXWDY81e",en,0,0,0
346,2021-05-29 03:20:27 India Standard Time,ramanujagrawal,"The Opposition should understand that during this tough time of #COVID19 we should #Unite2FightCorona rather than insulting their own nation. This isn't the time to humiliate the government by humiliating the name of the country by saying ""‡§Æ‡•á‡§∞‡§æ ‡§≠‡§æ‡§∞‡§§ ‡§¨‡§¶‡§®‡§æ‡§Æ"". #DeshVirodhiKamalnath",en,0,0,3
348,2021-05-29 03:17:26 India Standard Time,rbkake56,@UNODC_ROSA @UNOCHA @UNODC @arifaajakia @PMOIndia @USAGov The only KILLER country China is RESPONSIBLE for Covid19. China wants kingdom whole over the World. China have territory disputes with 14 countries.  Be unite in UNO and thrash him.,en,0,0,0
350,2021-05-29 03:09:05 India Standard Time,abhitripaati,"Tata Steel will pay salaries to families of employees passed away due to #COVID19, till the employee's retirement age. Also, they will bear expenses of their children's education until graduation. SIMPLY GREAT @RNTata2000 ji.  https://t.co/LQu5poFLkY",en,0,2,1
351,2021-05-29 03:00:09 India Standard Time,_officialshafi,"I strongly condemn the corpses found in the flowing #GangaRiver, @BJP4India failures were tried to hide the defeat, By insulting the dead bodies, A 56 ""Inch Chest Person, Why Today Is Silent.  #Modi #GangaExposedModi #COVID19",en,0,1,2
352,2021-05-29 02:38:57 India Standard Time,ijaypadhiyar,"50,000 vials of #AmphotericinB arrives at Mumbai Airport.@mansukhmandviya ji putting in a lot of efforts to meet its requirement in the country.  I am thankful to Gilead Sciences and Mylan Pharmaceuticals for their outstanding support in  #IndiaFightsCorona #COVID19 #vaccination  https://t.co/7OBBmCsIu5",en,0,1,2
354,2021-05-29 02:32:32 India Standard Time,pratisheth8,Covid-19 vaccine boosters may be necessary. Here's what you need to know   https://t.co/eUz9o0H3fh,en,0,0,0
355,2021-05-29 02:10:09 India Standard Time,gtrinadh421,"""Here are the latest updates on COVID-19 from news organisations in India""   https://t.co/DxLhb2VZK1",en,0,0,0
363,2021-05-29 01:25:23 India Standard Time,debsban06,Had the opportunity to serve to 67 patients so far for the emergency needs.. Look forward to serving to more if I get an opportunity #hyderabad #COVID19 #OxygenShortage #hospital @srijitspeaketh @swastika24 @sherspeak,en,7,5,25
367,2021-05-29 01:03:10 India Standard Time,rumaanshaikh,".@OnReality_Check | Doctor breaks down while recalling a 42-year-old patient's death, says, 'we are sorry, but we couldn't save him'  #COVID19  https://t.co/22MvQL7QZE",en,0,0,1
369,2021-05-29 00:58:08 India Standard Time,mr_bhavesh007,"@MaamisMasala wear face mask properly,,, #Contest #win #prize #giveawaycontest #giveawayalert #giveaways #giveawaytime #instagiveaway #contestalert #covid #covidsafety #covidprecautions #covidsafetymeasures #Covid19 #safetymeasure #coronavirus @MaamisMasala",en,0,0,0
370,2021-05-29 00:57:05 India Standard Time,ajjaiah,"@amjadmaruf @smritiirani Few millions are illegal migrants whom there is no vaccine. How many vaccines are invented in Muslim dominated countries? Tell single country name.Congress took 40-50 years to bring Folio vaccine in to India. Because of Modi goverance, we have top Covid-19 vaccines in few months",en,15,1,13
5,2021-05-03 05:16:18 India Standard Time,praveen_umesh,@highcourtdelhi why court not taking all contol of Delhi ?Why court waiting for govt n authority to answers?court can save life ! all blame games going on by state n central during Covid crises daily death rates r going high with poor control  n management ! @PTI_News #delhi,en,1,3,4
9,2021-05-03 05:04:08 India Standard Time,amvalano,Wag makulit. Wait lang! Get vaccinated  pa din when offerred. #ivermectin #covid,en,0,0,0
11,2021-05-03 05:00:51 India Standard Time,salim33364321,@arabnews Residents who have completed 2 doses of covid vaccine shall be allowed to come to Saudi Arabia with 7 days home quorontine.,en,0,0,0
19,2021-05-03 04:43:31 India Standard Time,mohammedift,@hussain2577 @sameerdys @zeeshan_iyc @msisodia Talk to any Gurdwara Prabandhak they have started a new covid centre in Delhi with oxygen beds,en,0,0,0
25,2021-05-05 05:20:57 India Standard Time,itsmesmsai,"@Ferg @PlayCODMobile Just a shoutout As the covid 2nd wave has hit India hard, Parker is doing a charity stream this Thursday, where all the donations and everything will be given to the Charities in India helping with Covid, Make sure to join.",en,0,0,10
27,2021-05-05 05:19:16 India Standard Time,itsmesmsai,"@GEMINI_Ios @yanriquewright @KvleofficialYT @Nevvado1 @TrzanGaming Just a shoutout As the covid 2nd wave has hit India hard, Parker is doing a charity stream this Thursday, where all the donations and everything will be given to the Charities in India helping with Covid, Make sure to join.",en,1,0,2
28,2021-05-05 05:17:26 India Standard Time,ashishj38380310,"Urgently required a ventilator  Please help  Patient's Name- shobha rani Age- 63 CT Score- 18 SpO2- 82 Admitted in Ward- Covid,  CK Birla  7742034049 (Amit Jain)  7737836635 (Lucky)  @DrSatishPoonia #BJYMCaresrajasthan @jethanandani14 @RamcharanBohra @HimanshuSBJYM  https://t.co/zc8H8qNcvN",en,0,0,2
29,2021-05-05 05:16:49 India Standard Time,salilcaravan,"Yesterday my mom with her mom and dad in their 80's took their 2nd dose of Covishield, this gave me some sort of relief. Best thing is that their samples were taken for COVID test before being vaccinated. @DumkaDc thanks for making it easier the report will give some more relief.",en,0,0,1
30,2021-05-05 05:15:24 India Standard Time,saifurrehman841,@PakPMO @PTIofficial @ImranKhanPTI As a PTI Worker I have few Questions in My Mind! How can We Form Riyasat-e-Madina by having dual behaviour towards its People ? Covid-19 SOP's are Different for Different People's ? Bribe is Still in Our Country ? No Check and Balance ? What We Reply to people who ask from Us?,en,0,0,0
33,2021-05-05 05:08:17 India Standard Time,aryan75569168,"@hussain_imtiyaz Asalam Alikum Sir, here at several places(ANG)people complaint of covid patients are moving outside without any hesitation and nobody is taking care of these things. Esp'lly at far off village's like Sallar Wallarhama etc, Sir u majesty must inform police or concerned tehsildar..",en,0,0,0
34,2021-05-05 05:06:05 India Standard Time,javedtareen_1,Why this hypocrisy of govt forcing public to follow SOP's by avoiding gatherings and on the other hand govt itself facilitates the spread of virus by such notifications for providing security to a gathering which should have not been allowed for causing the spread of Covid?  https://t.co/mSe1QbuHdw,en,1,3,6
45,2021-05-07 05:16:41 India Standard Time,ajeetcareer,"@UPGovt @myogiadityanath UP is full of media coverage and eye wash,I AM trying on COVID control number for help it has been 2 days no response. Only eyewash.pathatic  ..laash ki rajneeti. 8800908729",en,0,0,0
46,2021-05-07 05:14:21 India Standard Time,bkmandal143,"@HemantSorenJMM Jharkhand -  Total covid cases 2,63,115 Total deaths 3,346 5,770  cases &amp; 141deaths in 24 hours   And see his arrogance &amp; shameful attitude !",en,0,2,0
49,2021-05-07 05:12:51 India Standard Time,ramanjagraon,"@capt_amarinder @CsPunjab not lockdown, may be lock up, be the solution against covid spread... Indisciplined living not obeying government advisories of masking properly in public spaces are the real cause of spread... Focus on proper masking and hand washes must happen....",en,2,0,0
55,2021-05-07 05:03:11 India Standard Time,binodkumar999,@narendramodi #Modi_super_spreader of  #Covid_conspiracy.  world media Why Modi said #New_world_order ? to reduce population What is #Depopulation_Agenda of @BillGates ? Who was in regular touch with China ? Who is Chinese agent ? Elections and Sahi snan because Modi #ModiResign  https://t.co/gUcJG657DV,en,0,0,1
59,2021-05-07 04:48:57 India Standard Time,drwaheedmiraj,COVID vaccination benefits explained by Tom and Jerry.  https://t.co/lalFAtQHkx,en,1,2,4
62,2021-05-09 05:24:26 India Standard Time,scchabba,"@shahid_siddiqui Even if what Mr Pai says is assumed to be correct, mishandling of covid second wave shall push India into a catastrophic downslide pushing much more people into poverty. Never before, I thought that political leadership could cause that much damage as I thought bureaucracy works",en,0,0,1
63,2021-05-09 05:23:52 India Standard Time,veedeesarma,@shahid_siddiqui @TVMohandasPai and bjp lapdog media @TimesNow are trying to salvage Modi‚Äôs image when every day thousands are dying due to his mismanagement of COVId . Modi has lot of blood on his hands.,en,0,0,0
68,2021-05-09 05:06:31 India Standard Time,faridashaikh2,"@NehaDhupia @srinivasiyc @Imangadbedi Waise thank u Rahul for telling last year about Tsunami covid, for advising to bring vaccination from abroad. We r unfortunate to have people around who takes everything as a joke.",en,0,0,0
75,2021-05-09 04:49:12 India Standard Time,nazia_azim,@duggu_tweets Vaccinated people can‚Äôt because their antibodies are not created naturally as the Covid recovered person.,en,0,0,0
82,2021-05-11 05:20:45 India Standard Time,anilparashar21,Jhooth bolte sharam nahi aati @ArvindKejriwal @msisodia @kgahlot @GulabMatiala @JoonBhupinder Raise your voice it counts to expose responsible for inefficient handling of covid.@DwarkaResidents @dwarkaforum @DwarkaRWF @ravijaitley1 @AnilNayal4 @sushilkmr346 @Bhagwan61799053,en,1,0,1
84,2021-05-11 05:17:45 India Standard Time,amateurcitizen,"@aparnasridhar7 Same situation with Delhi NCR house helps. No convincing or incentives work. Considering to make it mandatory in society, take it or find work elsewhere. Challenge is that society members itself too scared of this move. #COVIDSecondWave #vaccinate #vaccine #COVID",en,0,0,1
87,2021-05-11 05:14:41 India Standard Time,15_yemen_road,@indianrailway__ @DelhiRail @JharkhandRail People are travelling in helplessness in this difficult time while this train 02815 from Puri to ANVT has it's toilets extremely dirty. Flushes are not working. Is this how you are taking Covid's measures during travelling? Disappointed,en,1,0,1
94,2021-05-11 04:54:56 India Standard Time,drmuhammadsoha4,@PakPMO No gloves no proper sops U @imrankhan PM of Pakistan have any idea about virologist it just @Photoshoot_Mag by using  @CoronaVid19,en,0,0,1
102,2021-05-13 05:20:29 India Standard Time,manucho00322227,Today celebrate at world nurse day in night covid warrior's duty . You don't to give ap in back at home no to garden Wolk but also given home ex in family to enjoy .but other people to not given other people.. say save to home please not out to home . You save to full family save  https://t.co/uPxsQLU2H9,en,0,0,0
103,2021-05-13 05:20:19 India Standard Time,sipgrab,"Waiving patents for Covid vaccines won't solve the 'need of the hour,' says Indian drugmaker  https://t.co/iELXm6441z #Nifty #Sipgrab #UnitingPeopleWithThePossibilities",en,0,0,0
115,2021-05-13 04:44:34 India Standard Time,ushfac,#Maldives bans travel from South Asia as COVID cases soar | Coronavirus pandemic News | Al Jazeera  https://t.co/UgW5lN0Wcm via @AJEnglish,en,0,0,2
135,2021-05-15 04:19:46 India Standard Time,vramankumar,@AmitShah Happy Akashya Thrithya to all Indians to bring Prosperity and Happiness and I Pray to Godess Dhairya Lakshmi shower blessings on us to follow Strict Covid Protocol and unite us to fight the Pandemic situation effectively üôè‚ù§Ô∏è,en,0,0,0
137,2021-05-15 04:16:16 India Standard Time,vramankumar,"@PiyushGoyal I salute to Our Honourable Union Minister for Railways Shri Piyush Goyal Ji and # Oxygen Express to Nellore, Andhra Pradesh has started its journey from Durgapur with Oxygen for Covid Patients üôè # India Fights Corona üôè",en,0,0,1
139,2021-05-15 03:50:52 India Standard Time,vramankumar,"@PrakashJavdekar Overhelmed to know about that Our Central Government will supply 1 Crore 92 Lakh of # Covid Vaccines to State and UTs, Free of Cost during the Fortnight of 16 May - 31 st May 2021.üôè # India Fights Corona üôè # Vaccine shot se Suraksha hai üôè",en,0,0,0
149,2021-05-15 03:04:19 India Standard Time,faroquiatif,"@OfficeOfDKV @DrKumarVishwas   URGENT!! 1. Patient Name : Abeer 2. Age : 35 3. Area : Delhi 4. Symptoms :cough, breathing problem 5. SPO2 : 80% 6. Request: Plasma Ab + 7. Covid Result :+ve 8. Attender Mobile No : Adnan (HUSBAND +91 95607 62727,) Atif (Brother +91-98181 23281)",en,2,0,0
151,2021-05-15 02:50:38 India Standard Time,gtrinadh421,"""Peak of India‚Äôs Covid-19 second wave in sight, but end may still be far away""   https://t.co/ihfCZ2dUwe",en,0,0,0
155,2021-05-15 02:39:34 India Standard Time,rohailbme,@murtazawahab1 @Anny_Marri Hahaha sir she again wants to take Tamga-Ilimiyaat as she got earlier regarding Covid-19‚Äôs Points ü§£ü§£,en,0,0,0
157,2021-05-15 02:28:18 India Standard Time,krishna83522799,@drmgtl @drmubl @PiyushGoyal @PiyushGoyalOffc @IndiaRailway @IRCTCofficial @GMSWR train 06205 yeshwantpur to Ajmer wait rejan 2.31 houre late running time Covid time full clear track,en,3,0,2
161,2021-05-15 02:15:00 India Standard Time,syedsaifadmin,"Late Night Video Of Delivering Oxygen Cylinder @aimim_national President @asadowaisi sahab's #COVID19 Helpline &amp; Oxygen Bank for people affected by COVID-19,which is organised by Majlis Charity Educational &amp; Relief Trust  delivering Oxygen Cylinders to patients at their doorstep.  https://t.co/eD8cWLY9C4",en,0,5,7
164,2021-05-15 02:09:11 India Standard Time,jolly53854851,"@DC_Ranchi dear sir my father is bed ridden cancer  https://t.co/5sShOrCtpS his report is covid positive.oxygen saturation is 75 ,to 95 spo2 Please arrange one icu bed for my father in ranchi",en,5,6,6
165,2021-05-15 02:08:36 India Standard Time,khalsaaid_india,"Wow! @Khalsa_Aid are delighted &amp; humbled to have received a generous, six-figure donation from @jk_rowling  charitable trust,The Volant Charitable Trust ( https://t.co/LInYinLr7K) for our Covid Relief work in India.  We are humbled by the support for our humanitarian work. #COVID  https://t.co/esubj3Irgc",en,11,107,995
188,2021-05-17 04:36:39 India Standard Time,vivgne,@MeghUpdates @__avadhoot__ So the people have woken up. When the recovery rates for COVID is above 99% why should we believe in GMO wax whose efficacy is 80% @IknIhcas0,en,0,0,0
190,2021-05-17 04:29:09 India Standard Time,rabindra_rockey,@SonuSood  Hello Sir  My Father &amp; Mother is covid positive since 29 April 2021. Now both are little fine. Already crossed 19 days they are at home isolation but I tested a CT Scan Please suggest me for  better treatment. I am panic  https://t.co/xVHm9zmyij,en,0,0,0
195,2021-05-19 05:24:02 India Standard Time,vramankumar,"@narendramodi 1/2 Our District Officials should also focus on Black Marketing and Share the idea's from the nearest District where Covid wave was highest rate and got Flatten. Containment Zones, Testing and Tracking and should create Positive Vibes in  society giving them solidarity and Hope.",en,0,0,0
208,2021-05-19 04:35:09 India Standard Time,ashok56420083,@TVMohandasPai Why bother about Israel when our nation itself is in tatters because of the pandemic. Israel is a first world country and knows how to fight it's battles just like how they ended Covid .,en,0,0,0
209,2021-05-19 04:29:08 India Standard Time,breadsteek,my guy doesnt want covid hes wearing 2 masks,en,0,0,0
216,2021-05-19 03:42:51 India Standard Time,manaliroy16,"While Mummaa is half the way down battling COVID-19, daughter finally takes her comfortable place for the nap, her Mumma's lap.  #midnight #myprincess #motherdaughter #fightingcovid19 #lhasaapso #india #kolkata #toughtimes #2021  https://t.co/YBlAVIkoEu",en,0,0,0
223,2021-05-19 03:01:05 India Standard Time,sipgrab,The Wall Street Journal: ‚ÄòThis has become the inequality virus‚Äô ‚Äî COVID-19‚Äôs next challenge is the growing divide between rich and poor economies  https://t.co/R7780vDlQ5 #Nifty #Sipgrab #UnitingPeopleWithThePossibilities,en,0,0,0
225,2021-05-19 02:47:07 India Standard Time,sipgrab,Top FDA official says fully vaccinated people could need Covid booster shots within a year  https://t.co/5HeH4XoKEa #Nifty #Sipgrab #UnitingPeopleWithThePossibilities,en,0,0,0
226,2021-05-19 02:38:49 India Standard Time,showkatchodhary,"Amid Covid lockdown tribal Children by following covid-19 protocals,playing Cricket on road Side at Zampathri a tribal Village of @shopiankmr ,It very unfortunate that there is not a single play ground in tribal villages of Shopian. @listenshahid sir,  @HansrajMeena @justcsachin  https://t.co/DgaAMVLdZL",en,1,8,33
229,2021-05-19 02:30:59 India Standard Time,kabirnaath,Only 10days working how can we arrange our experience there is no 100‚Çπ discount on rents or EMIs @TelanganaCMO @TV9Telugu @TeenmarMallanna @trsCMkcr @trspartyonline @KTRTRS #NoMoreLockdowns #nomoney  Not only Covid commitments stress also taking our life‚Äôs üòû,en,0,0,1
237,2021-05-20 05:07:28 India Standard Time,easinsany,"@TawakkalnaApp   COVID-19 vaccine First vaccination dose on date 2021/03/18 at 11:30 PM   Second vaccination dose on date 2021/06/08 at 07:45 PM   But don't show immune,,, please help me,,,",en,1,0,0
249,2021-05-20 04:37:35 India Standard Time,seewithsound,What an honor for us to have Prof Maurizio Cecconi give the keynote address at WINFOCUS World Congress 2021. Don‚Äôt miss his important message reflecting on COVID-19. Register at  https://t.co/dW0nKO1tf6 Free for members of almost 100 societies and academic institutions.  https://t.co/xjyPR0uPn6,en,0,2,2
259,2021-05-22 04:50:35 India Standard Time,_rodahidup,Anglo-Chinese School (Junior) student is first case of school-based COVID-19 transmission: MOE   https://t.co/T3DGasp9LA,en,0,0,0
262,2021-05-22 04:26:31 India Standard Time,snr238,Covid 19 vaccinaton by public sector institutions are not intmating over 60 years persons about 2nd doze even after lapse of more than 30 days,en,0,0,1
282,2021-05-26 04:18:29 India Standard Time,bindhum00523163,@KTRTRS sir both my daughter snd son are suffering due to covid please arrange me anandaiah ayurveda medicine from nellore,en,0,0,0
284,2021-05-26 03:59:30 India Standard Time,tholiya,"Dear Uddhvaji, pl see Government of Rajasthan has already capped the rates of pathological tests for covid and Mercomycosis patients. But . @uddhavthackeray @AUThackeray  @CMOMaharashtra @PreetiSMenon   https://t.co/2WzaBhD0pS",en,1,0,1
287,2021-05-26 03:24:33 India Standard Time,sipgrab,Nearly half of COVID-19 patients left hospital in worse physical condition  https://t.co/CvyeWFafga #Nifty #sipgrab,en,0,0,0
288,2021-05-26 03:09:33 India Standard Time,ajaymohanaiims,"The Madras High Court has fined Patanjali ‚Çπ1,000,000 for making false claims about the drug. Patanjali has withdrawn the claim of Coronil being a cure for Covid-19. The UK drug regulator has threatened action, if unauthorized products were sold in the UK market",en,1,1,1
292,2021-05-27 05:17:58 India Standard Time,mejoginderjain,Relationships last longer when nobody knows your buisness.üëªü•∞ . . . #evening #eveningvibes #goodvibes  #sunsettimeüåÖ #cars #swag #covid_19 #lockdown #staysafe #stayhealthy #bepositive ‚úåÔ∏è @ Jind Ale Kh Deya Kre  https://t.co/ZDFZSHG8TA,en,0,0,1
310,2021-05-27 03:02:47 India Standard Time,gizlikatip,"Why are the prayer rooms closed @qatarairways !!! Very big mistake, in ƒ∞stanbul they are still open, pls dont say pandemic (covid) very very bad situation",en,1,18,89
315,2021-05-29 05:08:42 India Standard Time,suraj7688,"No Compromise providing Oxygen cylinders for the needy and on emergency only, to address the ongoing shortage of oxygen cylinder across Mumbai.   Know us more -   Facebook -  https://t.co/n4njGm4Xg8  Instagram -   https://t.co/JPyvfZ6Qv5  #infection #covid #virus #coronavirus  https://t.co/dTwWj8rd2J",en,0,0,0
321,2021-05-29 04:44:03 India Standard Time,dwarikanautiya1,"@News18India @SupriyaShrinate @AMISHDEVGAN Bad vaccine management has resulted in covid spreading , lockdown n 4000 deaths everyday day n converting young india to sick india by year end !!!!",en,0,0,0
325,2021-05-29 04:20:34 India Standard Time,pradeepkalekar3,"Uddhavji, for unlock in MH: 1. Keep essentials 8am~8pm 2. General shops cloth, stationary , photo studios, jewellery 9am~6pm  3. Bars , restaurants10am~9.30pm 4. Banks ,finance institutions, govt offices @ regular timings.  5. Night curfew 11pm ~5am 6. + Covid protocols",en,0,0,0
328,2021-05-29 03:38:51 India Standard Time,imbsahil,"You are right !!@RahulGandhi Govt. have to give transparency about death rate, cases, vaccination, recovery rate, also medical supplies.  So that we win this war otherwise, their is 3rd, 4th, 5th,. ...,, wave will comes and no one can stop it ...  #COVID",en,0,0,1
334,2021-05-29 03:03:11 India Standard Time,mudithastir,@Shwkothari @Chaiti @tehseenp @PoojaB1972 Shweta glad your mother is back home and wish her Speediest post Covid recovery as well.  We have to thank @Twitter as well.  Played a crucial role in amplifying the üÜò calls.,en,0,0,2
339,2021-05-29 02:30:54 India Standard Time,shekardikkala,Thousands Gather in AP to Have Ayurveda 'COVID Cure‚Äô | The Quint  https://t.co/RJjo3EtUUJ via @YouTube #whenwillthegovernmentact,en,0,0,0
340,2021-05-29 02:30:01 India Standard Time,vishal2327,@DrGodseRavi1 Question: We visited India in March with family and then got stuck here and due to visa issues won‚Äôt be traveling to US in 30 days or so. We got mild covid infection and then recovered ( wife and 2 kids). Wife has antibody &gt;5  (IGG) but I have 0.8.,en,1,0,0
341,2021-05-29 02:22:04 India Standard Time,temptempholder,Not cancer. Not gotten covid. Not cannot breathe. Not being stepped by police in America and cannot breathed or other serious..  Just interesting from my pov. About serependiity. Or lack of serenpendity.   It is what it is. 29 may 2021.  Now on highway in taxi home soon,en,1,0,0
346,2021-05-29 01:58:32 India Standard Time,sidhant,Kenya sends assistance to India amid the covid crisis. Offical note by Kenya's high commission:  https://t.co/3OJpTyncmf,en,75,321,2002
348,2021-05-29 01:54:23 India Standard Time,amaresh_sinha,"India has now controlled the covid pandemic of the 2nd wave. Thanks to the authorities. @narendramodi, @HemantSorenJMM, @AmitShah, @rajnathsingh, @DrRameshwarOra1, @MithileshJMM",en,0,0,0
350,2021-05-29 01:51:41 India Standard Time,aruncps34,#Chennai Street Level COVID Impact:  Update 28May'21: - graphs refreshed - by zone: refer image     - 7dma üìâüôÇüòÉ - by area:   https://t.co/XhWIpGcqGH  src: @chennaicorp 24-May'21-data not uploaded.  #RStats #COVIDSecondWaveInIndia #ChennaiLockDown #TNLockdown  https://t.co/Asd2Nsjqh6,en,0,1,0
354,2021-05-29 01:36:48 India Standard Time,chefkiranjoshi1,Do you want to cover your covid loss and make your business more profitable then we are here to assist you... Get in touch with us for more details  https://t.co/mNXH3N8aIY,en,0,0,0
363,2021-05-31 05:25:34 India Standard Time,rushmeentweets,Thankyou COVID  https://t.co/fn98sLQldy,en,1,0,5
367,2021-05-31 05:11:48 India Standard Time,cikumira1,@Ji_Bari @amandanzli @KKMPutrajaya Are U an anti vax or u actually thinking covid an hoax? üòè,en,0,0,0
369,2021-05-31 05:05:48 India Standard Time,dnlzrf,Please stay safe guys‚Ä¶covid tak kenal umur,en,0,0,0
370,2021-05-31 05:01:17 India Standard Time,zeeshanaitc,#cancelboardexam Don't trigger the Covid-19 infections. It's my request to all the state governments &amp; the central government to think about the lives of the students! Lives are more important than exams. Thank you @ShashiTharoor for your voice. @PMOIndia @AdvMamtaSharma  https://t.co/5ViRqheeKw,en,0,0,4
375,2021-05-31 04:39:14 India Standard Time,vramankumar,"@PIB_India @PrakashJavdekar @MIB_India @MoHFW_INDIA @MSJEGOI @DDNewslive @DDIndialive @airnewsalerts @COVIDNewsByMIB The Government of India asks all News Channels to.promote Four Helpline numbers and Further creating awareness on Covid Treatment Protocol, Covid Apporiorate Behaviour and Vaccination. # India Fights Corona #Unite 2 Fight Corona üôè",en,0,0,1
378,2021-05-31 04:27:22 India Standard Time,raahat25236487,@SunilKu53142694 @JBiswal @soumyajitt Is ego important or COVID n cyclone relief to people important. They want to destroy Mamata as some objective. Vendetta cannot be supported. Slowly they will corner her thru media n IAS lobby,en,0,0,0
380,2021-05-31 04:24:12 India Standard Time,malinibasu_,"Seeing these faces made my‚ù§Ô∏èmelt.   Millions of migrant workers can‚Äôt afford to get to the hospital in India,&amp; the # of COVID cases are still ‚¨ÜÔ∏è.  @DaltonDivakaran @tarun_kappala /Dallas purchased an ambulance, &amp; they‚Äôre on the ground helping.    https://t.co/EXbeOjaphK  @wfaa  https://t.co/HhrluWcQf9",en,3,5,20
2,2021-05-02 05:26:18 India Standard Time,mikailazam,"@FirhadHakim Please take a look at us.Many of us are dying in Corona as Corona is growing day by day.Please don't be so ruthless.Please be kind to us, many of my classmates are Corona positive.They can't read yet,we can't read either.Please be kind to us #cancel12thboardexams2021",en,0,1,4
4,2021-05-02 05:20:28 India Standard Time,azmalha63459458,@AMISHDEVGAN #corona spreaded by PM MODI üëáüëáüëáüëáüëáüëáüëáüëá  https://t.co/kBmxz6G9HR,en,0,0,0
5,2021-05-02 05:19:26 India Standard Time,mikailazam,"@abplivenews Please take a look at us.Many of us are dying in Corona as Corona is growing day by day.Please don't be so ruthless.Please be kind to us, many of my classmates are Corona positive.They can't read yet,we can't read either.Please be kind to us #cancel12thboardexams2021",en,0,2,4
9,2021-05-02 05:09:35 India Standard Time,mikailazam,"@htTweets Please take a look at us.Many of us are dying in Corona as Corona is growing day by day.Please don't be so ruthless.Please be kind to us, many of my classmates are Corona positive.They can't read yet, we can't read either.Please be kind to us #cancel12thboardexams2021",en,0,1,2
11,2021-05-02 05:05:56 India Standard Time,acharyaseenu,Paternal aunt of Prime Minister of India Narendra Modi was admitted in a Government Hospital for Corona Treatment where she succumbed. This showcases the difference between Modi &amp; all other politicians of India ( including from BJP too) So Modiji ( A true sannyasi) is Unique.,en,0,0,0
18,2021-05-02 04:02:02 India Standard Time,er_irshadinc,#RaaJNeeti walo Sudhar jawo.  #Warna mitt jawo ghay smitt jawo ghay.  #Tumhara naam takh na rahia gaa Dastanu mai.   Corona is a pandemic But now we are witnessing politics is indulged in this. #JusticeForShahabuddin  Time to prayer from and forgiveness of our sins not murdering.,en,0,0,4
19,2021-05-02 03:56:38 India Standard Time,fahimakram92,"When no one is allowed to meet in jail, how did former MP Mohammad Shahabuddin become corona positive inside the jail ?   #JusticeForShahabuddin",en,0,0,0
25,2021-05-02 03:18:13 India Standard Time,abdultoufique65,#cancel12thboardexams2021 Save studentsa No exam in Corona situation Cancel all 12th board xam We want justice Life is moree important then exam 1exam ke chalte mai Apna or Apni FAMILY ka life risk me nhi dhalunga  No xam (EXAM se dar nhi h CORONA se hai) @HemantSorenJMM üôèüôè,en,0,7,4
27,2021-05-03 04:53:47 India Standard Time,mehek786786,"@raoza9 @kashmir_watch @pathan_sumaya This is just the beauty of Islam, now Islamic country in Corona crisis! Rajab Tayyab Irdugan announced that people who help others no matter what happiness knocks at their door before all  https://t.co/43e3L99pUv  https://t.co/K6Ie0xeq5O",en,0,0,0
28,2021-05-03 04:52:42 India Standard Time,mehek786786,"@kashmir_watch @pathan_sumaya This is just the beauty of Islam, now Islamic country in Corona crisis! Rajab Tayyab Irdugan announced that people who help others no matter what happiness knocks at their door before all  https://t.co/43e3L99pUv",en,0,0,0
29,2021-05-03 04:51:55 India Standard Time,salmanchand779,Two pic two stories. In first pic thousand of people are on road but they are not spreading corona. as they are corona proof. In sec pic a single ind. is sitting in corner of mosque alone is spreading corona . Wah wah. #ÿßÿπÿ™⁄©ÿßŸÅ_Ÿæÿ±Ÿæÿßÿ®ŸÜÿØ€å_ŸÜÿßŸÖŸÜÿ∏Ÿàÿ± #ÿßÿπÿ™⁄©ÿßŸÅ_Ÿæÿ±Ÿæÿßÿ®ŸÜÿØ€å_ŸÜÿßŸÖŸÜÿ∏Ÿàÿ±  https://t.co/u2OQ9lxdBf,en,0,3,0
30,2021-05-03 04:47:44 India Standard Time,fearles313,The present Indian situation is not less than a bollywood movie. where people are sentencing to deaths massively due to corona wave2 on the other side people are loosing life by Burning of ICU's into ashes at different states. What can we do Think &amp;act wisely @WHO @MWLOrg_en,en,0,0,2
33,2021-05-04 05:02:15 India Standard Time,sj98105,"Death due to corona is unfortunate, But death due to shortage of oxygen us a crime, and this crime is committed by Indian govt. shame on modi. #YogiJhootaHai #ResignPMmodi #ResignHarshvardhan #ModiMadeDisaster #ModiKaVaccineJumla #OxygenCrisis #ExitModi #IndiansDyingModiEnjoying",en,0,0,0
34,2021-05-04 05:01:07 India Standard Time,vasim_5472,"Hi All,  I had made a small video for Mumbai City to overcome CORONA &amp; How to Vaccinate Mumbaikar on Electoral Model. Please see the video below.   https://t.co/U9eAN47Go8  @mybmcWardPN @mybmc @KishoriPednekar @AUThackeray @AslamShaikh_MLA @CMOMaharashtra @ShoebMustafa",en,1,1,4
43,2021-05-04 04:08:24 India Standard Time,er_rabbani91,"Since when BJP came, every SINGLE day of common man is jst PANDEMIC whether its  üëâDemonetization üëâGST üëâPulvama Attack üëâChina Attack üëâCorona üëâLockdown üëâ3 Black Farmer Laws üëâOxygen Crisis  ‡§∏‡•ã‡§§‡•Ä ‡§∏‡§∞‡§ï‡§æ‡§∞ BJP kept sleeping behind the SAFFRON BLANKETü§í  #‡§®‡•Ä‡§Ç‡§¶_‡§∏‡•á_‡§ú‡§æ‡§ó‡•ã_‡§Ö‡§Æ‡§ø‡§§_‡§∂‡§æ‡§π_‡§ú‡•Ä",en,0,0,0
44,2021-05-04 04:02:59 India Standard Time,uccahisrava,Good Day..  #so u knw. ..fr the Neowise kick..We never needed corona team.. Fr jealousy perfection... we already did it.. Was our argument...  #Well the Evils never listened... And wanted to escape the scams and frauds like that and got caught deeper,en,0,0,0
45,2021-05-04 03:59:01 India Standard Time,hasanbinalijai1,".@DrSanjivKumar : Dr Sahab Corona vires hai ,to gher per oxygen lagva ker , dexamethasone,derifellinl , erothromysen lane se mariz thik hota hai , hospital may kau marrahe hai , Russia ,AUR Italy may p.m may pata chale 5 G ke radiation se body may blood clot is the reason of covd",en,0,0,0
46,2021-05-04 03:41:32 India Standard Time,officialakshay7,"The prevalence of corona is increasing. They do not see the condition of the patients due to lack of oxygen. The situation is very frightening. Take care friends. Doctors, medical staff work all day wearing PPE kits. All you have to do is use a mask. That much is possible.(1/1)",en,1,0,1
49,2021-05-04 03:29:14 India Standard Time,aishwarya1176,"@arivalayam @AITCofficial @INCIndia @ArvindKejriwal now where's Corona guidelines? @BJP4India ,we all with you  https://t.co/jqnJyTPAL4",en,1,0,1
50,2021-05-04 03:20:23 India Standard Time,062788de7ffa454,@axxo195 Corona restrictions k lift hony pe...sponsor kro,en,0,0,0
51,2021-05-04 03:15:58 India Standard Time,ifahimkhan,Is modi and his party serious about corona and citizens heath?  #Dharna #BengalViolence,en,0,0,0
54,2021-05-05 05:20:56 India Standard Time,khalidsaeedbut1,@Atmos_Air Very healthy report about transmission of corona virus.,en,0,0,0
55,2021-05-05 05:15:07 India Standard Time,vramankumar,@PrakashJavdekar I salute to Our Honourable Union Minister Shri Prakash Javedkar ji for sharing Facts related to the Doses of Covishield and Covaxin ordered by GOI üôè # India Fights Corona üôè‚ù§Ô∏è,en,0,0,0
57,2021-05-05 05:03:28 India Standard Time,rajendr38817201,"Cji Ngt have no order stay project, centeril visit New building of PMo,now what's can do it, United Nations called on matter,20th lak cr found misused power,of pm,bad manner intation,on Corona pandmic vaxinefree ventilater oxygen bead,cji no so motiv action on matter,Ngt bogas so  https://t.co/d2DGsDputT",en,0,1,1
59,2021-05-05 04:52:08 India Standard Time,drgovindshrgma1,Although Ashok Gahlot govt is doing great service but public enlarges should perform its duties by adapting Corona guidelines,en,0,0,1
62,2021-05-05 04:44:37 India Standard Time,vramankumar,@narendramodi I salute to Our Honourable PM Modiji for taking series of Descions that will increase the availability of Medical Personnel to strengthen the fight against Covid pandemic üôè # India Fights Corona üôè,en,0,0,1
63,2021-05-05 04:38:55 India Standard Time,neerog,@DrSarahAlam Good News Discharged-More Infected-Less Beat Corona Beat Follow Expert‚Äòs Advice Awake #lucknow #UttarPradesh Awake ‡§π‡§Æ‡§æ‡§∞‡§æ-‡§∏‡§Ç‡§ï‡§≤‡•ç‡§™ ‡§Æ‡§ß‡•Å‡§Æ‡•á‡§π-‡§π‡•É‡§¶‡§Ø ‡§∞‡•ã‡§ó(NCDs) ‡§Æ‡•Å‡§ï‡•ç‡§§ ‡§≤‡§ñ‡§®‡§ä ‡§®‡§ó‡§∞ Free BP &amp; Sugar Camp In Your Park-After Corona-2 Control  https://t.co/DcqYbU2oeI  https://t.co/uYMzPdKxPn,en,0,0,0
64,2021-05-05 04:38:47 India Standard Time,neerog,@ShankaranJyothi @baxirahul @HaryaxPathak Good News Discharged-More Infected-Less Beat Corona Beat Follow Expert‚Äòs Advice Awake #lucknow #UttarPradesh Awake ‡§π‡§Æ‡§æ‡§∞‡§æ-‡§∏‡§Ç‡§ï‡§≤‡•ç‡§™ ‡§Æ‡§ß‡•Å‡§Æ‡•á‡§π-‡§π‡•É‡§¶‡§Ø ‡§∞‡•ã‡§ó(NCDs) ‡§Æ‡•Å‡§ï‡•ç‡§§ ‡§≤‡§ñ‡§®‡§ä ‡§®‡§ó‡§∞ Free BP &amp; Sugar Camp In Your Park-After Corona-2 Control  https://t.co/DcqYbU2oeI  https://t.co/uYMzPdKxPn,en,0,0,0
68,2021-05-05 04:38:04 India Standard Time,neerog,@Cell_Metabolism Good News Discharged-More Infected-Less Beat Corona Beat Follow Expert‚Äòs Advice Awake #lucknow #UttarPradesh Awake ‡§π‡§Æ‡§æ‡§∞‡§æ-‡§∏‡§Ç‡§ï‡§≤‡•ç‡§™ ‡§Æ‡§ß‡•Å‡§Æ‡•á‡§π-‡§π‡•É‡§¶‡§Ø ‡§∞‡•ã‡§ó(NCDs) ‡§Æ‡•Å‡§ï‡•ç‡§§ ‡§≤‡§ñ‡§®‡§ä ‡§®‡§ó‡§∞ Free BP &amp; Sugar Camp In Your Park-After Corona-2 Control  https://t.co/DcqYbU2oeI  https://t.co/uYMzPdKxPn,en,0,0,0
69,2021-05-05 04:37:47 India Standard Time,neerog,@karthik2k2 Good News Discharged-More Infected-Less Beat Corona Beat Follow Expert‚Äòs Advice Awake #lucknow #UttarPradesh Awake ‡§π‡§Æ‡§æ‡§∞‡§æ-‡§∏‡§Ç‡§ï‡§≤‡•ç‡§™ ‡§Æ‡§ß‡•Å‡§Æ‡•á‡§π-‡§π‡•É‡§¶‡§Ø ‡§∞‡•ã‡§ó(NCDs) ‡§Æ‡•Å‡§ï‡•ç‡§§ ‡§≤‡§ñ‡§®‡§ä ‡§®‡§ó‡§∞ Free BP &amp; Sugar Camp In Your Park-After Corona-2 Control  https://t.co/DcqYbU2oeI  https://t.co/uYMzPdKxPn,en,0,0,0
72,2021-05-06 05:22:59 India Standard Time,mohammed_king_9,"PLZZZZ FOLLOW THIS RULES AND SAFE OUR INDIA FROM THIS BLOODY CORONA @ Bangalore, India  https://t.co/XrZgJVkAyq",en,0,0,0
77,2021-05-06 05:04:21 India Standard Time,satishmenezes,Note #DressCode #CoronaVaccine #CoronaWarriors  While Going To Take the Covid Vaccine at Center  Man -Wear TSHIRT OR SHORT Sleeves SHIRT   Girls/Woman -Wear Short Sleeves / Sleeves Less With Dupata /T-Shirt   To Save Time of Yours &amp; Corona Warriors  &amp; Others Standing in Queue,en,0,0,2
78,2021-05-06 05:01:29 India Standard Time,sushila59304848,Online yoga is best sefty and health both in corona time  https://t.co/NFes5Gdz1t,en,0,1,1
80,2021-05-06 04:39:12 India Standard Time,neerog,@WHO @DrTedros Beat Corona Beat Mixopathy MBBS MD DM PhD BAMS BHMS BUMS ND  All Experts Advising No Medicine Yog Diet &amp; Boost Immunity  Net- Yog Diet &amp; Boost Immunity Except Emergency Mask Distancing Washing Vaccination  https://t.co/DcqYbU2oeI  https://t.co/qANm2sQ1Ek,en,0,0,0
82,2021-05-06 04:33:42 India Standard Time,neerog,@Nidhi_Pandey07 Beat Corona Beat Mixopathy MBBS MD DM PhD BAMS BHMS BUMS ND  All Experts Advising No Medicine Yog Diet &amp; Boost Immunity  Net- Yog Diet &amp; Boost Immunity Except Emergency Mask Distancing Washing Vaccination  https://t.co/DcqYbU2oeI  https://t.co/qANm2sQ1Ek,en,0,0,0
84,2021-05-06 04:32:08 India Standard Time,neerog,@Sarkaridoctor12 @CentralMARD_MH Beat Corona Beat Mixopathy MBBS MD DM PhD BAMS BHMS BUMS ND  All Experts Advising No Medicine Yog Diet &amp; Boost Immunity  Net- Yog Diet &amp; Boost Immunity Except Emergency Mask Distancing Washing Vaccination  https://t.co/DcqYbU2oeI  https://t.co/qANm2sQ1Ek,en,0,0,0
85,2021-05-06 04:31:10 India Standard Time,neerog,@srcastic_kiara Beat Corona Beat Mixopathy MBBS MD DM PhD BAMS BHMS BUMS ND  All Experts Advising No Medicine Yog Diet &amp; Boost Immunity  Net- Yog Diet &amp; Boost Immunity Except Emergency Mask Distancing Washing Vaccination  https://t.co/DcqYbU2oeI  https://t.co/qANm2sQ1Ek,en,0,0,0
87,2021-05-06 04:29:40 India Standard Time,neerog,@iamEnayat_ @plasmid329 Beat Corona Beat Mixopathy MBBS MD DM PhD BAMS BHMS BUMS ND  All Experts Advising No Medicine Yog Diet &amp; Boost Immunity  Net- Yog Diet &amp; Boost Immunity Except Emergency Mask Distancing Washing Vaccination  https://t.co/DcqYbU2oeI  https://t.co/qANm2sQ1Ek,en,0,0,0
88,2021-05-06 04:28:51 India Standard Time,neerog,@DrAnuragGuptaa Beat Corona Beat Mixopathy MBBS MD DM PhD BAMS BHMS BUMS ND  All Experts Advising No Medicine Yog Diet &amp; Boost Immunity  Net- Yog Diet &amp; Boost Immunity Except Emergency Mask Distancing Washing Vaccination  https://t.co/DcqYbU2oeI  https://t.co/qANm2sQ1Ek,en,0,0,0
94,2021-05-07 05:06:50 India Standard Time,skjaherulmia143,"@MamataOfficial The farmer has been sitting on Delhi for 160 days today but Modi government is not visible Even the farmers who were standing in the Corona period, do not see Modi government One should have played over the BJP with respect to the farmer Get a chance hit six",en,0,0,0
98,2021-05-07 04:37:52 India Standard Time,chtazeemgujjar3,"The best gift you can give someone is your Duaü§≤ Plz pray this #Friday for the Peace,happiness&amp;brotherhood in This world &amp;for corona free world.  Intact each other in your duas,Include those who r suffering around the India Have a #BlessedFriday  #Jummahtulwida  #JummaMubarak  https://t.co/pPMbswEfpj",en,9,7,97
102,2021-05-07 03:34:21 India Standard Time,hasanbinalijai1,"Who is Tejesve suryae ,RSS dirty mind ,can't do anything for the people who voted him ,Muslims who were doing best to save life of our country in all means ,he is a dangerous vires than Corona , people of Bangalore is to think about this vires to finish first ,if not you suffer .",en,0,0,0
103,2021-05-07 03:27:52 India Standard Time,ataulkhan09,Day 14 On 06-05-2021 #AtaulSocialWorker &amp; Team Steps Out To Help Again During This Second Wave Of Corona Pandemic...!!!   Distribution Of Meals On-The-GoTo To Passengers That Are Leaving Mumbai At LTT (Lokmaniya Tilk Terminus) Mumbai In Association With Akshaya Patra Foundation.  https://t.co/Y2RQSgxGKB,en,1,0,1
104,2021-05-07 03:18:58 India Standard Time,harryhizbu,In this nonsense situation and in ruling of nonsense education ministers students have one way which is pray from Allah to save our life from corona as well as from these nonsense rulers  #ShafqatMahmood  #cancelboardexams2021  #CancelExamsSaveStudents  #JummaMubarak  https://t.co/Hh4VpcSZ2z,en,0,0,7
114,2021-05-07 01:55:33 India Standard Time,a_farqualeet,@ansar___shah @Shafqat_Mahmood Then what to do in this critical situation? Ek to tayari ni fail hona h Matric m 90+ percentage or fsc m fail hona  papers dy k corona sy mury gy Ya result ay ga to society k pressure sy  Achaa ni h k khud hi mur jao,en,0,0,2
115,2021-05-07 01:54:25 India Standard Time,_mirzaadnanbaig,@Marco_Acortes Mother fucker what happened who you know that corona virus it's coming and fuck off,en,0,0,1
120,2021-05-07 01:35:59 India Standard Time,shariq39127938,Hats off to the Corona Servers.,en,0,0,0
124,2021-05-07 01:28:49 India Standard Time,mustafa_sami91,In Pakistan all shopping malls remains open their lots of people gathered in huge amount there is no corona.  But @ImranKhanPTI you always said that overseas pakistanis are more important to us. I want to go pakistan in this Eid to celebrate with my family but 1/2,en,0,0,0
131,2021-05-08 05:16:25 India Standard Time,immadch,Sir you nailed it... Zero relief from this government to public since CORONA has started. Please raise this issue more. Your strong voice may help many,en,0,0,1
135,2021-05-08 04:57:40 India Standard Time,haroon43863784,May Allah destroy Israel before corona end. Aaaameeen #Israel #Palestine #PalestiniansLivesMatter #PalestinianLivesMatter #AlQudsDay #PalestineWillBeFree #Palestinians,en,0,0,1
137,2021-05-08 04:38:41 India Standard Time,guptaglass,"@monil2403  V well said  Here in #kharghar, there are atleast 2-3 thousands who come out daily for morning walk n jogging near #centralpark  health is on priority but its like a zombie thing, death is here on roads  The more you expose yourself, more chances of getting #corona",en,0,0,0
138,2021-05-08 04:28:26 India Standard Time,drsanamirza,God! Help our awam please. Corona is real Stop the spread Use mask,en,0,0,1
139,2021-05-08 04:24:46 India Standard Time,abdulaw63911237,"People are giving knowledge that plates and lightning candles Corona will not end or disappear. And they are protesting ""Rape"" by lightning Candles. Telling them How ""Rape"" Stops when candle are lit , Please inform.@CMOfficeAssam #justiceForDeepshikha #JusticeforSumilaRonghangpi  https://t.co/cdTZCcijhq",en,0,0,1
149,2021-05-10 05:23:46 India Standard Time,surajsh98358721,"@AshramKolkata ‚ñ™Ô∏èTwo people - one is minister, one is Hindu Saint ‚ñ™Ô∏èAccused under same POCSO Act ‚ñ™Ô∏èBoth contracted Corona  Minister was given bail. But 85 yr old saint is still suffering in jail.  And they say - ""Law is equal for all..."" SHAMEFUL !!  #ReleaseAsharamBapu  https://t.co/FekDLvTC7z",en,0,0,0
151,2021-05-10 05:16:43 India Standard Time,abdulha51371493,@hSHIGRI @OfficialNcoc @ImranKhanPTI Symptoms then you may have corona virus many many people who feels no symptoms but still positive for corona virus,en,1,0,0
155,2021-05-10 04:48:48 India Standard Time,samibaloch63,Spread of Corona viruses in #Balochistan is serious issue. People should stay at home during Eid vacations.,en,0,0,0
157,2021-05-10 04:46:15 India Standard Time,jayeshrambhia,@nsitharaman @ANI @PIB_India @PIBKolkata Reducing SCGT &amp; CGst to 1% for Corona vaccine &amp; all medications will reduce cost to consumers,en,0,0,0
161,2021-05-11 04:53:14 India Standard Time,5_n0on,"‚ñ™Ô∏è| Disaster of corona war and climate war will surely intensify . ,  Imam Mahdi Nasser Mohammad Al-Yemeni 21 - Ramadan - 1442 AH 03 - 05 - 2021 AD 12:35 pm ‚§µÔ∏è   https://t.co/yja6rzlPel  #CoronaAndClimateWarTragedy #AlAqsaMosque",en,0,2,3
164,2021-05-13 05:26:23 India Standard Time,voiceofyouthngo,How to Register for corona Vaccines.  Awareness Campaign started by our doctor . Initiative by Yuwa Ki Aawaz Sanstha @voiceofyouthngo  #coronadebat #coronavirus #CoronaSecondWave #CoronavirusPandemic  https://t.co/YaL7ys07YA,en,0,2,3
165,2021-05-16 04:13:26 India Standard Time,rkspundeer,"@msisodia Every possible work to control corona and for development of Delhi people @DelhiGovernment is working best, why not in uttrakhand.  #wakeuptirath",en,0,0,0
177,2021-05-17 04:18:11 India Standard Time,vramankumar,"@airnewsalerts @PrakashJavdekar I thank and salute to Our Health Ministry for releasing separate guidelines#.Covid Containment and Management in Peri -- Urban, Rural and Tribal Areas,üôè # Bharath Fights Corona üôè",en,0,0,0
187,2021-05-19 02:20:19 India Standard Time,atiksahibole31,"Public of  ‚ùåDockyard (Dlima street)‚ùåis  ‚ùånot safe‚ùå ‚ùånot safe‚ùå ‚ùånot safe‚ùåpeople come from outside stay on hourly basis in lodge there is no corona if they come at lodge no mask,no social distance inside but no action by local police station.",en,1,0,4
188,2021-05-19 02:15:09 India Standard Time,sera_nabam,"Trying to rise up and so is hope, Just hope!!!  Very lazy person, dikhawa sahi kissi ko toh josh bharayega. üòä And m happy with üòä #boost #boostimmunity #immunity #lockdown #pandemiclife ##pandemic #life #corona #actor #staysafe #stayhome  https://t.co/2046YmZPGg",en,0,0,3
190,2021-05-19 02:09:24 India Standard Time,cacmurugappan1,"ON BEHALF OF MURUGAPPA GROUP, ITS PRESIDENT ARUN MURUGAPPAN  MET  TN  CM  MK STALIN  AND  PRESENTED A CHEQUE OF RS. 6 CROR ES  TO HIM FOR   THE CM RELIEF FUND FOR CORONA  ALONG  WITH MUTHU MURUGAPPAN.     IMAGE AND INFO CREDIT  ARUNACHALAM MUTHIAH  https://t.co/bbZXuEPSfc",en,0,0,1
195,2021-05-19 01:20:51 India Standard Time,papramanik,Who is more cruel? CORONA or GOD. #life #death #family #virus #covid,en,0,0,0
208,2021-05-20 02:17:36 India Standard Time,deepupanditagra,@SweetAsMoscato @Henroc33 Good night take care with Corona,en,0,0,0
209,2021-05-20 02:11:25 India Standard Time,rishira74025651,@RealArnab_ @rcraju04  today our delhi CM tweeted something that would've or did affected our Indian relationship with Singapore call Corona the The Singapore strain from people like Aravind kegerawal we can except this only I can't believe how foolish delhi people are,en,1,0,1
216,2021-05-21 05:11:30 India Standard Time,naveens86265479,"@drharshvardhan @narendramodi @PMOIndia @BJP4India @PIBFactCheck @PIB_India @BJP4Delhi @MoHFW_INDIA @AshwiniKChoubey @AyushmanNHA @PIBHindi It should be done earlier, but we are celebrating our winning that in India we fight and we win on Corona virus,this statement was yours and  https://t.co/gDYMOq3Rcv it's just a formalities country suffer a lot.who will fulfill the absence of there Lost one  https://t.co/gDYMOq3Rcv",en,0,0,0
223,2021-05-22 03:01:39 India Standard Time,chohtey,"India Gate, 2019 bc (before corona). Twas one of the most busiest and crowded place, I wonder how I made through without any extra bhayas in this frame.  https://t.co/2a0FosfnKE",en,1,0,6
225,2021-05-22 02:23:01 India Standard Time,sridhar_film,@performsegue There no Store ....they were suppose to open this year but due to Corona it might be late ....,en,1,0,0
226,2021-05-22 02:08:13 India Standard Time,azaz04694660,When Corona hits Second wave Our Leader Appreciating Huge Crowd. #didi_o_didi  Now Crying on deaths. #CrocodileTears #BJPLiesIndiaCries #ModiFailedIndia  https://t.co/Qu0BRS7uhb,en,0,0,0
229,2021-05-22 01:35:34 India Standard Time,aayushojha08,Rest in peace Sir..üòì  News of people dying through Corona Virus  Is too hilarious. No one knows when it's going to end. üò™,en,0,0,0
237,2021-05-22 00:46:34 India Standard Time,ifshan_ashraf,@bhatray @KashmirPolice Just one question does lockdown help you to overcome corona virus ü¶† ?? You are killing poor,en,0,0,1
249,2021-05-22 00:08:20 India Standard Time,vivszz,"Govt issues urgent advisory to all the social media platforms. Asks them to remove all the content that names, refers to or implies 'Indian variant' of corona virus immediately as there is no such variant scientifically cited as such by the WHO. ‡§â‡§† ‡§ó‡§è, finally",en,0,1,3
259,2021-05-25 03:51:17 India Standard Time,vramankumar,@PrakashJavdekar I thank Our Goverment of India has so far provided more than 21.80 Crores to States/ UTs Free of Cost üôè # India Fights Corona üôè # We 4 Vaccine # Unite 2 to fight Corona üôè,en,0,0,0
262,2021-05-25 02:53:08 India Standard Time,bhagwantojha,And we really serious about Corona?,en,0,0,0
282,2021-05-25 00:13:34 India Standard Time,ajjaiah,"@Rajeshrules007 @mvmeet When corona cases  rises, they start blaming modi &amp; geting free treatment which is being provided by Modi government.",en,0,0,1
284,2021-05-24 23:55:21 India Standard Time,renessatraders,@davedharmpal @AcharyaPramodk Corona virus treaty with China,en,0,0,2
287,2021-05-24 23:48:08 India Standard Time,dentistnitin,"@AIIMSRDA @MoHFW_INDIA Woh bhi kya karen, bahut nak bhi ragdi lekin Baba hai ki Manta nahi. Sir why are you losing sleep over this. Hand over Corona to Babaji he will Trump Ambani and solve population problem of India too. He is far ahead of cheap and spineless human doctors.",en,0,0,0
288,2021-05-24 23:45:51 India Standard Time,nikita197j,@satya_AmitSingh Make the world as it was....Corona Free !! üôèüôè,en,1,0,1
292,2021-05-24 23:39:42 India Standard Time,rajanalamadhuk2,The Ahora foundation has recognized our service that we are doing the cremation to those who died due to corona virus. The foundation felicitated samalla sathish and me by providing 21 PPE kits . Rajanala Madhu Kumar  MPTC Mahithapur &amp; cherlakondapur  https://t.co/1kOoFPgsX5,en,0,0,2
310,2021-05-24 23:07:57 India Standard Time,shiv97678479,@Dr_Uditraj Congress corona toolkit propoganda just arresting congress chief,en,0,0,0
315,2021-05-24 23:02:48 India Standard Time,techietushar_,"After fighting with corona she is fighting deadly Black Fungus, all the savings of the family is exhausted, help this family and Sheela. Please help as their only means of income is a small domestic shop.  Read more -  https://t.co/1eRZFTODCA",en,0,0,1
321,2021-05-24 22:53:12 India Standard Time,_anubhav___,Hope!! Corona &amp; Arturo Roman both will end this year!üôè,en,0,0,0
325,2021-05-24 22:50:36 India Standard Time,vickyso79540880,@TwitterIndia hame kuch madad kijiye please hum middle class hai Saree bechte ghum ghum ke .but corona karan sab band .jo tha sab kharch ho gya .150 around family rehte hau but no help without ration . belong to gujrat but lives in Odisha please help us .,en,0,0,0
326,2021-05-24 22:50:18 India Standard Time,mayurvedasram,Question on @Quora: Are any Ayurvedic medicines proved effective on corona virus till now? What are the details of medicine?  https://t.co/WdwEFhlutU,en,0,0,0
328,2021-05-24 22:48:06 India Standard Time,ganeshkarnik,"@INCIndia should feel ashamed in blaming the #Govt during these difficult times of #pandemic, having neglected health sector being in power for a very long time, in spite of sincere efforts as #IndiaFightsCorona #Corona #COVIDSecondWaveInIndia @BJP4India @BJP4Karnataka @PMOIndia",en,0,3,5
334,2021-05-24 22:32:19 India Standard Time,saxenaramesh,"@drjhavn1 @CNNnews18 @maryashakil @BBC @narendramodi @SwetaSinghAT @sambitswaraj @Sanjaym04686314 @RNTata2000 @mukeshambani641 @of_ind @CJI_SC @Swamy39 @UN @fholande @BBCIndia @VladimirPutin24 @AmitShah @10DowningStreet @abhi_saxena28 @rashtrapatibhvn @EUparliament @KapilMishra_IND @myogiadityanath @realDonaldTrump @netanyahu @ScienceNelson @GilbertLiz @NDMOxford @JennerInstitute @BillGates @Queen_Europe @sandeep_news24 @PMOIndia @NitishKumar @JustinTrudeau @JoeBiden @VP @ShivrajSinghMP @MohanBhagwat_ @Dev_Fadnavis @ZeeNews It's blind truth,how corona unleashed shamelessly on to innocent population as biological weapon to fulfill dreams of supremacy.If culprit goes unpunished it will be great failure of global leaders to save innocent Population,uphold justice&amp;push future generations to bleak future",en,1,0,0
339,2021-05-26 04:59:57 India Standard Time,deepupanditagra,@barcademar @eldestapeweb Very take care with Corona God bless you and Good morning üôè‚ù§Ô∏è,en,0,0,0
340,2021-05-26 04:59:22 India Standard Time,deepupanditagra,@cloclo4141 Take care with Corona God bless you ‚ù§Ô∏è good morning,en,0,0,1
341,2021-05-26 04:24:45 India Standard Time,1939mittal,Amount of efforts which Hon'ble PM is doing to save d nation from Corona &amp; natural calamities r commendable. People who r scolding him don't know d fate without such a leader. We don't look at our contributions. Let us maintain self discipline  to follow proper safety protocols.,en,0,0,0
346,2021-05-26 03:50:03 India Standard Time,i_am_mumtaz,@SatyamGurung @HinduNatl @narendramodi U mean ppl who died bcz of Corona r being used to play u just to win a silly argument on Twitter with a complete stranger like u?,en,1,0,0
348,2021-05-26 02:42:09 India Standard Time,visionsansthan,"""‡§´‡§º‡•Ç‡§° ‡§¨‡•â‡§ï‡•ç‡§∏""  Day 2  Media coverage (25 May 2021)  We Are Working to deliver food to the needy people, In This Corona Situation We're all Together. üôè  -Team Vision Sansthan NGO üëç  Jai Hind üáÆüá≥ @timesofindia @PatrikaNews @ReallySwara @TheLallantop @SoodFoundation @timesofindia  https://t.co/1srJg0EJJY",en,0,1,1
350,2021-05-26 02:15:20 India Standard Time,jonjotesol,"Me unironically using ""before corona"" as a measurement of time.",en,1,0,1
351,2021-05-26 01:52:28 India Standard Time,ahmad9998,@Nostalgicc_A To hide corona deaths,en,0,0,1
352,2021-05-26 01:48:54 India Standard Time,imjhudy2,This Corona Virus issue at #MySecretTerrius and now Nipah Virus in #Dr_John. I'm üò±ü§Ø,en,0,0,0
354,2021-05-26 01:04:49 India Standard Time,workpartygrow,@shilpakannan Government new rules for corona test. It‚Äôs very disturbing,en,0,0,0
355,2021-05-26 01:03:40 India Standard Time,workpartygrow,Government new rule for corona test. #Corona #coronavirus #CoronavirusIndia #CoronaVirusUpdates #ICMR #BlackFungus #CoronavirusPandemic #COVID19,en,0,0,0
363,2021-05-26 00:36:17 India Standard Time,coronaudaipur,"Corona Heist at it's best. üòé That's where we are now, walking towards new season with RajasthanAgainstCorona  Introducing soon!   #meme #moneyheist #UdaipurAgainstCorona #teamUAC #udaipur #WednesdayMotivation  https://t.co/I2i0wWsLIQ",en,0,2,7
367,2021-05-26 00:17:56 India Standard Time,ankitkumarsri18,"@kuljeetschahal @SushantBSinha Wrong, They are fighting to spread corona every where",en,0,0,3
369,2021-05-26 00:11:34 India Standard Time,kanoongopriyank,Is it true? Please chek fact  @PIBFactCheck  @IMAIndiaOrg   ‚ÄòCorona ending due to Jesus‚Äô: IMA President Jayalal wants to make hospitals a weapon of Christian conversion  https://t.co/lRkIFhM3a5 via @Nation World News,en,6,15,25
370,2021-05-26 00:11:15 India Standard Time,vijaysi72368903,ALLOPATHIC DOCTOR FUCKED A CORONA PATIENT ....WOW LELE,en,0,1,1
375,2021-05-25 23:45:46 India Standard Time,talhaabbasi,"@TheJuggy007 nope, not corona positive. but have been taking steam as a precaution for a long time now.",en,1,0,1
378,2021-05-25 23:37:37 India Standard Time,chiragjain270,People spamming #InstagramBan  #FacebookBan #TwitterIndia ....... meanwhile corona and other pandemic related issues be likeüòÇ  https://t.co/BeOx6bh665,en,0,0,5
380,2021-05-25 23:30:40 India Standard Time,bipinsasi,"There‚Äôs no #COVID rules for farmers ? Thousands of people are planning to protest on May 26  to mark 6 months of stir , what will happen when they Go back to rural India with corona ?And 12 political parties are supporting this event. This is like a super spreader event #Pandemic",en,0,0,0
381,2021-05-25 23:22:08 India Standard Time,d_arunyokesh,My 27 year old wife has been in the intensive care unit for the past 45 days due to severe infection (no corona) brain dysfunction. She has been struggling to make a living.  Your 1 rupee help will also give her the recognition of living on this earth. #saveher,en,1,1,0
383,2021-05-25 23:16:31 India Standard Time,therealgeelani,Your right but this is the era of technology bro grow up. What kind of Ayurvedic drs are those who take corona vaccine. And after taking both the doses they are disrespecting Doctor who make that vaccine. I also know some Ayurvedic medicine to uska kya mtlab mujha surgeon bna dga,en,0,0,0
385,2021-05-25 23:07:09 India Standard Time,rajeevp91010112,"@paimadhu Sir some people got corona infected just after first dose of Covishield ,why this happened ,is it due to active adino virus in the vaccine,which one is better Covishield or covaxin",en,0,0,0
386,2021-05-25 23:06:18 India Standard Time,kanilramchiary,I'm not a man but lives on man.   üòàcorona üòÄüòÇ,en,0,0,0
387,2021-05-25 23:04:49 India Standard Time,shangloosparsh,@OfficeOfLGJandK  Sir can you please cut off power cuts in jammu . In this corona period this is the least we can ask for .,en,0,0,0
388,2021-05-25 22:57:13 India Standard Time,lokeshbunkar_01,Stop corona viruses ‚ÄºÔ∏è  https://t.co/eCQASVTooz,en,0,1,3
389,2021-05-25 22:56:00 India Standard Time,himkims,"ICU patient, Age 56 Hrct scr-20/25, Spo2-70%, she was given Corona Cavach Lepa &amp; Ayurvedic Medicines at night &amp; was instantly recovered nxt morng wit Spo2 above 95% &amp; was feeling lightness in chest &amp; free 2 breath.  YASHWANT hosp &amp; Panchakarma Centre Tembhurni 7507277782 #COVID19",en,1,6,9
390,2021-05-25 22:52:45 India Standard Time,noshad73,@imNabeelAlikhan @KarachiWalay90 @Tatheermahajir @akhlaq_sabiha @asifakramvohra @IzharulHassan @karachiiiitteee @TayyabMemon @KhurramBhatti01 @Shoaib_Jatt @InsafPost @aaliaaaliya Credit goes to intelligent sind police for their checkpoint to stop corona entering in town teen hatti was chocked because of two police cars parked parallel and traffic was chocked.,en,0,1,3
391,2021-05-25 22:51:49 India Standard Time,ayush_chorbele,"Corona Vaccination Arrangement for Wednesday May 26,2021 #Covishield #PuneFightsCorona #LargestVaccinationDrive @PMCPune @PMCHealthDept  https://t.co/t9vzkvHPzM",en,0,0,0
392,2021-05-25 22:50:18 India Standard Time,kapoorashish87,Thank you #Teachers... Corona Warriors working behind digital curtains deserves appreciation this #TeacherAppreciationWeek,en,0,1,2
394,2021-05-25 22:48:48 India Standard Time,ayush_chorbele,"Corona vaccination : Wednesday, d.  Arrangement for May 26, 2021 #Covaxin #PuneFightsCorona #LargestVaccinationDrive  https://t.co/gLWX8BcsfH",en,1,0,0
403,2021-05-28 04:58:25 India Standard Time,neerog,@daadhiWalaLadka @Adityaiims Photos r before Corona No Camp in Corona time Thanks for suggestion,en,0,0,1
404,2021-05-28 04:58:16 India Standard Time,surbaktijosia,"#repost 52 weeks ago at 2020 year. Just share ya, guys.. from #kebunefi #maduefi #FelixZulhendri,Phd (#Biochemistry) - my best friend, to you all at #Medan #Sumut #Indonesia,  Semoga bermanfaat ya, guys.. 4 me 2 ofcourse, dan.. semoga Virus Corona a.k.a #Covid19 ini tidak lagi..  https://t.co/2UNn4q4EbA",en,0,0,0
408,2021-05-28 04:07:05 India Standard Time,retina_doc,Prime Minister of India: Declare ‚ÄúMartyr‚Äù status for Corona-warrior Doctors - they laid their life serving humanity - Sign the Petition!  https://t.co/mBCmQmcx6X via @ChangeOrg_India,en,0,0,0
410,2021-05-28 03:36:48 India Standard Time,neerog,@DrVinodEndo @DrBharatsaboo @DrGDRamchandan1 @SanjayKalraDr1 @Vipul83485147 @DrSambitDas1 @tiwarialankar @monty_doc @preeti_nikam @EndoBrigade @KapoorNitinDr @just1doctorwala @DRAMITGOEL007 @atulkalhan @DrSunil_Kota @DrBharat0806 @baxirahul @annetkiraboc1 @drrajeev4uAIIMS @purvi_chawla @Endocrinologia4 @mondal_sunetra @DrSarahAlam @Hetashree_47 Thanks for Follow Retweet or Like Beat NCDs in Your Area  https://t.co/MjZ33WmebL Get Free Kit for Camp in a park near you Our-Efforts Your-Cooperation Diabetes &amp; Heart Disease (NCDs) Free Lucknow Free BP &amp; Sugar Camp In Lko After Corona-2  https://t.co/EgqmWgeiw0,en,0,0,1
412,2021-05-28 02:53:13 India Standard Time,neerog,@Indian__doctor @IMAIndiaOrg @yogrishiramdev @DelhiPolice @FAIMA_INDIA_ @UnitedRda @narendramodi @DrDatta_AIIMS @AiimsU @BhumiIndia @ShankulDwivedi @DrMeet_Ghonia @sarkari_doctor @drpraveenpsy @amitguptabliss @docvjg @PMOIndia @drharshvardhan @doctorsoumya Thanks for Follow Retweet or Like Beat NCDs in Your Area  https://t.co/MjZ33WmebL Get Free Kit for Camp in a park near you Our-Efforts Your-Cooperation Diabetes &amp; Heart Disease (NCDs) Free Lucknow Free BP &amp; Sugar Camp In Lko After Corona-2  https://t.co/EgqmWgeiw0,en,0,0,1
413,2021-05-28 02:52:15 India Standard Time,neerog,@RajanSharmaIMA @PMOIndia Thanks for Follow Retweet or Like Beat NCDs in Your Area  https://t.co/MjZ33WmebL Get Free Kit for Camp in a park near you Our-Efforts Your-Cooperation Diabetes &amp; Heart Disease (NCDs) Free Lucknow Free BP &amp; Sugar Camp In Lko After Corona-2  https://t.co/EgqmWgeiw0,en,0,0,0
414,2021-05-29 04:20:55 India Standard Time,neerog,‡§ï‡•á‡§µ‡§≤ #‡§≤‡§ñ‡§®‡§ä ( #Lucknow ) ‡§®‡§ó‡§∞ ‡§®‡§ø‡§µ‡§æ‡§∏‡§ø‡§Ø‡•ã‡§Ç ‡§π‡•á‡§§‡•Å Beat Diabetes &amp; Heart Diseases(NCDs) &amp; Corona Take Precautions As Past  https://t.co/DcqYbU2oeI Adopt #Naturopathy &amp; Beat #diabetes #Cancer #stroke #lungs Diseases Naturopath Dr K K Srivastava (KKS)  https://t.co/tt7qIStDTv,en,0,0,1
415,2021-05-29 04:09:36 India Standard Time,jailodha13,Sir #anoopmandal says that corona was bought by jains that means directly they are accusing our country on international level which is not good. Pls take action #BanAnoopMandal #Banonanoopmandal @gssjodhpur @PMOIndia @Kumkum26,en,0,8,7
416,2021-05-31 04:54:09 India Standard Time,imkarthee,@BhaktUnofficial Bloody fucking Corona   Don't know still how many people we gonna loss üíî,en,0,0,0
417,2021-05-31 04:53:40 India Standard Time,sommsandy,"@collectorapr   Good morning,  How may I reach out to discuss possibilities to enhance tourism? I am on the outlook for something substantial after corona has struck.",en,0,0,0
420,2021-05-31 04:04:04 India Standard Time,raahat25236487,@bjp4mumbai bjp said open all shops n Bjp will protect. How will you ? Why promoting law n order issue. N risk of corona spread further. Pl stop vaccinating for a fee when state is committed n providing it free @IndiaToday @MLEQ3ACy52nouK1 @IqbalSinghChah2 @MumbaiPolice,en,0,0,0
421,2021-05-31 04:01:10 India Standard Time,vramankumar,"@narendramodi Salues to all our Lab Technicians at the time every one wants to run away from Corona Virus as Our Lab Technicians didn't have luxury in the last year as these Lab Technicians have strenghtened our Testing Apparatus.The selfless service of Prakash Kandpal Ji has inspired us ,‚ù§Ô∏è",en,0,0,1
422,2021-05-31 03:39:10 India Standard Time,viwanathans,@Hayagreev79 What's your idea? Do u want's spread Corona more to all friend circle or what?,en,1,0,0
424,2021-05-31 02:45:51 India Standard Time,rajivhtc,@_sabanaqvi ruined because of corona or your negative mindset ?,en,0,0,1
425,2021-05-31 02:42:58 India Standard Time,rohullahraihan,Beat corona by getting vaccinated.. Thanks @OfficialNcoc for providing vaccine to afghan Citizen's. #GotVaccinated #CoronaVaccine #1stdoze #Sinovac  https://t.co/6pZvWnBmh8,en,0,0,4
426,2021-05-31 02:38:18 India Standard Time,officeanshul508,#ThirdWave correct art of corona wave  https://t.co/E96py1ce9X,en,1,0,3
427,2021-05-31 02:02:17 India Standard Time,pareekindia,@TRRaju1 @drharshvardhan @MoHFW_INDIA @PMOIndia Absolutely Right. Simultaneously SILENT Mental Health Pandemic is going on across India and day by day due to Corona Virus and it's effect on socio economic sphere resulting increased UNCERTAINTY among human lives may develop catastrophic effect on mental health of Citizens.,en,0,0,0
429,2021-05-31 01:46:50 India Standard Time,ranjanaethiraj,@pratheepkumar_p @ptrmadurai @MauvinGodinho @EPSTamilNadu Really ur question is making me surprise. If this was the governmemt after first wave of corona i am damn sure.  By knowing about second wave and oxygen crisis they wont sit idle with only 230 metric ton oxygen stock for tamilnadu  Now Within a week it increase to 650 metric ton.,en,0,0,0
431,2021-05-31 01:36:06 India Standard Time,sayantansunnyg,Whoever put the rona in corona is a prophet.,en,1,1,55
432,2021-05-31 01:28:27 India Standard Time,anuragg26161647,He was a man from mumbai. His all family members died by corona .  he just wanted to talk to doctors for some questions but instead of answering him they send policemen and thats how mumbai police behave with him . #justiceforyouvak #MumbaiPolice #doctors #shamemumbaipolice  https://t.co/pzOPP04L3f,en,0,0,0
433,2021-05-31 01:21:04 India Standard Time,xx__aarya__xx,Well they ensured us the same while opening schools and now we all can see corona going at its peak. #cancelboardexams2021 #boardexams2021 #STUDENTSLIVESMATTERS  https://t.co/Jd81Iyckvm,en,0,1,5
435,2021-05-31 01:09:24 India Standard Time,iamamit_kashyap,Then the mother of corona is China... And xi jinping is fucking china.,en,0,0,0
436,2021-05-31 01:07:41 India Standard Time,mayurbamaniya2,"#CoronavirusIndia #CoronaSecondWave Just One Imagination For Corona Fighter... üò∑üò∑üò∑  Instead of saying ""Good morningüåû"" .  .  .  We must try to say ""Mask üò∑ Morning"". .   If He/She Person forget to wear a mask in morning.. Immediately.. They will wear it. üò∑üò∑üò∑",en,0,1,1
438,2021-05-31 00:56:37 India Standard Time,jaggirm,Petrol and diesel touching new height so the Corona caller tune has been changed Listen to the new caller tune  https://t.co/4GUEKeg45M,en,0,1,3
441,2021-05-31 00:35:17 India Standard Time,mubeen5533,"#Telangana Cabinet has to more focus on corona  and vaccination now inspite of rename, #NecklaceRoad  During pandemic this decision has no means... @TelanganaCMO @KTRTRS @TelanganaToday  #Hyderabad",en,0,0,1
442,2021-05-31 00:34:03 India Standard Time,chitra34907805,@IshmeetIts @narendramodi Who is saying the farmers are terrorist.i just said the farmers should take care of yourself in corona and black fungus.why they are following Mr.Dicait in this critical situation.Protest march can be after lockdown,en,0,0,1
443,2021-05-31 00:23:44 India Standard Time,zubairk73667144,This is an electronic corona protection mask to know more see the video click on the link  https://t.co/LY5eP5PlOD,en,0,0,0
444,2021-05-31 00:09:02 India Standard Time,mthillaiappa,"The way stalin organized his team's to control corona, with in 2 weeks of his take over as CM I am so surprised, TN missed him last ten years, bcoz we hardly progressed. After controlling corona we can see amazing developments and actions against corruptive ministers and officers",en,0,0,0
445,2021-05-31 00:08:42 India Standard Time,kaaffir_af,@pranav641 @deepadoc Is there any medicine for corona in any pathy?,en,1,0,0
448,2021-05-31 00:01:16 India Standard Time,biswajit__dhal,"The green house gasses are can't be optimised as the glacier melting and producing new viruses (plague,smallpox,ebola,Corona). May be #China developed Corona but you should know that lab is funded by Western countries like #USA and #France.",en,1,0,1
450,2021-05-30 23:49:44 India Standard Time,maheshk53128807,"If we have the ability  to read one's  mind,we'll  burst out in tears..in this perishable life we own  non-perishable  qualities ie. Anger,ego etc. No corona or any disease can erase these from humans. It's  ingrained  in our blood",en,1,0,0
451,2021-05-30 23:49:18 India Standard Time,maitrijitsenap1,@Parivartanorg @TheAnsumanRath @TheMausamMishra @swayamjourno @Sambad_English @otvnews Great Going corona warriors keep doing the good worküëçüëçüíêüíê,en,0,0,1
453,2021-05-30 23:36:13 India Standard Time,kamal20kamal,"@BBCWorld He is newly elected beloved leader Honourable Tamilnadu Cheif Minister Mr.Stalin  he took charge just less then a month he is doing miracles in our states ,He is first CM visited Corona Patients in India ..why don't you guys write or talk about him Pls  https://t.co/gNBNriFSsM",en,0,0,1
455,2021-05-30 23:29:36 India Standard Time,uttamkaul,@ManhasShreya 1st dose you should get .... Unless you had corona asymptomatic ...and u never knew.   If it's second dose then you may not get any issues like fever etc,en,0,0,0
456,2021-05-30 23:29:07 India Standard Time,nallanagendra1,"Compensation of up to 5Lakhs to families of corona patients who died due to lack of oxygen! This compensation is different from the declaration in which CM @ArvindKejriwal announced compensation of ‚Çπ50,000 to the families of those who died from Corona @attorneybharti @pkakkar81  https://t.co/dxtm3LLLDN",en,1,10,14
457,2021-05-30 23:24:44 India Standard Time,radhaishanmugam,First time ever in India‚Ä¶ a Chief Minister @mkstalin visiting the corona ward‚Ä¶hats off to you sirüôèüèºa true inspiration üôèüèºüôèüèºüôèüèº  https://t.co/aAiz08La7Q,en,0,1,1
458,2021-05-30 23:22:07 India Standard Time,mohnish231,"@ShivaniGupta_5 One of your family members must have been asymptomatic covid+ve Eventually He or she got cured of corona, but By that time it got carried to ur mother. Hope she is getting better now.",en,0,0,0
460,2021-05-30 23:13:48 India Standard Time,zaddeepika,Corona :Third Wave Free Session !! @narendramodi  @PMOIndia @HinduNatl  https://t.co/4VEnPcjG4E,en,0,0,0
461,2021-05-30 23:10:18 India Standard Time,abhilashbalaba1,"@otvnews we have heard rumours of the building having corona patients. If they keep on doing this, the entire colony might get affected. @odisha_police request you to please take action.",en,0,0,0
462,2021-05-30 23:08:48 India Standard Time,guruprasadgudi,They are fresh! I can smell the corona protein.,en,0,0,0
463,2021-05-30 22:59:09 India Standard Time,manojtjha,@atti_cus @ptrmadurai This is absurd. Local BJP leaders must be pulled up as they are putting those workers at Risk by forcing them to unmask in a crowded place. This can't be called Corona Appropriate behaviour.,en,0,0,6
464,2021-05-30 22:56:12 India Standard Time,tripuralocals,The Tripura government took charge of the education of orphans in Corona. #biplabkumardeb #tripura #CoronaWarriors  https://t.co/4kXBgQi311,en,0,0,0
465,2021-05-30 22:53:00 India Standard Time,anithegrt,Corona has not credible natural ancestor and some some protein found in Covid virus is also not natural and might be developed in Lab. As per UK Dr research. #ChinaCOVIDTruth  https://t.co/s1Z3ymot1K,en,2,1,0
466,2021-05-30 22:51:21 India Standard Time,isourav_d,"KMC Hon'ble Mayor @FirhadHakim sir,Inaugurated #Covid Unit At Islamia Hospital.  He started 110 beds in this unit for the treatment of #Corona infected people there.  We are appreciated to u r really great advance work bobby da. #COVID19 #KolkataCovidCare  https://t.co/8ebQH7hRlQ",en,0,0,1
467,2021-05-30 22:50:56 India Standard Time,kunudear,@vivekagnihotri @vivekagnihotri We need to get Aamir Khan do this again only on Corona and Health sectors..  https://t.co/axYrPcnIi2,en,0,0,0
469,2021-05-30 22:43:51 India Standard Time,zaddeepika,"Corona :Third Wave Session ! Today we had arranged this special programme on completion of 7 years of Modi Ji's Government.Session was all about how to ensure children's safety in Covid Pandemic organised by me, delivered by Dr.Vedanti Mahadik. Thank you so much! @narendramodi  https://t.co/rX5bqVFLF9",en,1,1,1
471,2021-05-30 22:35:44 India Standard Time,rohitraveendr11,@AlwaysRamCharan @AlluSirish Sir iam from kerala doing auto driving after corona we are in trobule now here lock down  no trips no cash mother father lotary selling now no work so many loans in banks including private no cash in my hand pls help me can you give something for me sir plss my gpay num9497091196,en,0,0,0
