Username,Userhandle,Time,comments,Retweets,likes,Tweet
Ujjwal Roy,@ujjwalroy06,2021-06-29T08:30:55.000Z,,1,3,"My_Coverage_Story 
@ANI


COVID-19 vaccination camp organised for empowering sex workers in Kolkata's Sonagachi https://aninews.in/news/national/general-news/covid-19-vaccination-camp-organised-for-empowering-sex-workers-in-kolkatas-sonagachi20210629045356#.YNrZTTAcjZ4.twitter…

https://in.finance.yahoo.com/video/covid-vaccination-camp-organises-empowering-005953554.html…"
Padmanabhan Jaikumar,@p_jaikumar,2021-06-29T05:51:28.000Z,,,,"With over 32.36 crore Covid-19 vaccinations, India overtakes US in total doses administered
https://timesofindia.indiatimes.com/india/with-over-32-36-crore-covid-19-vaccinations-india-overtakes-us-in-total-doses-administered/articleshow/83915682.cms… via NaMo App"
Raj Saha ,@rajsahaofficial,2021-06-28T15:29:47.000Z,,,1,"COVID-19 restrictions extended in #WestBengal till July 15, 2021. Here is the order below "
Full-Vaxxed ভদ্রলোক RajNarayan RoyChoudhury,@thatsylhettiguy,2021-06-28T13:10:53.000Z,1,,1,"Will take me at least 7 (one left for BE, 2 for ME, at least 4 years of grinding on an actual job) years to get to a stage where I have enough money to fuel any actual propaganda. Considering things go right (which is as of now NOT happening, thanks to CoViD-19)."
Mahesh Saharia,@iamamkay,2021-06-28T12:06:47.000Z,,1,3,"Vaccinated health workers at West Hoxton birthday party didn't contract COVID-19, NSW Health reveals. One Word Get #Vaccinated 
@MoHFW_INDIA
 You can quote tomorrow Press Brief Australia's experience 
@DrSwatiShow"
Megha Kejriwal,@Megha_journo,2021-06-28T11:05:01.000Z,,,,"#BREAKING_NEWS| #Covid restrictions in #WestBengal extended till July 15, 2021 with relaxations."
Dharmendra Rai,@Dharmen50285145,2021-06-28T10:47:47.000Z,,,,"#Breaking| #Covid restrictions in #WestBengal extended till July 15, 2021 with relaxations."
Priyanjali Bose ,@Bosepriyanjali,2021-06-28T09:51:41.000Z,,,,Are we more empathetic to marginalised & their well being post Covid-19 pandemic? Or is it the other way around?
CEO Medium,@CEOMedium,2021-06-28T06:26:03.000Z,,,2,"Motivational quote from the one and only incredible women 
@KamalaHarris

.
.
.
.

#kamalaharris #joebiden #bidenharris #usa #politics #entrepreneurlife #smallbusiness #startup #hustle #inspiration #fashion #music #covid #explorepage #bossbabe #motivation #motivational"
Subhasis Chatterjee,@dreamcontent,2021-06-28T04:59:20.000Z,,,,"Awaiting a new morning!! How long?
.
.
.
.
.
#covid_19 #kolkatabuzz #kolkata #kolkatadiary #india #covid #covidvacccine #covidindia #newmorning #newmorn #travelstories #panic #motivation #soulmates #soulmate @ Kolkata https://instagram.com/p/CQpryhgs-7u/?utm_medium=twitter…"
Vivek Singh,@VivekVs30,2021-06-28T02:44:46.000Z,,,1,"More than 450 underprivileged beneficiaries were vaccinated at today's Free Covid-19 Vaccination Camp organized by Tillotoma Foundation at Rabindranath Tagore International Institute of Cardiac Sciences.   

@TillotomaF

#CovidVaccine 
#TillotomaFoundation"
Tirthankar Das,@tirthaMirrorNow,2021-06-27T19:24:11.000Z,,,,"Vaccination against Covid19 not enough, safety measures must be followed. #Vaccination along with safety measures are necessary when it comes to fight the Delta Plus variant, said a WHO representative, as reported by news agency ANI.
#coronavirus #DeltaVariant #Delta #Corona"
Dipayn Bose,@DipaynB,2021-06-27T18:53:53.000Z,,,,"Baisakhi, 1-year-old, with her older sister standing beside the railway track. Due to COVID-19, their school is closed for a long time. The whole education system of the country has hit badly as online mediums can't be accessible everywhere.

#LumixIndia #S5"
Truecare Medical,@MedicalTruecare,2021-06-27T17:48:31.000Z,,,,Started COVID-19 Vaccination #vaccination #CovidVaccine #GetVaccinated #Covishield #pathology
Tirthadeep K,@TirthadeepK,2021-06-27T17:00:45.000Z,,,,"Replying to 
@jdhankhar1
 and 
@MamataOfficial"
@ChayanGanguly,@ChayanGanguly98,2021-06-27T14:51:43.000Z,,,1,"Nearly 500 underprivileged people from Kolkata were vaccinated at today's Free Covid-19 Vaccination Camp organized by 
@TillotomaF
 in partnership with 
@NarayanaHealth
 at RN Tagore Hospital,Kolkata. 
Proud to be a part of the team.
Thanks to Narayana Health for all the support!"
PARTHA ROY,@Partha1963,2021-06-27T11:13:43.000Z,,,,"CM 
@MamataOfficial
 needs streamline Covid-19 vaccination  process and enforce strict checking systems to eliminate fake  vaccination camps endangering life of thousands in #WestBengal. Any  Fake vaccination camp in rural  areas  can cause irreparable damage to villagers"
sofiaa⁷ ,@jins_shoulderrs,2021-06-27T09:05:59.000Z,,,1,"If BTS members test positive for covid-19,   BTS ARMYs will make the medicine in a week..!!"
Kaushani Mitra,@KaushaniMitra,2021-06-26T07:11:05.000Z,,,1,"https://youtu.be/sWYKB8TDAlA
Hi!! 
@MamataOfficial
 
@abhishekaitc
 
@FirhadHakim
 
@itspcofficial
 My sincere attempt fighting against Covid 19 following a few simple guidelines. Earnestly request our honorable CM Miss Mamata Banerjee to watch my attempt towards society."
Rana | Please #Vaccinate,@bladeit,2021-06-26T03:59:07.000Z,,,1,"The scientists who sang together about no lab origin is now singing together about #Covid is a lab accident. The same Lancet & they say it's so stupid! Stupid! A global catastrophe, losing millions of life's trillions in losses & still continues is an event that loos stupid!"
Mahesh Saharia,@iamamkay,2021-06-25T23:51:26.000Z,,,,"@MoHFW_INDIA
 Combating with #Corona is v v important. Appreciate actions. However Patient with other co-morbidities are neglected. Pls support & keep free dedicated #Heart, #Kidney, #Liver & other specialised hospitals. 
@drharshvardhan
 
@IMAIndiaOrg
 
@AshwiniKChoubey
 
@PMOIndia"
Manab Paul,@ManabPaul,2021-06-25T15:00:17.000Z,,,,"Delighted to share that, we are in the news again for our COVID 19 vaccination drive. Please watch the full news on the Janatar Darbar News YouTube channel: https://youtube.com/watch?v=1Wd714x7SYM… 
#JanatarDarbarNews #COVID19 #VaccinationDrive #SreeBalaji"
Charlie ,@DasBro124,2021-06-25T13:32:06.000Z,1,1,5,"So #BellBottom Is The First Movie To Relese Afrer Pandemic (Covid 19) This Year...

Excited ..Friends..Theatre 


@akshaykumar
 

#BellBottomOn27July #AkshayKumar  


@Akkian_Jaheen
 
@Akkians_BT
 "
Amit Sharma,@amit_sharma_16,2021-06-25T11:31:49.000Z,,,,"Replying to 
@rpfersdah
 
@ErRpf
 and 2 others"
Sourav Prosad,@SouravProsad1,2021-06-25T09:53:46.000Z,,3,3,"What was the the mistake of Modi in between of covid-19?

- Promoting the large political gatherings.

What will be the biggest mistake?

- Hosting the exams without vaccination
#NoExamUntilVaccination"
Sourav Prosad,@SouravProsad1,2021-06-25T09:39:09.000Z,,3,3,"Today is the time when we all should take initiative to stop the spread of COVID-19. 
But what is our government doing – inviting students to appear for exams, regardless of their lives. #NoExamUntilVaccination"
Rana | Please #Vaccinate,@bladeit,2021-06-24T14:30:04.000Z,,1,,Please help get Dheeraj back to his daughters (8 & 4 yrs) who have been waiting patiently for last 2 months to meet their father. Dheeraj has been fighting the dreaded #Covid since April 2021 & has been hospitalized since then. https://milaap.org/fundraisers/support-dheeraj-anand… #Verified #Covid19IndiaHelp
𝐒𝐀𝐍𝐃𝐄𝐄𝐏,@Sandeep06424827,2021-06-24T03:02:01.000Z,2,58,58,"Considering corona pandemic, when several prisoners are released then why No Bail to Innocent Sant Shri Asharamji Bapu suffering from post Covid-19 ill effects ??
We Demand Bail For Asharam Bapu.
Justice For Bapuji
#कबतक_प्रताड़ित_होंगे_संत"
Tirthankar Das,@tirthaMirrorNow,2021-06-23T12:54:00.000Z,,,,"According to a study by Kanpur IIT Research team, the third wave is about to take a deadly shape in India. It can affect more than 5 lakhs in a day. The third wave is expected to hit India by the month of September-October 
#CoronaVirusUpdates #COVID19 #IndiaFightsCorona #Corona"
Teenskagram,@teenskagram,2021-06-23T11:52:01.000Z,,,,"In view of the COVID-19 second wave pandemic situation and continued 
restrictions, the date of WBJEE-2021 has been rescheduled keeping in mind the health and academic interest of the aspiring candidates. The examination will be held on July 17, 2021.

#teenskagram #wbjee"
Sonu Mehra,@SonuMeh89830929,2021-06-23T08:46:12.000Z,,,1,"@USAndIndia
 
@USAndKolkata
 I request you to resume giving USA Embassy and Counselor Tourist Visa Application Appointment because India in The cases of covid-19 have reduced a lot. Thanks"
Abhay Gupta,@Abhayknoble,2021-06-22T09:13:17.000Z,,,,"Covid-19
Corona.. 3rd wave
""DELTA PLUS""
Already arrived in three states
"
Akash mishra,@Akashmi67826915,2021-06-22T06:55:32.000Z,,,,"@DeepapPriya
 Is there anything we can do for this kind of behaviour... The whole world is suffering with covid-19 pandemic but the owner of the flat not listening to anyone. 
They just kept used throw garbage on their back without any concerned... See pic"
Rtn. Tanu Roy,@amtanuroy,2021-06-22T05:42:53.000Z,,,,Rubbish Kumar is retarded! #polio #Covid #VaccinationDrive
Aishwarja Nath,@AishwarjaNath,2021-06-22T03:31:17.000Z,,,,"COVID-19 vaccines less effective against Delta variant, says WHO

https://economictimes.indiatimes.com/industry/healthcare/biotech/healthcare/covid-19-vaccines-less-effective-against-delta-variant-says-who/articleshow/83726082.cms…

 Download Economic Times App to stay updated with Business News - https://etapp.onelink.me/tOvY/135dde21"
Rivu Sourav Banerjee,@RivuSourav,2021-06-22T03:30:39.000Z,,,5,"Getting #Vaccinated in India 18+ VLOG for COVID-19 || Things To Keep in ... https://youtu.be/CPY9VyFaeiA via 
@YouTube
 …. pls WATCH , i hv given lots of details about the #COVIDVaccination 
.
.
#vaccinated #vaccine #IndiaFightsCorona 
@Thekolkatabuzz"
𝐒𝐀𝐍𝐃𝐄𝐄𝐏,@Sandeep06424827,2021-06-22T03:07:48.000Z,,,,"Replying to 
@AshramKolkata"
Veena,@Veenaaa,2021-06-21T17:59:31.000Z,,,1,COVID-19 self test kit CoviSelf puts a DIY guide on a full pager ad https://afaqs.com/news/advertising/covid-19-self-test-kit-coviself-puts-a-diy-guide-on-a-full-pager-ad… #
Bondhu Chol NGO,@CholNgo,2021-06-21T17:12:17.000Z,,3,6,"@CholNgo
 
#bondhucholngo
#NGO #socialforgood 
To donate contact us
bondhuchol.ngo@gmail.com
#COVID19India #Covid_19 #covid19food #fooddistribution #StayHome #StaySafe #WearMask"
Mohit Saluja,@MohitSa93812662,2021-06-21T11:16:10.000Z,,,,"Replying to 
@startupindia"
Mohit Saluja,@MohitSa93812662,2021-06-21T08:45:37.000Z,,,,"Replying to 
@startupindia"
Padmanabhan Jaikumar,@p_jaikumar,2021-06-21T05:37:25.000Z,,,,"KVIC records highest ever turnover in FY 2020-21 despite Covid-19 pandemic
https://dailypioneer.com/2021/business/kvic-records-highest-ever-turnover-in--fy-2020-21-despite-covid-19-pandemic.html…

via NaMo App"
Akhilesh Shrivastava,@NishantAkhilesh,2021-06-21T04:04:00.000Z,,,2,"Failure of WB Govt to start universal vaccination, Covid-19 reflects poor planning, lack of seriousness to take preventive measures post 1st phase! 1 can win elections by invoking religion, caste, language & culture but can't govern! Modi- Mamata secure equal marks on governance!"
Aman banka,@AmanBanka00,2021-06-20T17:04:02.000Z,,,7,"Many people have lost their father in last 1 year due to Covid-19. 

Your father must be proud of you. May God give you enough strength to bear the irreparable loss !

#HappyFathersDay"
Arindam Das @ Tech in Easy,@ArindamDasTech1,2021-06-20T13:07:30.000Z,,,2,"How to Download Provisional Certificate of Covid-19  Vaccination from CO-WIN Portal 

Watch the Video on YouTube  / TECH IN EASY 

Link  https://youtu.be/YVC_8OW7sNc

Don't Forget to Subscribe Tech in Easy "
Arindam Das @ Tech in Easy,@ArindamDasTech1,2021-06-20T12:48:49.000Z,,,2,"How to Download Provisional Certificate of Covid-19  Vaccination from CO-WIN Portal 

Watch the Video on YouTube  / TECH IN EASY 

Link  https://youtu.be/YVC_8OW7sNc

Don't Forget to Subscribe Tech in Easy "
Arpit Lohia,@arpitlohia,2021-06-20T07:33:46.000Z,,,,Does india need anymore imported vaccines? We are full of paid and non-utilised doses on the #COWIN in urban centres atleast. And this is just 25% being procured. #CovidVaccine #IndiaFightsCorona #Sinovac #COVAXIN #COVID #COVISHIELD #PfizerVaccine #moderna #sputnikV #AstraZeneca
Dr.Sujib Kar,@SujibDr,2021-06-19T21:31:19.000Z,2,1,4,"After the onset of Monsoon various parts of West Bengal might experience river bank erosion, flood and huge health hazard like Dengue and Malaria along with  COVID-19 .Water logged areas in of Kolkata might face the problem of Dengue within a very short span of time."
Xavie Cornelius,@CorneliusXavie,2021-06-19T20:09:53.000Z,,,,"Legendary athlete Milkha Singh passes away due to Covid 19 complications..
.
May his soul rest in peace!"
Tirthankar Das,@tirthaMirrorNow,2021-06-19T16:36:35.000Z,,,,"#BengalCovidUpdates 
West Bengal records 2, 486 #Covid cases on 19th June, lowest in 73 days. 

#BengalFightsCorona #COVID19 #WestBengal #CoronaVirusUpdates"
Rajesh Saha,@RajeshS32370756,2021-06-19T12:14:57.000Z,,,,didi 41% people's they couldn't gave vote's for covid-19 .. & most of oldest they naver came out till now .. & 27% fully gave & u know as well what happened ..
Bhaskar Basu,@bhaskarnews4,2021-06-19T09:40:53.000Z,,,,"@BhallaAjay26
 ,Union Home Secretary wrote a letter to all the states and UT's regarding #Covid-19."
Adrija Banerjee,@Bonhishikha_93,2021-06-19T03:26:16.000Z,,,,"""Olympic sprinter Milkha Singh dies at age 91 from COVID-19""  https://twitter.com/i/events/1405969918172880896…
May the departed soul #RIP & bless his son to overcome this difficult phase
My heartfelt condolences to 
@JeevMilkhaSingh
 for the consecutive losses faced within this short span. 
#RIPMilkhaSingh"
TheAmateurBong,@ArghaMitra2381,2021-06-18T20:14:11.000Z,,,,"The Saddest News Of The Decade...!!!!
Shri Milkha Singh Just Passed Away At The Age Of 91 Due To Covid 19 ..
RIP To The Olympic Hero Of India..
May Your Sole Rest In Peace Sir..

#TheAmateurBong"
Tirthankar Das,@tirthaMirrorNow,2021-06-18T19:48:13.000Z,1,1,10,"1960 Rome Olympic .

400 metre run by Late Milkha Singh. This video will make you scream everytime ' BHAAG MILKHA BHAAG'  

#Milkha #MilkhaSinghJi #MilkhaSingh #ripmilkhasingh #Olympics #coronavirus #Covid_19 #FlyingSikh"
Sk Nadir Ali,@nasknadirali,2021-06-18T19:23:54.000Z,,,,"Our Heartfelt Condolences 
Honorary Captain Padma Shri Milkha Singh (Flying Sikh) Succumbs to Covid-19 today following his wife Nirmal Kaur died on 13th june. Will be remembered fondly in recognition of his sporting achievements. ऊँ शांति 
#MilkhaSingh #Flyingsikh"
Shani Singh,@Shanirss,2021-06-18T19:18:56.000Z,,,8,"Athletics Legend 'Flying Sikh' Milkha Ji Singh Passes Away at 91 of Covid-19

#MilkhaSingh"
Tirthankar Das,@tirthaMirrorNow,2021-06-18T19:08:50.000Z,,,,"#Breaking

Former Indian sprinter Milkha Singh passes away aged 91 due to COVID-19 complications

#MilkhaSingh #RIPSir #BhaagMilkhaBhaag #coronavirus #COVID"
PRAMOD KUMAR TRIVEDI,@pktbobl,2021-06-18T08:21:20.000Z,,,,"In Rural India, COVID-19 Outbreaks Have One Standout Feature: Speed"
Subhabrata Chowdhury,@SubhabrataCho19,2021-06-18T06:15:40.000Z,,,,"#Covid_19
Vicious cycle p 3..6 biology 

@ndtv
 
@sardesairajdeep


@IamSumanDe


@Rhitobrata_B

https://spreaker.com/episode/45350858…"
Arghyadip Datta,@KhubPetuk1,2021-06-17T18:22:20.000Z,,,1,"Denmark VS Belgium ...undoubtedly the best so far in Euro 2020. 

Tournament gaining steam slowly. 

Nice to see fans in theke elements. Hope no spoiler for rest of the tournament. 

Let’s get back to the normal 

#DENBEL #EURO2020 #Covid_19"
Raj Saha ,@rajsahaofficial,2021-06-17T14:34:03.000Z,,,,"WB COVID-19 Daily Health Bulletin: 17 June 2021.
A detailed snapshot of all relevant details on #COVID19 in WB. Keep checking.
Fresh Cases - 3018
Deaths Reported - 64
Samples Tested - 55671
#BengalFightsCorona"
Shri Amit Kumar Seal,@amitseal24,2021-06-17T14:11:53.000Z,,,,"( 17/06/2021 )
I'm Vaccinated
Taking small steps to fight against COVID-19.

#vaccination #vaccinateddone #covid19 #covidvaccination #staysafe"
Ashit Narain,@ashitnarain,2021-06-17T11:11:41.000Z,,,,"@narendramodi
 
@PMOIndia
 
@NITIAayog
 
@adarpoonawalla
  
@psrana70
  Request a shortening of interval between Covishield doses ,based on data for Delta variant.  "" Third wave could hit as early as in 2-4 weeks, says Maharashtra Covid-19 task force"
Apollo Clinic Ballygunge,@apolloballygung,2021-06-17T07:37:04.000Z,,,,"Please follow all the COVID-19 protocols and keep yourself and your loved ones safe.

#VforVaccination
Let's get vaccinated and be a responsible citizen.

𝐂𝐚𝐥𝐥 𝐮𝐬 𝐧𝐨𝐰:  (+91) 8585092277
𝐖𝐞𝐛𝐬𝐢𝐭𝐞: http://apolloballygunge.com

#COVID19Vaccination #apolloservices #covid"
Nature Mates-Nature Club,@NatureMatesNat,2021-06-16T15:58:39.000Z,,,1,"A brief summary of the work we have done in #Sundarbans #postYaas. Incredibly humbled by the support we have received so far.  A simple thank you would not be enough to express our heartfelt gratitude. #Covid_19
#gratitude #CycloneYaas"
Mahesh Saharia,@iamamkay,2021-06-16T13:31:09.000Z,,,,"@MoHFW_INDIA
 Success in #Corona depends upon appropriate #behaviour. Pls try some imaginative Ads by which violators are made to feel bad."
Tirthadeep K,@TirthadeepK,2021-06-16T03:48:59.000Z,,,,"1 in 5 People With COVID-19 Developed Mental Health Issue https://healthline.com/health-news/people-with-covid-19-more-likely-to-develop-depression-anxiety-and-dementia?utm_medium=social&utm_source=twitter&utm_campaign=social-sharebar-referred-desktop… via 
@healthline"
PRO Defence Tezpur (Assam/Arunachal Pradesh),@ProAssam,2021-06-16T03:21:23.000Z,,4,14,"#HarKaamDeshKeNaam
#IndianArmyPeoplesArmy 
The team provided medicines & COVID-19 essentials. The Camp aided 277 locals incl 127 women & 56 children. The villagers thanked #IndianArmy for the #MedicalCamp.

@official_dgar
 
@easterncomd
 

@PemaKhanduBJP
 
@SpokespersonMoD
 
@Spearcorps"
Avik Saha,@aviksahaindia,2021-06-15T14:34:00.000Z,,6,10,"Central was trying to hide its incompetence and mishandling of the second wave of covid-19 while denying the actual death toll from the pandemic. Narendra Modi - led government has lost it connect with reality and was absolutely aloof. 

#ModiResign 
#Covid_19"
RamKoner,@ramkoner,2021-06-15T12:29:17.000Z,,,,"Replying to 
@OptionsChains"
ASHISH KUMAR DASGUPTA,@ASHISHK75348577,2021-06-15T05:58:32.000Z,,,,"As I know,Central Govt. only aggregates the Covid-19 death figure which different state declare http://daily.As such,Central Govt. acknowledges what State Govt. report."
ASHISH KUMAR DASGUPTA,@ASHISHK75348577,2021-06-15T05:58:31.000Z,1,,,Coronavirus Live Tracker: More COVID-19 deaths than what Modi govt acknowledges: Owaisi
ASHISH KUMAR DASGUPTA,@ASHISHK75348577,2021-06-15T05:52:50.000Z,,,,Coronavirus Live Tracker: More COVID-19 deaths than what Modi govt acknowledges: Owaisi
Mahesh Saharia,@iamamkay,2021-06-15T04:01:21.000Z,,1,6,"Country needs to take help of all organisations, NGOs to impress upon voluntarily maintaining proper #COVID behaviour & at same time effectively implement. Sacrifices made during Lockdown is wasted. 
@MoHFW_INDIA
 
@myogiadityanath"
Arpita Chatterjee,@ArpitaCP,2021-06-15T03:30:23.000Z,4,7,109,"Good Morning & A happy Tuesday 

Well...the lockdown in West Bengal has been extended but with less restrictions...but remember the Covid-19 is still here..so be careful & stay safe! 

#HappyTuesday #StaySafe #StayIndoor #SocialDistance #SafetyFirst #CovidRules"
ramen aditya,@AdityaRamen,2021-06-15T03:01:11.000Z,,,,"W Bengal govt has extended the Covid-19 induced lockdown till July 1.Govt has allowed govt and private offices to function with 25 % workforce from June16. But without  bus & train, it will cause hardship for the people.Why bus & train are also not allowed with half capacity?"
Suvrajit Dhar,@SuvrajitDhar3,2021-06-14T13:35:42.000Z,,1,2,"New lockdown rules will be implemented from 16th June 2021
#CoronaSecondWave #Corona #COVID19 
#WestBengal #westbengallockdown"
Sourav_Raj_d ,@iSourav_d,2021-06-14T07:47:26.000Z,,1,6,"The Gov.of WB on Sunday appointed 10 Sr. bureaucrats as nodal officers in 10 Dist. to control & fight the spread of #coronavirus.

Officers hv been asked to inspect designated Dist. & guide the Dist. administration on the management of the #Covid_19 #pendemic.

#didifightcorona"
ramen aditya,@AdityaRamen,2021-06-14T07:43:26.000Z,,,,"When covid 19's second wave was killing lives of people then oxygen, bed, ventilator & vaccine were missing but the two were proud in expressing that the covid19 is under control.They were busy in exporting vaccines & medicines. But sudden intervention of SC changed the scinario."
Mohit Saluja,@MohitSa93812662,2021-06-14T04:43:25.000Z,,,,"Replying to 
@mygovindia
 
@MSJEGOI
 and 4 others"
Amit Mukherjee,@AmitMukherji15,2021-06-13T17:26:07.000Z,,,,"Replying to 
@ushapadhee1996"
𝕐𝕦𝕤𝕦𝕗 𝕃𝕠𝕜𝕙𝕒𝕟𝕕𝕨𝕒𝕝𝕒 ║▌║▌║█│,@Yusuf_IIHM,2021-06-13T16:27:18.000Z,,4,1,"#HospitalityIndustry gets a jab of hope! Vaccination drive for Hospitality Professionals by 
@IIHMHOTELSCHOOL
 & 
@hraei1961
 
Let's get vaccinated for a great Hospitality Future
#vaccine #vaccinedrive #covidimpact #covid19 #COVID  #covidhelp #IndiaFightsCorona  #LargestVaccineDrive"
Hobbs,@sayantanm28,2021-06-13T09:10:00.000Z,,,1,"It seems the only matter about which the ruling party focuses on planning  ahead is election strategy. Be it fuel prices, COVID-19 waves, vaccine distribution, inflation - absolutely nothing. Utterly disgusted. 
@PMOIndia
 
@nsitharaman
 
@AmitShah
 #PetrolDieselPriceHike"
RamKoner,@ramkoner,2021-06-13T06:16:52.000Z,,,,"Replying to 
@KrisNair1"
Eshna Saha,@EshnaSaha,2021-06-13T05:06:17.000Z,,,,"@dpradhanbjp
 what the hell is happening petrol price is sky high and cooking oil is high too. Where as the economic crisis is there due to COVID-19. Are you planning to kill people without eating food. Should they cook only with water. #Shame #Shame"
Avinash Narendra Sharma,@avinashvaani_in,2021-06-13T04:21:25.000Z,,,,"#GSTCouncil extends the exemptions and GST reductions on #COVID-related equipment and drugs till September this year. Thanks PM Sh 
@NarendraModi
 ji. 
@nsitharaman
 
@Swamy39"
Sohail,@Sohail21443372,2021-06-13T03:55:01.000Z,,,,"During this unprecedented time, you may be looking for the most up to date information on COVID-19 in your area.  
Follow and share these pages for the latest live conversation on the ground from doctors, hospital workers, journalists and concerned citizens discussing the latest"
Mohit Saluja,@MohitSa93812662,2021-06-12T07:58:28.000Z,,,,"Replying to 
@mygovindia
 
@HMOIndia
 and 5 others"
Mohit Saluja,@MohitSa93812662,2021-06-12T07:58:10.000Z,,,,"Replying to 
@BJP4India
 and 
@PiyushGoyal"
Mohit Saluja,@MohitSa93812662,2021-06-12T07:57:48.000Z,,,,"Replying to 
@FinMinIndia
 
@nsitharaman
 and 11 others"
Mohit Saluja,@MohitSa93812662,2021-06-12T07:57:38.000Z,,,,"Replying to 
@FinMinIndia
 
@nsitharaman
 and 11 others"
Jothi SJ2,@JothiSJ2,2021-06-12T07:57:01.000Z,,2,2,"Very sad the maximum death In the working group.. Covid-19: Indian Jesuits suffered worst despite precautions | Matters India https://mattersindia.com/2021/06/covid-19-indian-jesuits-suffered-worst-despite-precautions/…

@romereports
 
@isibengaluru
 
@oss_romano
 
@JCSADelhi
 
@americamag
 
@sijisj
 
@Pontifex
 
@vaticannews_es
 
@jesaminfo"
Partha Bose ,@kuntinandan,2021-06-11T16:37:23.000Z,,,,"Replying to 
@LouvinaA
 
@karthikballu
 and 2 others"
Mohit Saluja,@MohitSa93812662,2021-06-11T16:25:55.000Z,,,,"Replying to 
@FinMinIndia
 
@nsitharaman
 and 9 others"
Mohit Saluja,@MohitSa93812662,2021-06-11T16:25:44.000Z,,,,"Replying to 
@FinMinIndia
 
@nsitharaman
 and 11 others"
Mohit Saluja,@MohitSa93812662,2021-06-11T16:25:05.000Z,,,,"Replying to 
@mygovindia
 
@MoHFW_INDIA
 and 6 others"
Avinash Narendra Sharma,@avinashvaani_in,2021-06-11T12:13:23.000Z,,,,Government is gearing up its efforts to fight against the #COVID-19 pandemic. #IndiaFightsCorona https://mygov.in/covid-19/
swarup das,@swarupdas80,2021-06-11T08:11:22.000Z,,,,"It was a three weeks  journey covid_19 positive to negative.. those day are very important to our mental health. Because everyone is away from me, only mobile is the necessity friend. Lots of news channel forecast death ratio. In human body everything is control from our mind."
Credai Bengal,@CredaiBengal,2021-06-10T10:44:13.000Z,,1,3,"#credaibengalcares 

We are all in this fight together. 

Let's beat Covid-19 collectively.


@kmc_kolkata"
Sumeet Chawla,@SumeetChawla,2021-06-10T07:04:31.000Z,,,,"Replying to 
@BeingPractical"
Sourav_Raj_d ,@iSourav_d,2021-06-10T06:51:53.000Z,,1,3,"#kolkata updates:
About a month and a half later,the 'Indian Coffee house workers co-operative limited' reopened.Before that, disinfection work is going on inside.

The coffee house is being opened in accordance with #Covid_19 rules.

#indiancoffeehouse #coffehouse #collegestreet"
India Tribal Care Trust (Official),@IndiaTribalCT,2021-06-09T19:57:16.000Z,2,1,,"Our volunteers went to villages deep inside the East Godavari distrct forest in Andhra Pradesh and distributed dry rations among the tribal families who are affected due to Covid pandemic. We planned to reach out to 450 families with dry rations for a week.
#Covid19 #corona"
Srijan's Faucet,@Srijans_Faucet,2021-06-09T14:40:21.000Z,,,,"The World Health Organization has revealed a new naming system for COVID-19 variants. 

#COVID19 #covid #Covid19India #COVID19outbreak #StaySafe #stayathome #stayhealthy #WearMaskBeSafe #wearamask #likeforlikes #sanitaryware #bathroomfittings"
Manish Soni,@ManishS78891143,2021-06-09T09:48:44.000Z,,,,Covid 19
DebasreeBhattacharya,@debashreebhatt2,2021-06-09T06:41:40.000Z,,,5,"Relief @ Sundarban Area Kakdwip Block under South 24 pgs dist, Effected area by Yash cyclone & Covid 19.. 

@debashreebhatt2
 
@PMOIndia
 
@devworld24
 
@DilipGhoshBJP
 
@BJP4India
 
@BJP4Bengal"
DebasreeBhattacharya,@debashreebhatt2,2021-06-09T06:39:13.000Z,1,,5,"Relief @ Sundarban Area Kakdwip Block under South 24 pgs dist,  Effected Area by Yash cyclone & Covid 19.. 

@debashreebhatt2
 
@PMOIndia
 
@devworld24
 
@DilipGhoshBJP
 
@BJP4India
 
@BJP4Bengal"
ramen aditya,@AdityaRamen,2021-06-09T03:15:28.000Z,,1,1,"The Govt on Tuesday set max price private hospitals can charge for three COVID-19 vaccines available in India. Covishield Rs 780 per dose, Covaxin Rs 1,410 & SputnikV Rs 1,145.
Why cost of the attanirbhar vaccine namely, Covaxin will cost more even when not yet recognised by WHO?"
विवेक बारूई,@VivekBarui,2021-06-09T03:03:21.000Z,1,,,"Dr. Antony Fauci asking Americans to be get vaccinated, referring as
COVID-19 (B.1.6172) which has been seen in India and UK , 6% Americans likely been affected as per the Press Confrence. 
Recently 
@WHO
 in his press conference speaks about the new Variant discover in India."
V I C K Y @25 DEC,@VickyKu25129877,2021-06-08T18:30:50.000Z,,,,"Let’s fight together against #covid_19 .
Get #vaccinated   today"
India Tribal Care Trust (Official),@IndiaTribalCT,2021-06-08T16:50:44.000Z,1,,,"India Tribal Care Trust volunteers went to villages deep inside the East Godavari distrct forest in #AndhraPradesh  and distributed dry rations among the tribal families who are affected due to Covid #pandemic.
#Covid19 #corona #covid19india #tribal  #WeCare #Wecarefortribals"
Swapan Kumar Das( kumar_swapan),@SwapanK70679233,2021-06-08T14:09:22.000Z,,,2,"Due to Covid-19 the students are suffering much & they are also in uncertainty regarding their study,exam etc. Govt.must find out a way.Under the situation I want to extend cooperation for learning & acquiring knowledge through our youtube channel 'ice-breaking' fr com. students."
Reesoom,@ReesoomP,2021-06-08T13:52:15.000Z,,,1,I'm sorry but I'm here for a refund for my father who has lost 3 siblings in less than a year to covid-19. Where do I sign up?
ikigai,@ayushbanerjee,2021-06-08T12:14:24.000Z,,,,"Replying to 
@MarkTheHabibi"
ikigai,@ayushbanerjee,2021-06-08T11:25:38.000Z,1,2,3,"Mohit Das, a 19-year-old student is requesting your help.

His father, Benu Das, passed away due to a cardiac arrest influenced by COVID-19. 

Any contribution can help him get by daily.

https://milaap.org/fundraisers/support-mohit-das…

Please share this with your community. Help us save his soul."
Pooja Mehta,@pooja_news,2021-06-08T08:34:34.000Z,140,888,4.2K,"#HeartWrenching: Dr. Arfa Sajadin, who had tested positive for Covid-19, battled for 10 days on the ventilator after her delivery. She broke down after taking her baby for the first time in her arms. Both mother & the baby are fine & ready to go home thanks to ILS hospital Howrah"
Pooja Mehta,@pooja_news,2021-06-08T06:37:50.000Z,1,13,94,BJP national vice-president Mukul Roy skips party’s organisational meeting today citing health condition of his wife who had tested positive for Covid-19. Suvendu Adhikari to join the organisational meeting virtually as he is touring Delhi.
ramen aditya,@AdityaRamen,2021-06-08T02:37:40.000Z,,,,"Persons undertaking international travel for educational purposes, or employment opportunities, or as part of India's contingent for Tokyo Olympic games will have to get their CoWIN certificates to be linked to their passport for covid-19 vaccination, the centre said on Monday."
Mahesh Saharia,@iamamkay,2021-06-08T01:13:13.000Z,,,,"As #COVID situation & vaccination improves,#Duty of 
@MoHFW_INDIA
 to advise #StateGovts to follow full caution in relaxation rules. #Pandemic continues. Also #Citizen Advisory to follow all Social safety norms & rope in all bodies, #NGOs to assist. 
@drharshvardhan
 #Mutations"
Mahesh Saharia,@iamamkay,2021-06-08T01:01:02.000Z,,,,"@HardeepSPuri
 Sir, Media reports says #MoCA considering relaxation of positive #Corona report in consultation with 
@MoHFW_INDIA
 
@drharshvardhan
 .Submit, if true, too early, let us not repeat mistake & spread pandemic. Let passengers travel safely & be assured, relaxed 
@PMOIndia"
Junior_Scientists_360,@Scientists360,2021-06-07T15:22:19.000Z,,,4,"Mucormycosis - The Post Covid-19 Infection : The most common form of mucormycosis in COVID 19 patients is pulmonary mucormycosis, closely followed by Rhinocerebral mucormycosis. Glucocorticoids and Remdesivir are some of the only drugs that have been beneficial in COVID 19."
Anjali Gour,@AnjaliG74946661,2021-06-07T12:22:45.000Z,,,1,"West Bengal government : to decided to cancel the class 10 and 12 examination in view of the covid-19
Me:"
Shamik Bhattacharyya,@ShamikB15515296,2021-06-07T11:31:16.000Z,,1,1,"The Lab-Leak Theory: Inside the Fight to Uncover COVID-19’s Origins https://vanityfair.com/news/2021/06/the-lab-leak-theory-inside-the-fight-to-uncover-covid-19s-origins?utm_source=twitter&utm_medium=social&utm_campaign=onsite-share&utm_brand=vanity-fair&utm_social-type=earned… via 
@VanityFair
  
@ananthkrishnan
 Sir 
@ramyakannan"
Praveen Sharma,@praveens2013,2021-06-07T06:15:29.000Z,1,1,4,"Thank you so much 
@RNTata2000
 Sir and 
@TCS
 Kolkata for well planned and smooth Covid 19 Vaccination Drive.
Got my first dose today at TCS Kolkata.#TCSVaccinationleague"
Mahesh Saharia,@iamamkay,2021-06-07T02:26:42.000Z,1,2,4,"Truly #AshaWorkers are great assets & have been doing wonderfully well in several areas of health besides #COVID management. The Institution needs to be strengthened, supported & should continue to receive further training."
Spandan Mishra,@Spandan14268019,2021-06-06T15:31:03.000Z,,,1,"@MamataOfficial
 I being a student of class XII as well as civilian of our society,sincerely suggest you to stop HS and Secondary examination due to Covid 19 pandemic situation . We are getting frustrated ,please make a decision as soon as possible.
#cancelwbboardexams2021"
Ankit Singh,@AnkitSi88164767,2021-06-06T12:08:42.000Z,,1,3,"She is a housewife whose husband has lost his job due to the restrictions imposed by the #pandemic #covid_19 .To feed her chldn.& survive,she has started this smallscale business to provide #home-cooked meals at affordable rate in & around #tollygungesouth 
Contact-8240193144"
amit rudra,@AmitRudra25,2021-06-06T08:41:42.000Z,1,1,1,"I GOT JABBED!! Finally got my first dose of vaccine . 
Thanks to IndiGo 
#jabbed #covidshield #indigo #kolkata #thanks #covid_19  #vaccinated 
#rudrachillboystyle
https://instagram.com/p/CPxXH0pnErN/?utm_medium=share_sheet…"
Shailesh,@skvn10,2021-06-06T05:36:39.000Z,,,,"Replying to 
@vizhpuneet
 
@psmanwatkar
 and 42 others"
Aishwarja Nath,@AishwarjaNath,2021-06-06T01:47:49.000Z,,,,"N440K in Gujarat: The new super infective virus strain on the block

https://economictimes.indiatimes.com/news/india/n440k-in-gujarat-the-new-super-infective-virus-strain-on-the-block/articleshow/83264558.cms…

 #covid_19 #covidindia #virus
#n440kvirus #BirdFlu #7yearsOfModiMadeDisaster #BJPinfectedEconomy #SaveIndia"
Santanu Bhattacharya,@Santanu1999,2021-06-05T16:45:55.000Z,,,," Options to stay safe from COVID-19 
 Covishield / Covaxine / Sputnik + Mask + Sanitizer + social distancing
 Mask + Sanitizer + social distancing
 Mask + Sanitizer
 Mask"
Aman banka,@AmanBanka00,2021-06-05T16:30:05.000Z,1,2,10,"Amidst second wave of Covid-19, Government of India has cancelled the examination of Class 10th and 12th.

Then, why they are not cancelling the exam of CA, NEET and other competitive exams.

Why Discrimination?

#icaiexams #CancelAllExams"
t2,@t2telegraph,2021-06-05T08:07:42.000Z,,15,26,"t2 takes a look at two Covid-19 fundraisers that aim to extend a helping hand to those who need it the most

https://bit.ly/3fT7CCz"
Padmanabhan Jaikumar,@p_jaikumar,2021-06-05T05:46:21.000Z,,,,"India overtakes US as 17.2 crore people receive first dose of COVID-19 vaccine: Government
https://economictimes.indiatimes.com/industry/healthcare/biotech/healthcare/india-overtakes-us-as-17-2-crore-people-receive-first-dose-of-covid-19-vaccine-government/articleshow/83236435.cms… via NaMo App"
"Dr. A. K. Singh; MD, DM (Endo) ",@singhak_endo,2021-06-04T21:04:19.000Z,3,5,39,"My interview to 
@claudiahammond
 on 
@BBCWorld
 about #Mucormycosis in #India during #Covid and its relation to #Diabetes and rampant #Steroid use- broadcasted day before yesterday. It’s for general audience."
Adrija Chatterjee,@adrijac,2021-06-04T18:08:51.000Z,,,,"Replying to 
@BatutasGluttony
 and 
@ShomikChakrabo4"
Soumyajit Majumder,@SoumyajitWrites,2021-06-04T16:32:39.000Z,8,26,222,"Kolkata’s daily COVID-19 cases is below 1,000 for the last two days — it’s 899 today, while 2,153 patients recover. Active cases at 6,727. Bengal as whole reports 7,913 new cases and 113 deaths. Recoveries at 16,557. 71k samples tested."
Chiradeep Roy,@chiradeep_roy,2021-06-04T12:14:37.000Z,,,1,"Finally vaccinated… 
@MonalisaRMitra
 

Please do take vaccine at your respective turn. Do not take this lightly…

#Covishield #VaccineRegistration #Vaccinatie #CovishieldVaccine #COVID #pandemic #lockdown2021"
"Dr. A. K. Singh; MD, DM (Endo) ",@singhak_endo,2021-06-04T11:27:23.000Z,16,5,58,"Delighted to be among the top 100 authors from the world contributed something about #Diabetes and #Covid-19 in the company of greats like 
@kamleshkhunti
 
@DanielJDrucker
 
@docanoopmisra
 Very excited to be first and only author having 2 paper in top  papers from the world. "
"Seacom Marine College, Howrah",@SeacomH,2021-06-04T06:16:48.000Z,,1,3,"Dear All Cadets / Ratings/ friends,

Together we fight against COVID-19.

You are Essential... 
Be protected... 
Protect your family... 
Get Vaccinated"
Rana | Please #Vaccinate,@bladeit,2021-06-04T03:19:18.000Z,,8,28,"History will be very kind to all of you you, Decentralized Radical Autonomous Search Team Investigating COVID-19, #DRASTIC Thank you for all the hard work. If the states will not wake up now the blood will be in everyone's hand. #COVID19 
https://drasticresearch.org"
Pritha Sarkar,@prithasarkar18,2021-06-03T19:18:39.000Z,,,,"Applaude
""White House announces plan to distribute 80 million COVID-19 doses globally by end of June"""
Mohit Saluja,@MohitSa93812662,2021-06-03T18:54:24.000Z,,1,1,"@icsi_cs
 
@theicai
 
@ICAICMA
 
 Request MCA to #BringAmnestyScheme 
Entire county is suffering from the second wave of "" Covid-19 pandemic Save #MSME&StartUps from the Hardship of Heavy Penalties #MCA 
Please Save Small Business to Survive in the Country"
Indrajit Saha ,@Indraji20039065,2021-06-03T15:37:18.000Z,,,,"@JoeBiden
 
@KamalaHarris
 
@INDOPACOM
 
@USAGov
 
@VP
 
@POTUS
 
Chinese media warn of Nuclear war with USA over Covid 19 investigation.
What USA do now?
1- USA protect China, because of Chinese's Nuclear threat. OR
2- USA announced the truth, without any Chinese Fear"
Sowren Sarker,@SarkarSouren,2021-06-03T13:11:09.000Z,,,,"Replying to 
@lucky_koley
 and 
@iamRashmika"
Siddhartha Sankar Banerjee,@SIDDHAR02525087,2021-06-03T11:54:01.000Z,,,,"Replying to 
@PiyushGoyal
 and 
@narendramodi"
Jit Bose,@jitbose1,2021-06-03T10:26:24.000Z,,,,"""Coronavirus: India reports lowest spike in cases in 50 days"" 
#COVID #coronavirus #india"
Sanjib Kumar Das,@moumiayush,2021-06-03T10:18:33.000Z,,,,"A ‘third wave’ of COVID-19 can’t be predicted for India yet, says top WHO scientist https://gn24.ae/bcba45202f60000
#WHO #BreakTheChain #IndiaCovidCrisis #CoronaSecondWave #Corona #CoronavirusPandemic #CoronavirusVaccine"
Sagnik Das,@Sagnikdas777,2021-06-03T09:28:45.000Z,,1,,Need Covid 19 vaccine for my wife and me. Looking for 18+ slots in New Town. Plese help. #TrustNKDA
Sagnik Das,@Sagnikdas777,2021-06-03T09:26:27.000Z,,,,"Need Covid 19 vaccine for my wife and me, looking for 18+ slots in New Town. Please help us. 
@Animesh74730734
 #TrustHIDCO"
you belong with me TS,@teawary,2021-06-03T07:05:15.000Z,,,,"@MamataOfficial
 Madhyamik and Uchya Madhyamik exams must be cancelled/ postponed further until the situation improves. Students would otherwise constantly be at a risk of contracting Covid 19/ Fungal infections and dome may have post covid complications.
#cancelmadhyamik2021"
Avishek Banerjee,@The_Banerjee,2021-06-03T00:57:35.000Z,,,1,"Edible oil prices ^62%
Petrol Rs.100, diesel Rs.92
10 million Indians lost jobs
97% households witness decreased income

2nd wave has been brutal to India
#COVID"
विवेक बारूई,@VivekBarui,2021-06-02T18:35:06.000Z,,,,"Covax Raises $2.4 Billion to Help Combat Covid-19 Vaccine Shortfall.
World Leaders supported the cause and Raised for Covax to help millions of poor.

The virtual donors’ summit was co-hosted by Japanese Prime Minister 
@sugawitter
 and 
@JMDBarroso
 ."
Arnab Mitra,@arnab_edu,2021-06-02T18:00:46.000Z,,,,"#SOS #Covid19IndiaHelp 
@myogiadityanath
 
@drdineshbjp
 
@drharshvardhan
 
@MoHFW_INDIA


Urgently required 
@DRDO_India
  made medicine 2-Deoxy for the patient, 22-year-old Upendra Tomar who is battling with Covid-19 at @VivekanandHospital, Moradabad.  Contact Nikhil- 7389934220"
Nita Karmakar,@Nita_k1,2021-06-02T17:47:29.000Z,,,,"Replying to 
@wbdhfw"
Soumyajit Majumder,@SoumyajitWrites,2021-06-02T15:06:17.000Z,,2,18,"Bengal reports 8,923 new COVID-19 cases, 135 deaths. Drop in cases recorded even after tests increased by 10,000 to be at 75k. Active cases drop by over 8k to 70,015 as 17,386 people recover."
Raj Saha ,@rajsahaofficial,2021-06-02T14:57:42.000Z,,,,"WB COVID-19 Daily Health Bulletin: 2 June 2021.
A detailed snapshot of all relevant details on #COVID19 in WB. Keep checking.
Fresh Cases - 8923
Deaths Reported - 135
Samples Tested - 75161
#BengalFightsCorona"
Oil India Limited,@OilIndiaLimited,2021-06-02T13:57:32.000Z,,1,17,"OIL, Pipeline HQ with National Health Mission, Directorate of Health & Family Welfare, Govt of Assam held an 8-day zero-wastage vaccination drive for Oil Indians & stakeholders at Narengi, Guwahati. A total of 1,395 got vaccinated across age groups.
#COVID #vaccine #oilindialtd"
Pooja Mehta,@pooja_news,2021-06-02T13:39:04.000Z,11,59,247,"#Watch| Mamata Banerjee’s nephew & TMC MP from Diamond Harbour Abhishek Banerjee visited BJP leader Mukul Roy’s wife at a Kolkata hospital who continues to remain serious & had tested positive for Covid-19 earlier 
@ZeeNews"
Ridzsups,@ridzsups,2021-06-02T13:33:36.000Z,,,,"Replying to 
@ndtv"
Mahesh Saharia,@iamamkay,2021-06-02T13:09:25.000Z,,1,1,"@drharshvardhan
 COVID-19 wave1, 162 PSA O2 plants approved to set up under control of 
@MoHFW_INDIA
 with 202 cr funds from PM-Cares. Was not followed up. 
@PMOIndia
 got all blame. Urge please adopt system of constant monitoring on all projects.We want #Country & 
@mygovindia
 succeed"
Oil India Limited,@OilIndiaLimited,2021-06-02T11:53:25.000Z,,4,23,"OIL Hospital, Duliajan arranged for COVID-19 vaccination shots for people with disabilities. About 80 people got their shots at the Rotary Club of Duliajan Vaccination Centre today.
#COVID19 #vaccine #COVID19Vaccination #oilindialtd #oilindia #oilindialimited"
munna singh,@munnasingh6644,2021-06-02T09:29:20.000Z,,,,I Am covid-19 vaccinated
Soumyajit Majumder,@SoumyajitWrites,2021-06-02T08:27:31.000Z,4,21,317,"Just In: Former West Bengal CM Buddhadeb Bhattacharjee, who was undergoing treatment for COVID-19, discharged from hospital after recovery"
Pooja Mehta,@pooja_news,2021-06-01T18:39:10.000Z,3,3,25,"Bangladesh govt extends lockdown in five Rohingya refugee camps in Teknaf & Ukhiya upazilas in Cox's Bazar till June 6, 2021 to curb the spread of Covid-19. 

All activities inside the Rohingya camps, apart from food & medicine supply will remain suspended during the lockdown."
Raj Saha ,@rajsahaofficial,2021-06-01T16:11:35.000Z,,,,"WB COVID-19 Daily Health Bulletin: 1 June 2021.
A detailed snapshot of all relevant details on COVID-19 in WB.
#COVID19 cases came down below 10K mark for the 1st time in 41 days, since 21/04/21
Fresh Cases - 9424
Deaths Reported - 137
Samples Tested - 65041

@Plchakraborty"
Jit Bose,@jitbose1,2021-06-01T13:43:44.000Z,,2,,"Hope things get better soon. 
#indiachoked #India #Delhi #COVID #cancelboardexams #CancelExamsSaveLives #cancelboardexams2021"
Rupam Art,@ArtRupam,2021-06-01T12:12:27.000Z,,,1,"@SonuSood
 the real life hero.
(Pencil sketch by Rupam Bhattacharya).
#sonu_sood #RupamArt #sketch #painting #drawing #pencil #arts #art #real_life_hero #soft_pastel #Rupam_Art #sonu_sir #coronavirus #covid_19 #India #sonu #o2"
Aishik Saha,@oeesheek,2021-06-01T12:11:42.000Z,,,,"Will jobs go back to being the way they were when Indian firms recover after the Covid-19 pandemic? https://scroll.in/article/996255/will-jobs-go-back-to-being-the-way-they-were-when-indian-firms-recover-after-the-covid-19-pandemic… via 
@scroll_in"
Priyanjali Bose ,@Bosepriyanjali,2021-06-01T09:45:16.000Z,,,,Thinking about Covid-19 impacted families in my country... #spirit #india  #empathy 
Subinoy Patra,@SubinoyPatra6,2021-06-01T09:12:36.000Z,,1,2,"#IndiaFightsCorona The entire Govt machinery is working under the resolute leadership of PM Modi to secure Indians from the COVID-19 pandemic.* 

*From sensitizing citizens on safety and social distancing measures at the outbreak of pandemic, 
#7YearsOfSeva"
Ridzsups,@ridzsups,2021-06-01T08:08:54.000Z,1,,1,One more young life .....covid 19 husband’s colleague from Mumbai #COVID
Swapan Kumar Das( kumar_swapan),@SwapanK70679233,2021-06-01T08:01:46.000Z,,,,"Replying to 
@learner_vk
 
@nsitharaman
 and 
@timesofindia"
Sankar Chakraborty,@Sankar_I_Am,2021-06-01T02:27:12.000Z,,,1,"These effective vaccines can protect me, my family members and my country from this deadly COVID-19 disease.

I want to thank TCS for arranging this vaccination drive for us at our office premises. 

#VaccinesWork #proudTCSer  #GotTheDose #Unite2FightCorona #TCSVaccinationLeague"