id,conversation_id,created_at,date,time,timezone,user_id,username,name,place,tweet,language,mentions,urls,photos,replies_count,retweets_count,likes_count,hashtags,cashtags,link,retweet,quote_url,video,thumbnail,near,geo,source,user_rt_id,user_rt,retweet_id,reply_to,retweet_date,translate,trans_src,trans_dest
1.40121E+18,1.40115E+18,2021-06-05 21:33:34 India Standard Time,05-06-21,21:33:34,530,2942526054,harshvashishat,Harsh Vashishat,,@adeshguptabjp @BJP4Delhi @ArvindKejriwal You say whatever but he managed all the media channel left or right supporters but no body dare to ask the aap spokesperson where is 36 oxygen plants neither they can ask remdesivir audit nor oxygen audit because everything is based in add,en,[],[],[],0,1,1,[],[],https://twitter.com/harshvashishat/status/1401208082118574080,FALSE,,0,,India,,,,,,"[{'screen_name': 'adeshguptabjp', 'name': 'Adesh Gupta', 'id': '804003606001106944'}, {'screen_name': 'BJP4Delhi', 'name': 'BJP Delhi', 'id': '337065278'}, {'screen_name': 'ArvindKejriwal', 'name': 'Arvind Kejriwal', 'id': '405427035'}]",,,,
1.40117E+18,1.40117E+18,2021-06-05 19:18:36 India Standard Time,05-06-21,19:18:36,530,8.45887E+17,pironbhuiyan,Hossain Bhuiyan (Piron),,"Dear all  We Green Corporation from Bangladesh, we are able to supply Amphotericin B liposomal injection and Remdesivir 100mg from Bangladesh,  Interested person can buy individual or commercial as their needs.  WhatsApp +8801711985508 #liposomalamphotericinb #Remdesivir #COVID19  https://t.co/Ts106vQw3O",en,[],[],['https://pbs.twimg.com/media/E3H4bmBVIAAJWpJ.jpg'],2,2,1,"['liposomalamphotericinb', 'remdesivir', 'covid19']",[],https://twitter.com/pironbhuiyan/status/1401174114388254723,FALSE,,1,https://pbs.twimg.com/media/E3H4bmBVIAAJWpJ.jpg,India,,,,,,[],,,,
1.40111E+18,1.40111E+18,2021-06-05 14:56:54 India Standard Time,05-06-21,14:56:54,530,105063303,pipalkoti,Pipalkoti,,@news24tvchannel ‡§ö‡§ø‡§ï‡§ø‡§§‡•ç‡§∏‡§æ ‡§µ‡§ø‡§∂‡•á‡§∑‡§ú‡•ç‡§û ‡§®‡§π‡•Ä‡§Ç‡•§ ‡§∏‡§ø‡§∞‡•ç‡§´ ‡§Ø‡§π ‡§™‡•Ç‡§õ‡§®‡§æ ‡§ï‡§ø ‡§ï‡•ç‡§Ø‡§æ ‡§π‡§µ‡§® ‡§ï‡§æ ‡§ß‡•Å‡§Ü‡§Ç ‡§ï‡•ã‡§∞‡•ã‡§®‡§æ ‡§Æ‡§∞‡•Ä‡§ú‡•ã‡§Ç ‡§ï‡•á ‡§≤‡§ø‡§è ‡§∞‡•á‡§Æ‡§°‡•á‡§∏‡§ø‡§µ‡§ø‡§∞ ‡§Ø‡§æ ‡§ï‡•É‡§§‡•ç‡§∞‡§ø‡§Æ ‡§ë‡§ï‡•ç‡§∏‡•Ä‡§ú‡§® ‡§ï‡§æ ‡§Ö‡§ö‡•ç‡§õ‡§æ ‡§µ‡§ø‡§ï‡§≤‡•ç‡§™ ‡§π‡•ã ‡§∏‡§ï‡§§‡§æ ‡§π‡•à‡•§  Not a medical expert. Just asking can Hawan smoke  be a good substitute of Remdesivir or  artificial oxygen for Corona patients.,und,[],[],[],1,0,3,[],[],https://twitter.com/Pipalkoti/status/1401108258920701957,FALSE,,0,,India,,,,,,"[{'screen_name': 'news24tvchannel', 'name': 'News24', 'id': '34206701'}]",,,,
1.40088E+18,1.40088E+18,2021-06-04 23:48:32 India Standard Time,04-06-21,23:48:32,530,3836819300,shreeraamaa,#ProrectWithPen Ramakrishna Hegde Kallabbe,,#PharmaLobby  3. This must have been planned by  #AntiIndian #PharmaCompanies to murder young entrepreneurs.  4. Many entrepreneurs are loosing their life in #ChinaMake 2nd wave  5. High steroid #Remdesivir has lot of side effect which has been banned except in India  ...contd  https://t.co/vYxZLCoRFy,en,[],[],['https://pbs.twimg.com/media/E3DsnPHVEAQez_w.jpg'],1,1,0,"['pharmalobby', 'antiindian', 'pharmacompanies', 'chinamake', 'remdesivir']",[],https://twitter.com/ShreeRaamaa/status/1400879658187456514,FALSE,,1,https://pbs.twimg.com/media/E3DsnPHVEAQez_w.jpg,India,,,,,,[],,,,
1.40077E+18,1.40077E+18,2021-06-04 16:46:36 India Standard Time,04-06-21,16:46:36,530,348221466,niteshgupta001,CA Nitesh Gupta,,"‡§¶‡§ø‡§≤‡•ç‡§≤‡•Ä ‡§Æ‡•á‡§Ç #Oxygen, #Remdesivir ‡§è‡§µ‡§Ç #Hospital üõå ‡§ï‡•Ä ‡§ï‡§Æ‡•Ä ‡§®‡§π‡•Ä‡§Ç ‡§•‡•Ä ‡§¨‡§≤‡•ç‡§ï‡§ø ‡§¶‡§ø‡§≤‡•ç‡§≤‡•Ä ‡§ï‡•á Health Minister @SatyendarJain ‡§ú‡•Ä ‡§è‡§µ‡§Ç ‡§Ö‡§®‡•ç‡§Ø AAP MLAs ‡§®‡•á ‡§ï‡§æ‡§≤‡§æ‡§¨‡§æ‡§ú‡§æ‡§∞‡•Ä ‡§ï‡•á ‡§Æ‡§æ‡§ß‡•ç‡§Ø‡§Æ ‡§∏‡•á Create ‡§ï‡•Ä ‡§•‡•Ä ‡•§  ‡§≤‡•ã‡§ó ‡§Æ‡§∞‡§§‡•á ‡§∞‡§π‡•á... ‡§≤‡•á‡§ï‡§ø‡§® ‡§Ø‡•á ‡§≤‡•ã‡§ó ‡§™‡•à‡§∏‡§æ ‡§¨‡§®‡§æ‡§§‡•á ‡§∞‡§π‡•á , ‡§á‡§®‡§ï‡•Ä ‡§á‡§®‡•ç‡§∏‡§æ‡§®‡§ø‡§Ø‡§§ ‡§ñ‡§§‡•ç‡§Æ ‡§π‡•ã ‡§ö‡•Å‡§ï‡•Ä ‡§π‡•à ‡•§  https://t.co/1iQTjTDrxC",hi,"[{'screen_name': 'satyendarjain', 'name': 'satyendar jain', 'id': '362506755'}]",[],['https://pbs.twimg.com/media/E3CMDT6VgAAV2uu.jpg'],0,0,0,"['oxygen', 'remdesivir', 'hospital']",[],https://twitter.com/niteshgupta001/status/1400773475699101704,FALSE,,1,https://pbs.twimg.com/media/E3CMDT6VgAAV2uu.jpg,India,,,,,,[],,,,
1.40075E+18,1.40075E+18,2021-06-04 14:54:53 India Standard Time,04-06-21,14:54:53,530,1687185548,nirbhay3012,Nirbhay Singh,,@narendramodi ‡§™‡•ç‡§∞‡§ß‡§æ‡§®‡§Æ‡§Ç‡§§‡•ç‡§∞‡•Ä ‡§ú‡•Ä ‡§Æ‡•á‡§∞‡§æ ‡§µ‡§ø‡§®‡•ç‡§∞‡§Æ ‡§∏‡•Å‡§ù‡§æ‡§µ ‡§π‡•à ‡§ï‡§ø ‡§ï‡•ç‡§Ø‡•ã‡§Ç ‡§≠‡§æ‡§∞‡§§ ‡§∏‡§∞‡§ï‡§æ‡§∞ WHO ‡§ï‡•á ‡§®‡§ø‡§∞‡•ç‡§¶‡•á‡§∂ ‡§ï‡•ã ‡§Ö‡§Ç‡§ß‡§æ ‡§™‡§æ‡§≤‡§® ‡§ï‡§∞ ‡§∞‡§π‡•Ä ‡§π‡•à? Plazma therapy Remdesivir Striod ‡§Ø‡•á ‡§∏‡§¨ ‡§è‡§ï ‡§ï‡•á ‡§¨‡§æ‡§¶ ‡§è‡§ï ‡§∏‡§¨ ‡§´‡•à‡§≤ ‡§π‡•ã ‡§ó‡§è ‡§π‡•à ‡§î‡§∞ who ‡§∞‡•ã‡§ú ‡§®‡§è ‡§§‡§∞‡•Ä‡§ï‡•á ‡§¨‡§§‡§æ ‡§∞‡§π‡§æ ‡§π‡•à‡•§ ‡§ï‡•ç‡§Ø‡•ã‡§Ç ‡§π‡§Æ Dr. bishroop roy chaudhary ‡§ï‡•á ‡§¨‡§§‡§æ‡§è ‡§®‡§ø‡§Ø‡§Æ ‡§ï‡§æ ‡§™‡§æ‡§≤‡§® ‡§®‡§π‡•Ä ‡§ï‡§∞ ‡§∞‡§π‡•á?,hi,[],[],[],0,0,0,[],[],https://twitter.com/nirbhay3012/status/1400745361937866756,FALSE,,0,,India,,,,,,[],,,,
1.40071E+18,1.40071E+18,2021-06-04 12:29:15 India Standard Time,04-06-21,12:29:15,530,194193419,praveenskapoor,Praveen Shankar Kapoor,,.@ArvindKejriwal ‡§ú‡•Ä  #Remdesivir ‡§ò‡•ã‡§ü‡§æ‡§≤‡•á ‡§™‡§∞   @BJP4Delhi ‡§Ö‡§ß‡•ç‡§Ø‡§ï‡•ç‡§∑ ‡§∂‡•ç‡§∞‡•Ä @adeshguptabjp  ‡§ï‡•á ‡§∏‡§µ‡§æ‡§≤‡•ã‡§Ç ‡§ï‡§æ ‡§ú‡§µ‡§æ‡§¨ ‡§¶‡•ã ??  #BlackMarketKingKejriwal  @JournalistPsoni @AlokKNMishraTOI @PandaJay @Punitspeaks @HarishKhuranna @hdmalhotra @kuljeetschahal @AshokGoelBJP @ashishsood_bjp @abbas_nighat  https://t.co/QCfYTtVndo,hi,"[{'screen_name': 'arvindkejriwal', 'name': 'arvind kejriwal', 'id': '405427035'}, {'screen_name': 'bjp4delhi', 'name': 'bjp delhi', 'id': '337065278'}, {'screen_name': 'adeshguptabjp', 'name': 'adesh gupta', 'id': '804003606001106944'}, {'screen_name': 'pandajay', 'name': 'baijayant jay panda', 'id': '331136088'}, {'screen_name': 'punitspeaks', 'name': 'punit agarwal üáÆüá≥', 'id': '1391761608'}, {'screen_name': 'harishkhuranna', 'name': 'harish khurana', 'id': '1722800118'}, {'screen_name': 'hdmalhotra', 'name': 'harshdeep malhotra', 'id': '3192861932'}, {'screen_name': 'kuljeetschahal', 'name': 'kuljeet singh chahal üáÆüá≥', 'id': '3236480554'}, {'screen_name': 'ashokgoelbjp', 'name': 'ashok goel', 'id': '202552918'}, {'screen_name': 'ashishsood_bjp', 'name': 'ashish sood', 'id': '268035727'}, {'screen_name': 'abbas_nighat', 'name': 'nighat abbass üáÆüá≥', 'id': '738402681677451265'}]",[],['https://pbs.twimg.com/media/E3BRJh-VkAE3PRv.jpg'],1,15,31,"['remdesivir', 'blackmarketkingkejriwal']",[],https://twitter.com/praveenskapoor/status/1400708711417479172,FALSE,,1,https://pbs.twimg.com/media/E3BRJh-VkAE3PRv.jpg,India,,,,,,[],,,,
1.40071E+18,1.40071E+18,2021-06-04 12:19:39 India Standard Time,04-06-21,12:19:39,530,59873863,dharmindersuri,Dharminder suri,,"‡§≤‡•ã‡§ó ‡§ú‡§ø ‡§è ‡§Ø‡§æ ‡§Æ‡§∞‡•á, ‡§¶‡§ø ‡§≤‡•ç‡§≤‡•Ä ‡§∏‡§∞‡§ï‡§æ‡§∞ ‡§Ö‡§™‡§®‡•á‡§™‡§∏‡•à ‡•ã‡§Ç ‡§ï‡§æ ‡§™‡§∞‡•Ç‡§æ ‡§ú‡§ó‡•Å ‡§æ‡§°‡§º ‡§∞‡§ñ‡§§‡•Ä ‡§π‡•à‡•§ ‡§™‡§π‡§≤‡•á‡§ë‡§ï‡•ç‡§∏‡•Ä‡§ú‡§® ‡§ï‡•Ä ‡§∏‡§™‡•ç‡§≤‡§æ‡§à ‡§ï‡§Æ ‡§ï‡§∞ ‡§¶‡•Ä ‡§§‡§æ‡§ï‡§ø ‡§ë‡§ï‡•ç‡§∏‡•Ä‡§ú‡§® ‡§ï‡•Ä ‡§ï‡§æ‡§≤‡§æ‡§¨‡§æ‡§ú‡§æ‡§∞‡•Ä ‡§∏‡•á‡§™‡§∏‡•à ‡§æ ‡§Ü‡§è, ‡§´‡§ø ‡§∞ Remdesivir ‡§ï‡•Ä ‡§ï‡§æ‡§≤‡§æ‡§¨‡§æ‡§ú‡§æ‡§∞‡•Ä ‡§ï‡§∞‡§µ‡§æ‡§Ø‡§æ ‡§î‡§∞ ‡§Ö‡§¨ ‡§∂‡§∞‡§æ‡§¨ ‡§ï‡•Ä ‡§π‡•ã‡§Æ ‡§°‡§ø ‡§≤‡•Ä‡§µ‡§∞‡•Ä‡•§ #BlackMarketKingKejriwal",hi,[],[],[],0,0,1,['blackmarketkingkejriwal'],[],https://twitter.com/DharminderSuri/status/1400706294076493825,FALSE,,0,,India,,,,,,[],,,,
1.40068E+18,1.40068E+18,2021-06-04 10:47:46 India Standard Time,04-06-21,10:47:46,530,3189714589,davenderjangra,Davender Jangra,,"Fake Remdesivir, Rs 10-Lakh Hospital Bed: How Covid Patients Were Fleeced   https://t.co/V4d06oLcXF",en,[],['https://www.ndtv.com/india-news/fake-remdesivir-rs-10-lakh-hospital-bed-how-covid-patients-were-fleeced-2455975'],[],0,0,2,[],[],https://twitter.com/davenderjangra/status/1400683171646111744,FALSE,,0,,India,,,,,,[],,,,
1.40065E+18,1.40065E+18,2021-06-04 08:16:16 India Standard Time,04-06-21,08:16:16,530,257394747,pramodchturvedi,Pramod Chaturvedi (ANI) üáÆüá≥,,#Visakhapatnam: Drug control officer says DCGI gave permission to extend #Remdesivir injections expiry date upto 12 months  #AndhraPradesh   https://t.co/4og3lZQ6XO,en,[],['https://www.aninews.in/news/national/general-news/visakhapatnam-drug-control-officer-says-dcgi-gave-permission-to-extend-remdesivir-injections-expiry-date-upto-12-months20210603165440#.YLmT374igPQ.twitter'],[],0,0,0,"['visakhapatnam', 'remdesivir', 'andhrapradesh']",[],https://twitter.com/PramodChturvedi/status/1400645045808603137,FALSE,,0,,India,,,,,,[],,,,
1.4006E+18,1.4006E+18,2021-06-04 05:18:39 India Standard Time,04-06-21,05:18:39,530,1.25885E+18,loadof1,PÃ¥Ã§ÃòÃëÃëÃâÃÅÕõÕíÕêistachio Bfordea√æ,,This not medical attention this is hunger games and the Remdesivir medication being given to any person below the 65year old age. Fuck all you allüñïüèøüñïüèøüñïüèøüñïüèøüñïüèøüñïüèø,en,[],[],[],0,0,0,[],[],https://twitter.com/Loadof1/status/1400600349518401536,FALSE,,0,,India,,,,,,[],,,,
1.40053E+18,1.40053E+18,2021-06-04 00:50:51 India Standard Time,04-06-21,00:50:51,530,318529219,ranveer__singh,ranveer,,"Difference in capabilities.  While India projected as a Super Power &amp; leaders eyeing Global Leadership couldn't even provide #HospitalBeds, #oxygen &amp; #Remdesivir.  At the same time.  US will donate 75% of its unused Vaccines to d world.  Which world are you living in Mr. ??",en,[],[],[],0,0,0,"['hospitalbeds', 'oxygen', 'remdesivir']",[],https://twitter.com/ranveer__singh/status/1400532952451149828,FALSE,,0,,India,,,,,,[],,,,
1.40052E+18,1.40052E+18,2021-06-03 23:40:13 India Standard Time,03-06-21,23:40:13,530,1.39607E+18,sheetalmadan2,Dr Sheetal Madan,,"Why was it not made public initially? When WHO has removed Remedesevir inj from treatment protocol, why is it adminstered ? Visakhapatnam: Drug control officer says DCGI gave permission to extend Remdesivir injections expiry date upto 12 months  https://t.co/Kd73ZjzCLi",en,[],['https://www.aninews.in/news/national/general-news/visakhapatnam-drug-control-officer-says-dcgi-gave-permission-to-extend-remdesivir-injections-expiry-date-upto-12-months20210603165440'],[],0,0,0,[],[],https://twitter.com/SheetalMadan2/status/1400515179800981506,FALSE,,0,,India,,,,,,[],,,,
1.40044E+18,1.40041E+18,2021-06-03 18:35:00 India Standard Time,03-06-21,18:35:00,530,1.24171E+18,obaiahprof,Prof. Obaiah,,"@drashwathcn @BSYBJP @BJP4Karnataka @PMOIndia @narendramodi @PIBBengaluru @ddchandanabng @airnews_bang @OfficeofAshwath @DVSadanandGowda Nice @drashwathcn in taking stock of drugs procurement and distribution with the authorities, specially #Remdesivir and black fungus status, and @drashwathcn Opined to be ready for any eventualities due to 3rd wave in anticipation.All the best @drashwathcn Sir.",en,"[{'screen_name': 'drashwathcn', 'name': 'dr. ashwathnarayan c. n.', 'id': '2885971046'}, {'screen_name': 'drashwathcn', 'name': 'dr. ashwathnarayan c. n.', 'id': '2885971046'}, {'screen_name': 'drashwathcn', 'name': 'dr. ashwathnarayan c. n.', 'id': '2885971046'}]",[],[],0,1,0,['remdesivir'],[],https://twitter.com/ObaiahProf/status/1400438368303935490,FALSE,,0,,India,,,,,,"[{'screen_name': 'drashwathcn', 'name': 'Dr. Ashwathnarayan C. N.', 'id': '2885971046'}, {'screen_name': 'BSYBJP', 'name': 'B.S. Yediyurappa', 'id': '54936590'}, {'screen_name': 'BJP4Karnataka', 'name': 'BJP Karnataka', 'id': '25123615'}, {'screen_name': 'PMOIndia', 'name': 'PMO India', 'id': '471741741'}, {'screen_name': 'narendramodi', 'name': 'Narendra Modi', 'id': '18839785'}, {'screen_name': 'PIBBengaluru', 'name': 'PIB in Karnataka', 'id': '1159597478'}, {'screen_name': 'ddchandanabng', 'name': '‡≤¶‡≥Ç‡≤∞‡≤¶‡≤∞‡≥ç‡≤∂‡≤® ‡≤ö‡≤Ç‡≤¶‡≤® | DD Chandana', 'id': '2483371056'}, {'screen_name': 'airnews_bang', 'name': 'AIR News Bangalore', 'id': '836951766616834048'}, {'screen_name': 'OfficeofAshwath', 'name': 'Office of Dr. Ashwathnarayan', 'id': '1173909965888638977'}, {'screen_name': 'DVSadanandGowda', 'name': 'Sadananda Gowda', 'id': '2381667174'}]",,,,
1.40043E+18,1.40043E+18,2021-06-03 17:45:12 India Standard Time,03-06-21,17:45:12,530,3638576960,jaideepstoi,Jaideep Shenoy üáÆüá≥,,"#remdesivir @DHFWKA instructs all pharma distributors to procure Remdesivir üíâ directly from pharma companies as per rules, stops it's procurement through KPME portal, hospitals/people to buy it from distributors as per price control rate. @mla_sudhakar @KarnatakaVarthe @PTI_News  https://t.co/iuCbJKk0cQ",en,"[{'screen_name': 'dhfwka', 'name': ""k'taka health dept"", 'id': '826734320018661378'}, {'screen_name': 'mla_sudhakar', 'name': 'dr sudhakar k', 'id': '742801860914864128'}, {'screen_name': 'karnatakavarthe', 'name': 'dipr karnataka', 'id': '2556450324'}, {'screen_name': 'pti_news', 'name': 'press trust of india', 'id': '245687754'}]",[],['https://pbs.twimg.com/media/E29P4ADUUAErp9r.jpg'],0,1,0,['remdesivir'],[],https://twitter.com/jaideepSTOI/status/1400425835107020804,FALSE,,1,https://pbs.twimg.com/media/E29P4ADUUAErp9r.jpg,India,,,,,,[],,,,
1.40039E+18,1.40039E+18,2021-06-03 15:40:32 India Standard Time,03-06-21,15:40:32,530,113080281,sujay365,Sujay KALPANAPradhan,,Hmm sad ...  Ps - who was that guy from Mumbai who got ready supplies for remdesivir &amp; who was that from Delhi who had all drugs + oxygen cylinders ... My memory is little poor na - am a common man na.,en,[],[],[],0,0,0,[],[],https://twitter.com/sujay365/status/1400394460702253060,FALSE,https://twitter.com/drshamamohd/status/1400385022910214145,0,,India,,,,,,[],,,,
1.40039E+18,1.40039E+18,2021-06-03 15:23:10 India Standard Time,03-06-21,15:23:10,530,84045951,manojtjha,Common Indian Man,,@rajeshtope11 Sir why not proceed against @BJP4Maharashtra leaders @Dev_Fadnavis for similar offence he was committing in arranging  #remdesivir from Gujarat firm? @OfficeofUT @Dwalsepatil @AslamShaikh_MLA  https://t.co/xA2FxyikNq,en,"[{'screen_name': 'bjp4maharashtra', 'name': '‡§≠‡§æ‡§ú‡§™‡§æ ‡§Æ‡§π‡§æ‡§∞‡§æ‡§∑‡•ç‡§ü‡•ç‡§∞', 'id': '532895350'}, {'screen_name': 'dev_fadnavis', 'name': 'devendra fadnavis', 'id': '137780376'}, {'screen_name': 'officeofut', 'name': 'office of uddhav thackeray', 'id': '1144169755672113155'}, {'screen_name': 'dwalsepatil', 'name': 'dilip walse patil', 'id': '314535461'}, {'screen_name': 'aslamshaikh_mla', 'name': 'aslam shaikh, inc üáÆüá≥', 'id': '3080149050'}]",['https://www.latestlaws.com/latest-news/gautam-gambhir-foundation-guilty-of-hoarding-covid-drugs-drug-controller-tells-delhi-hc/'],[],0,1,0,['remdesivir'],[],https://twitter.com/manojtjha/status/1400390089889353730,FALSE,,0,,India,,,,,,[],,,,
1.40036E+18,1.40035E+18,2021-06-03 13:07:51 India Standard Time,03-06-21,13:07:51,530,80385471,abhifour,Abhishek Sharma,,"@TweetinderKaul Steroids being openly sold/donated online and there‚Äôs no one stopping them. In that hysteria I asked my doctor would I need remdesivir for treatment of COVID, he shouted at me saying no. Felt that he was asked this question many times",en,[],[],[],0,0,2,[],[],https://twitter.com/abhifour/status/1400356036725202944,FALSE,,0,,India,,,,,,"[{'screen_name': 'TweetinderKaul', 'name': 'Nikhil Mehra', 'id': '52763416'}]",,,,
1.40015E+18,1.40015E+18,2021-06-02 23:31:41 India Standard Time,02-06-21,23:31:41,530,395748116,setiyar,SEKHAR SETIYAR,,"Supply of critical medical equipment has been scaled up by the Modi government since the outbreak of the pandemic.  Production of Remdesivir has been increased to 1.2 crore by May 2021. Supply of PPE Kits, N-95 masks and ventilators has also been increased.  #IndiaFightsCorona  https://t.co/5MrzCaVqWm",en,[],[],['https://pbs.twimg.com/media/E25VbppWEAYLDSR.jpg'],0,0,0,['indiafightscorona'],[],https://twitter.com/setiyar/status/1400150642937655296,FALSE,,1,https://pbs.twimg.com/media/E25VbppWEAYLDSR.jpg,India,,,,,,[],,,,
1.40006E+18,1.39994E+18,2021-06-02 17:22:06 India Standard Time,02-06-21,17:22:06,530,1.245E+18,sivaramanrajag,Sivaraman RAJAGOPALAN,,@amitmalviya @ImDeepakY Oxygen Audit. Vaccine Audit. Remdesivir Audit. We are born for audit as we do in Invigilance...,en,[],[],[],0,0,1,[],[],https://twitter.com/SivaramanRajag/status/1400057633667575814,FALSE,,0,,India,,,,,,"[{'screen_name': 'amitmalviya', 'name': 'Amit Malviya', 'id': '95588504'}, {'screen_name': 'ImDeepakY', 'name': 'ùïØùñäùñä‚Ñò‡∏Ñùìö ùì®ùì™ùì≠ùì™ùìø üáÆüá≥üôèüö©', 'id': '576235700'}]",,,,
1.39998E+18,1.39998E+18,2021-06-02 11:59:08 India Standard Time,02-06-21,11:59:08,530,9.16592E+17,suraj_suresh16,Suraj Suresh,,"After #Remdesivir vials being stolen from hospitals and being sold in black market, now it's mucormycosis' turn. 10 Amphotericin B vials stolen from Victoria hospital, #Bengaluru which is treating #mucormycosis patients. FIR registered against unknown persons.",en,[],[],[],0,7,2,"['remdesivir', 'bengaluru', 'mucormycosis']",[],https://twitter.com/Suraj_Suresh16/status/1399976357195485185,FALSE,,0,,India,,,,,,[],,,,
1.39989E+18,1.39989E+18,2021-06-02 06:32:51 India Standard Time,02-06-21,06:32:51,530,1.32543E+18,dailyworldnew,DAILY WORLD NEWS,, https://t.co/yjNLN6ZCJ6  ‡§ñ‡•Å‡§≤‡•á ‡§Æ‡•á‡§Ç ‡§ò‡•Ç‡§Æ ‡§∞‡§π‡•á ‡§á‡§∏ ‡§¨‡§æ‡§ò ‡§ï‡•á ‡§ú‡•ã‡§°‡§º‡•á ‡§ï‡•ã ‡§¶‡•á‡§ñ‡§ï‡§∞ ‡§∏‡§°‡§º‡§ï ‡§™‡§∞ ‡§Æ‡•å‡§ú‡•Ç‡§¶ ‡§≤‡•ã‡§ó ‡§π‡•à‡§∞‡§æ‡§® ‡§∞‡§π ‡§ó‡§è.   #Tiger #Chandrapur #Remdesivir,hi,[],['https://youtu.be/FczrmY1-Hjg'],[],0,1,0,"['tiger', 'chandrapur', 'remdesivir']",[],https://twitter.com/DAILYWORLDNEW/status/1399894245197025281,FALSE,,0,,India,,,,,,[],,,,
1.39973E+18,1.39973E+18,2021-06-01 19:26:58 India Standard Time,01-06-21,19:26:58,530,1.31009E+18,drradhikabatra,"Radhika Batra, MD | DM for Covid Help",,"Liposomal AmphB is the new Remdesivir &amp; ECMO beds are the new Tocilizumab‚Ä¶ the crisis hasn‚Äôt abated, just evolved‚Ä¶ miles to go before our #covidtaskforce2021 sleeps! @EveryInfMatters @drharshrai @saurabhkchy @aditi_malhotra_ @IamAbhiMishraa @shivam4720",en,"[{'screen_name': 'everyinfmatters', 'name': 'every infant matters', 'id': '1310087347883503623'}, {'screen_name': 'drharshrai', 'name': 'harsh rai | dm for covid/any help', 'id': '1223530699593904129'}, {'screen_name': 'saurabhkchy', 'name': 'saurabh choudhary', 'id': '3001674886'}, {'screen_name': 'aditi_malhotra_', 'name': 'aditi malhotra', 'id': '109652683'}, {'screen_name': 'iamabhimishraa', 'name': 'abhishek mishra', 'id': '1941392220'}, {'screen_name': 'shivam4720', 'name': 'shivam raghuwanshi', 'id': '988492830'}]",[],[],0,9,9,['covidtaskforce2021'],[],https://twitter.com/DrRadhikaBatra/status/1399726669682860039,FALSE,,0,,India,,,,,,[],,,,
1.3997E+18,1.3997E+18,2021-06-01 17:27:17 India Standard Time,01-06-21,17:27:17,530,1.26812E+18,nitinsi16996363,Nitin Singh Rajput,,@drharshvardhan sir plz we need to ur help Remdesivir injection in Haridwar Ramakrishna mission sewashrama Mr sukhdev singh plz help sir üôè,en,[],[],[],0,0,0,[],[],https://twitter.com/NitinSi16996363/status/1399696550721298433,FALSE,,0,,India,,,,,,[],,,,
1.39967E+18,1.39962E+18,2021-06-01 15:41:52 India Standard Time,01-06-21,15:41:52,530,4025484372,sandeshayodhya,Sandesh Yadav,,@ANI Jyotis vidya ka gyan p**ne wale AIIMS me admit hote hain. Ramdev Shivir kab kaam aayega. Phil haal Remdesivir lijiye.,hi,[],[],[],1,0,0,[],[],https://twitter.com/sandeshayodhya/status/1399670020569899010,FALSE,,0,,India,,,,,,"[{'screen_name': 'ANI', 'name': 'ANI', 'id': '355989081'}]",,,,
1.39966E+18,1.39966E+18,2021-06-01 15:19:01 India Standard Time,01-06-21,15:19:01,530,79202028,mukeshpatani,MUKESH PATANI,,@ArvindKejriwal @msisodia @RahulGandhi @AmitShah @drharshvardhan @yogrishiramdev @ZeeNews @republic #remdesivir demand is finished! WHO has removed it from the list of medicines for treatment of corona! ‡§Ö‡§¨ ‡§Ø‡•á ‡§≤‡•ã‡§ó ‡§ï‡§π‡§æ ‡§ú‡§æ‡§ï‡•á ‡§õ‡§æ‡§§‡•Ä ‡§ï‡•Ç‡§ü‡•á‡§Ç‡§ó‡•á?,en,"[{'screen_name': 'msisodia', 'name': 'manish sisodia', 'id': '30417501'}, {'screen_name': 'rahulgandhi', 'name': 'rahul gandhi', 'id': '3171712086'}, {'screen_name': 'amitshah', 'name': 'amit shah', 'id': '1447949844'}, {'screen_name': 'drharshvardhan', 'name': 'dr harsh vardhan', 'id': '77732185'}, {'screen_name': 'yogrishiramdev', 'name': '‡§∏‡•ç‡§µ‡§æ‡§Æ‡•Ä ‡§∞‡§æ‡§Æ‡§¶‡•á‡§µ', 'id': '559345507'}, {'screen_name': 'zeenews', 'name': 'zee news', 'id': '461841349'}, {'screen_name': 'republic', 'name': 'republic', 'id': '811972460560019456'}]",[],[],0,0,0,['remdesivir'],[],https://twitter.com/mukeshpatani/status/1399664269822599169,FALSE,,0,,India,,,,,,[],,,,
1.3996E+18,1.39563E+18,2021-06-01 10:51:25 India Standard Time,01-06-21,10:51:25,530,1716173982,mohitgupta1962,Mohit Gupta,,"10 days on . Eight days in hospital . A course of remdesivir, steroids and constant insulin doses , Savita Sharma is back home. God is great . Showing victory sign on discharge.  https://t.co/XODMYcJA5E",en,[],[],['https://pbs.twimg.com/media/E2xd_IYVIAYN6_Y.jpg'],0,0,0,[],[],https://twitter.com/mohitgupta1962/status/1399596926593495047,FALSE,,1,https://pbs.twimg.com/media/E2xd_IYVIAYN6_Y.jpg,India,,,,,,[],,,,
1.39959E+18,1.39959E+18,2021-06-01 10:14:06 India Standard Time,01-06-21,10:14:06,530,2837075670,keethu1696,Keerthi Parise,"{'type': 'Point', 'coordinates': [16.9167, 81.8333]}",Remdesivir is not a miracle DRUG ü¶†üß´  All Drugs are not made in HEAVEN üòé  Drugs are made from the HERBS üå±üåµü™¥üåøüå¥ @ Kadiyam  https://t.co/fMA5Ls4exL,en,[],['https://www.instagram.com/p/CPkIlPKA1BNDLQxEibrzAgJ6sWBjde0hFbQTDM0/?utm_medium=twitter'],[],0,0,0,[],[],https://twitter.com/keethu1696/status/1399587537245642752,FALSE,,0,,India,,,,,,[],,,,
1.39954E+18,1.39954E+18,2021-06-01 06:51:46 India Standard Time,01-06-21,06:51:46,530,1.03754E+18,raahat25236487,raahat,,@nitin_gadkari @PiyushGoyal this will b a relief to be used in future years in small portions.But big mental relief. Also party leaders seen in remdesivir n vaccine sales but not in help. The party chief saying ukaad phekenge. The Dhankar sitting to disturb.,en,"[{'screen_name': 'piyushgoyal', 'name': 'piyush goyal', 'id': '1324334436'}]",[],[],1,0,0,[],[],https://twitter.com/raahat25236487/status/1399536619460329473,FALSE,,0,,India,,,,,,[],,,,
1.4025E+18,1.4025E+18,2021-06-09 11:08:31 India Standard Time,09-06-21,11:08:31,530,1.24391E+18,askdrak,Dr Abhishek Kumar,,"#Remdesivir should be provided by Hospitals and patients relatives/attendants cannot be asked to procure the same, will bring relief to many. To be used selectively in moderate to severe cases only within 7-10 days of illness. As per advisory issued by @MoHFW_INDIA dt 07/06/21.",en,"[{'screen_name': 'mohfw_india', 'name': 'ministry of health', 'id': '2596143056'}]",[],[],0,0,0,['remdesivir'],[],https://twitter.com/askDrAK/status/1402500335176806402,FALSE,,0,,India,,,,,,[],,,,
1.40249E+18,1.40249E+18,2021-06-09 10:23:29 India Standard Time,09-06-21,10:23:29,530,1.09213E+18,ankitmishra097,Ankit Kumar Mishra,,"Kenya didn't had Remdesivir, medical oxygen, injections..all it had was food grains so it sent that to register itself in history as a significant friend  This is story of Kenya..a tribal country  @IndiainKenya @DrSJaishankar  https://t.co/sGMmNWdlVX",en,"[{'screen_name': 'indiainkenya', 'name': 'india in kenya', 'id': '2575774367'}, {'screen_name': 'drsjaishankar', 'name': 'dr. s. jaishankar', 'id': '859363899291742210'}]",[],['https://pbs.twimg.com/media/E3akTvKVIAcT7Yf.jpg'],0,0,0,[],[],https://twitter.com/ankitmishra097/status/1402489001324417025,FALSE,,1,https://pbs.twimg.com/media/E3akTvKVIAcT7Yf.jpg,India,,,,,,[],,,,
1.40192E+18,1.40192E+18,2021-06-07 20:52:19 India Standard Time,07-06-21,20:52:19,530,1.40003E+18,scientists360,Junior_Scientists_360,,"Mucormycosis - The Post Covid-19 Infection : The most common form of mucormycosis in COVID 19 patients is pulmonary mucormycosis, closely followed by Rhinocerebral mucormycosis. Glucocorticoids and Remdesivir are some of the only drugs that have been beneficial in COVID 19.  https://t.co/Pgn7aZ3K9U",en,[],[],['https://pbs.twimg.com/media/E3ShD9FVoAMdDKA.jpg'],0,0,4,[],[],https://twitter.com/Scientists360/status/1401922475919769602,FALSE,,1,https://pbs.twimg.com/media/E3ShD9FVoAMdDKA.jpg,India,,,,,,[],,,,
1.40178E+18,1.40173E+18,2021-06-07 11:43:14 India Standard Time,07-06-21,11:43:14,530,300081964,uttamkaul,Rebel_warrior,,@AboutIndia @sandychandrandr @Sonal_MK @MoHFW_INDIA We were going overboard on remdesivir and plasma,en,[],[],[],0,0,0,[],[],https://twitter.com/uttamkaul/status/1401784295526526976,FALSE,,0,,India,,,,,,"[{'screen_name': 'AboutIndia', 'name': 'Sharell Cook', 'id': '28517909'}, {'screen_name': 'sandychandrandr', 'name': 'sandy', 'id': '1709496199'}, {'screen_name': 'Sonal_MK', 'name': 'Sonal MehrotraKapoor', 'id': '379544677'}, {'screen_name': 'MoHFW_INDIA', 'name': 'Ministry of Health', 'id': '2596143056'}]",,,,
1.40176E+18,1.40175E+18,2021-06-07 09:50:16 India Standard Time,07-06-21,09:50:16,530,1.3073E+18,drsaimakhan3,Dr.Saima khan,,"Advised to exercise extreme caution when ordering Remdesivir‚Äî‚Äúas this is only an experimental drug and has a potential to harm.‚Äù Romance with remdesivir is over. This is unbelievable! Full page on steroid and anti-coagulants.Sensible, straightforward advice on steroid: (6/n)",en,[],[],[],3,0,3,[],[],https://twitter.com/DrSaimakhan3/status/1401755865317711878,FALSE,,0,,India,,,,,,[],,,,
1.40176E+18,1.40175E+18,2021-06-07 09:47:56 India Standard Time,07-06-21,09:47:56,530,1.3073E+18,drsaimakhan3,Dr.Saima khan,,‚ÄúExercise extreme caution when ordering an HRCT.‚Äù Full page on HRCT. When HRCT is needed; 4 bullet points on why routine HRCT shouldn‚Äôt be done and 4 bullet points on when HRCT should not be ordered!Full page on Remdesivir and Tocilizumab.(5/n),en,[],[],[],1,0,2,[],[],https://twitter.com/DrSaimakhan3/status/1401755280866611205,FALSE,,0,,India,,,,,,[],,,,
1.40146E+18,1.40146E+18,2021-06-06 14:21:10 India Standard Time,06-06-21,14:21:10,530,1.00662E+18,tripathyak1,Ashok Kumar TripathyüáÆüá≥IAS R IIT KGP,,"1/2 DelhiGovt @ArvindKejriwal @msisodia which had failed in curbing the black marketing of O2, CovidMedicines like Remdesivir , O2 Hospital beds during the peak of 2nd CovidWave has now admitted that they are unable to stop black marketing of food grains for poor! @sambitswaraj",en,"[{'screen_name': 'arvindkejriwal', 'name': 'arvind kejriwal', 'id': '405427035'}, {'screen_name': 'msisodia', 'name': 'manish sisodia', 'id': '30417501'}, {'screen_name': 'sambitswaraj', 'name': 'sambit patra', 'id': '1368737382'}]",[],[],1,0,0,[],[],https://twitter.com/tripathyak1/status/1401461653485490178,FALSE,,0,,India,,,,,,[],,,,
1.40146E+18,1.40144E+18,2021-06-06 14:15:34 India Standard Time,06-06-21,14:15:34,530,150164817,pankajyotee,PANKAJ .PANDYA,,"@ZeeNewsEnglish @ArvindKejriwal @msisodia  because black marketing of pitza is not possible as it was case of oxyzen cilinder, remdesivir, oxyzen concentrators in your regime and by your goons . Sorry, your plans for black marketing of ration is failed. Better luck next time..!!!",en,"[{'screen_name': 'msisodia', 'name': 'manish sisodia', 'id': '30417501'}]",[],[],0,0,0,[],[],https://twitter.com/pankajyotee/status/1401460243352096770,FALSE,,0,,India,,,,,,"[{'screen_name': 'ZeeNewsEnglish', 'name': 'Zee News English', 'id': '18071358'}]",,,,
1.40412E+18,1.40411E+18,2021-06-13 22:34:09 India Standard Time,13-06-21,22:34:09,530,1.35506E+18,brownandbeauti4,Jalebi Bai‚öΩÔ∏è,,"@ChitrakShivalik @Google @Facebook @WhatsApp @Tesla @Apple Bilkul..if you see the actual agenda of Congress to introduce GST was one nation one tax. But BJP has completely spoiled the purpose of it. 28% GST on ambulance...12% on remdesivir 18% iphone. For the first time, luxury was cheap than essential service or facilities",en,[],[],[],0,0,1,[],[],https://twitter.com/BrownandBeauti4/status/1404122428976943111,FALSE,,0,,India,,,,,,"[{'screen_name': 'ChitrakShivalik', 'name': 'Chitrak Shah', 'id': '1163274109863677952'}, {'screen_name': 'Google', 'name': 'Google', 'id': '20536157'}, {'screen_name': 'Facebook', 'name': 'Facebook', 'id': '217804739'}, {'screen_name': 'WhatsApp', 'name': 'WhatsApp', 'id': '40148479'}, {'screen_name': 'Tesla', 'name': 'Tesla', 'id': '13298072'}, {'screen_name': 'Apple', 'name': 'Apple', 'id': '380749300'}]",,,,
1.40404E+18,1.40404E+18,2021-06-13 17:25:39 India Standard Time,13-06-21,17:25:39,530,73341971,ravi4354,Ravi Srivastava üáÆüá≥,,"Yes , quickly , How to fudge the No of Deaths  How to float bodies in river save cremation  How to hoard #remdesivir Oxy Cyls Concentrators&amp;sell in Black  How to charge exorbitant GST&amp; reduce only after cases reduce  How to profiteer on FuelPrices  How to manipulate Gap in2doses  https://t.co/78mOnvDdHf",en,[],[],['https://pbs.twimg.com/media/E3wrS88VEAAULFN.jpg'],2,0,4,['remdesivir'],[],https://twitter.com/ravi4354/status/1404044792682532867,FALSE,,1,https://pbs.twimg.com/media/E3wrS88VEAAULFN.jpg,India,,,,,,[],,,,
1.4037E+18,1.4037E+18,2021-06-12 18:45:46 India Standard Time,12-06-21,18:45:46,530,1.40223E+18,sauravkumarmo12,Saurav Kumar Modi,,"GST Council has approved a reduction in rate for Remdesivir from 12% to 5%. No tax on Tocilizumab, Amphotericin B medicines. GST rates on the specified items being used in COVID19 relief and management till 30th September 2021  https://t.co/3hiONJeGLu",en,[],[],"['https://pbs.twimg.com/media/E3r0CevVkAQRO1u.png', 'https://pbs.twimg.com/media/E3r0CtcVgAEBeBo.png']",0,0,0,[],[],https://twitter.com/SauravKumarMo12/status/1403702570426662915,FALSE,,1,https://pbs.twimg.com/media/E3r0CevVkAQRO1u.png,India,,,,,,[],,,,
1.40368E+18,1.40366E+18,2021-06-12 17:30:54 India Standard Time,12-06-21,17:30:54,530,16837791,ksamuel,Aji Samuel,,@PTI_News Remdesivir is not a corona medicine as per GOI,pt,[],[],[],0,0,2,[],[],https://twitter.com/ksamuel/status/1403683726337343494,FALSE,,0,,India,,,,,,"[{'screen_name': 'PTI_News', 'name': 'Press Trust of India', 'id': '245687754'}]",,,,
1.40368E+18,1.40368E+18,2021-06-12 17:22:34 India Standard Time,12-06-21,17:22:34,530,1.1511E+18,sdtalks_,Sangeeth DasüáÆüá≥,,"üî∑ Finance Minister of India Nirmala Sitharaman announced tax cut on  COVID19 essential items. üî∑ GST Council has approved a reduction in rate for Remdesivir from 12% to 5%. üî∑No tax on Tocilizumab, Amphotericin B medicines. üî∑ Till 30th Sep 2021. #NirmalaSitharaman #GSTCouncil  https://t.co/T14ppNytri",en,[],[],['https://pbs.twimg.com/media/E3rhAOIVkAQFb4N.jpg'],1,1,3,"['nirmalasitharaman', 'gstcouncil']",[],https://twitter.com/SDtalks_/status/1403681630691094535,FALSE,,1,https://pbs.twimg.com/media/E3rhAOIVkAQFb4N.jpg,India,,,,,,[],,,,
1.40367E+18,1.40367E+18,2021-06-12 16:22:06 India Standard Time,12-06-21,16:22:06,530,1.38563E+18,24topnews_,24TopNews,,#GSTCouncil has agreed to reduce the GST on COVID vaccines to 5%. GST on anti-viral drug Remdesivir has been reduced from 12% to 5% while anti-fungal drug Amphotericin-B has been exempted from all kinds of GST: Finance Minister @nsitharaman  https://t.co/t8e1an0u48,en,"[{'screen_name': 'nsitharaman', 'name': 'nirmala sitharaman', 'id': '58243368'}]",[],['https://pbs.twimg.com/media/E3rTKJlVcAABbJo.jpg'],0,0,5,['gstcouncil'],[],https://twitter.com/24TopNews_/status/1403666415035449344,FALSE,,1,https://pbs.twimg.com/media/E3rTKJlVcAABbJo.jpg,India,,,,,,[],,,,
1.40367E+18,1.40367E+18,2021-06-12 16:21:25 India Standard Time,12-06-21,16:21:25,530,1.32935E+18,jehlamtimes,Jehlam Times,,"GST Council cuts tax on Covid meds, equipment's  NEW DELHI: The GST Council on Saturday slashed the tax rate on COVID-19 medicines such as Remdesivir and equipment like oxygen concentrators and medical grade oxygen.  https://t.co/MB3PWJUM2Z",en,[],[],['https://pbs.twimg.com/media/E3rTAeFVEAML5ba.jpg'],0,0,4,[],[],https://twitter.com/JehlamTimes/status/1403666242016210946,FALSE,,1,https://pbs.twimg.com/media/E3rTAeFVEAML5ba.jpg,India,,,,,,[],,,,
1.40354E+18,1.40354E+18,2021-06-12 08:16:25 India Standard Time,12-06-21,08:16:25,530,1.20803E+18,mohamma16048494,üíñ‚úçüèª._.ÿ¥ÿßÿ∞_,,"‡§Ø‡•á ‡§ú‡§æ‡§π‡§ø‡§≤ ‡§ñ‡•Å‡§¶ ‡§ï‡•ã ‡§°‡•â‡§ï‡•ç‡§ü‡§∞ ‡§¨‡•ã‡§≤‡§§‡•á ‡§π‡•à ‡§ì‡§∞ ‡§π‡§Æ‡§æ‡§∞‡•á ‡§°‡•â‡§ï‡•ç‡§ü‡§∞‡•ã‡§Ç ‡§ï‡•Ä ‡§Æ‡§ú‡§º‡§æ‡§ï ‡§¨‡§®‡§æ‡§§‡•á ‡§π‡•à ‡§ì‡§∞ ‡§á‡§®‡§ï‡•á ‡§≠‡§ï‡•ç‡§§ ‡§á‡§®‡§ï‡•Ä ‡§¨‡§æ‡§§‡•ã ‡§Æ‡•á‡§Ç ‡§ñ‡•Ç‡§¨ ‡§Ü ‡§ú‡§æ‡§§‡•á ‡§π‡•à,‡§Ö‡§≠‡•Ä ‡§ï‡•ç‡§Ø‡§æ ‡§π‡•Å‡§Ü ‡§µ‡•ç‡§Ø‡§™‡§æ‡§∞‡•Ä #RamdevBaba ‡§ö‡§ø‡§ö‡§æ ‡§π‡§µ‡§æ ‡§≤‡•á ‡§ó‡§Ø‡•Ä ‡§ú‡•ã ‡§Ö‡§¨ ‡§ê‡§≤‡•ã‡§™‡•à‡§•‡§ø‡§ï #remdesivir ‡§ì‡§∞ ‡§π‡§Æ‡§æ‡§∞‡•á ‡§°‡•â‡§ï‡•ç‡§ü‡§∞‡•ã‡§Ç ‡§ï‡•Ä ‡§§‡§æ‡§∞‡•Ä‡§´ ‡§ï‡§∞‡§®‡•á ‡§≤‡§ó‡•á ‡§î‡§∞ ‡§¨‡•ã‡§≤ ‡§∞‡§π‡•á ‡§π‡•ã ‡§Æ‡•á‡§Ç ‡§≠‡•Ä ‡§°‡§¨‡§≤ ‡§µ‡•á‡§ï‡•ç‡§∏‡•Ä‡§® ‡§≤‡•Ç‡§Ç‡§ó‡§æ #IMA ‡§°‡§∞ ‡§ï‡§æ ‡§Æ‡§æ‡§π‡•å‡§≤ ‡§π‡•à‡•§  https://t.co/UXVQyKMtSo",hi,[],[],['https://pbs.twimg.com/media/E3pj-eVVUAYK_XK.jpg'],0,0,0,"['ramdevbaba', 'remdesivir', 'ima']",[],https://twitter.com/Mohamma16048494/status/1403544185244839937,FALSE,,1,https://pbs.twimg.com/media/E3pj-eVVUAYK_XK.jpg,India,,,,,,[],,,,
1.40324E+18,1.40324E+18,2021-06-11 12:20:38 India Standard Time,11-06-21,12:20:38,530,2359549314,dilipkumar9990,DILIPKUMAR üáÆüá≥,,"Kindly take the record from all pharmacies on the supply of Remdesivir, Dexamethasone, and Fabiflu, and other drugs asked High Court to Delhi Govt. We want audit on drug supply in Delhi.@ArvindKejriwal #CourtSlamsKejriwal  https://t.co/o46VPEMtDN",en,"[{'screen_name': 'arvindkejriwal', 'name': 'arvind kejriwal', 'id': '405427035'}]",[],['https://pbs.twimg.com/media/E3lSTfwVcAMsnOs.jpg'],0,0,0,['courtslamskejriwal'],[],https://twitter.com/DILIPKUMAR9990/status/1403243256683528193,FALSE,,1,https://pbs.twimg.com/media/E3lSTfwVcAMsnOs.jpg,India,,,,,,[],,,,
1.40286E+18,1.40286E+18,2021-06-10 10:43:26 India Standard Time,10-06-21,10:43:26,530,3167796084,shetty_kc,Kc Ashok Shetty,,This is how Karnataka BJP are cheating in State  ‚òÖ cheating on drought relief ‚òÖ Cheating on GST ‚òÖ Cheating at PM Cares ‚òÖ Cheating on Remdesivir ‚òÖ Fraud in Oxygen ‚òÖ Cheating on Amputation ‚òÖ  cheating on vaccines  The state's 25 MP'S are Hiding at home.  #BJPFailedKarnataka,en,[],[],[],0,1,1,['bjpfailedkarnataka'],[],https://twitter.com/shetty_kc/status/1402856408849158148,FALSE,,0,,India,,,,,,[],,,,
1.40538E+18,1.40538E+18,2021-06-17 09:56:25 India Standard Time,17-06-21,09:56:25,530,7.70811E+17,sudh_wdn,Sudhakar Tekriwal,,Bombay High Court has Ordered Investigation against Actor Sonu Sood and Congress MLA Zeeshan Siddiqui on Criminal Complaint of Alleged Remdesivir Black Marketing during Pandemic.,en,[],[],[],0,0,0,[],[],https://twitter.com/sudh_wdn/status/1405381293764796416,FALSE,,0,,India,,,,,,[],,,,
1.40523E+18,1.40519E+18,2021-06-16 23:37:24 India Standard Time,16-06-21,23:37:24,530,1.10875E+18,station_vu2ikk,Krishnakumar,,@IndiaToday @sardesairajdeep Already ICMR Withdrew Several Drugs Remdesivir to Zinc Supplements.Corporates Minting Millions.Govts Uncertainty On Drugs &amp; Vaccines Playing With Precious Lives Leading Controversial RTI.Obviously Evident D Natural Immune Mechanism Saving Lives Beyond Unclear Medical Procedures  https://t.co/BUcGeiJf88,en,[],[],"['https://pbs.twimg.com/media/E4BdHzzVkAEdzNd.jpg', 'https://pbs.twimg.com/media/E4BdIcQUcAYcNn7.jpg', 'https://pbs.twimg.com/media/E4BdI5rVUAAithJ.jpg', 'https://pbs.twimg.com/media/E4BdJ19UYAIrWPV.jpg']",0,0,0,[],[],https://twitter.com/Station_vu2ikk/status/1405225511115051011,FALSE,,1,https://pbs.twimg.com/media/E4BdHzzVkAEdzNd.jpg,India,,,,,,"[{'screen_name': 'IndiaToday', 'name': 'IndiaToday', 'id': '19897138'}, {'screen_name': 'sardesairajdeep', 'name': 'Rajdeep Sardesai', 'id': '56304605'}]",,,,
1.40522E+18,1.40519E+18,2021-06-16 22:55:40 India Standard Time,16-06-21,22:55:40,530,1.10875E+18,station_vu2ikk,Krishnakumar,,@IndiaToday @sardesairajdeep Already ICMR Withdrew Several Drugs Remdesivir to Zinc Supplements.Corporates Minting Millions.Govts Uncertainty  On Drugs &amp; Vaccines Playing With Precious Lives Leading Controversial RTI.Obviously Evident D Natural Immune Mechanism Saving Lives Beyond Unclear Medical Procedures  https://t.co/9NZZnXbZBd,en,[],[],"['https://pbs.twimg.com/media/E4BTkUGUcAQzFXG.jpg', 'https://pbs.twimg.com/media/E4BTlFxVEAM6Ycn.jpg', 'https://pbs.twimg.com/media/E4BTl_kVEAQkDH9.jpg', 'https://pbs.twimg.com/media/E4BTmi4VkAEeVmZ.jpg']",0,0,0,[],[],https://twitter.com/Station_vu2ikk/status/1405215008552669186,FALSE,,1,https://pbs.twimg.com/media/E4BTkUGUcAQzFXG.jpg,India,,,,,,"[{'screen_name': 'IndiaToday', 'name': 'IndiaToday', 'id': '19897138'}, {'screen_name': 'sardesairajdeep', 'name': 'Rajdeep Sardesai', 'id': '56304605'}]",,,,
1.4052E+18,1.4052E+18,2021-06-16 21:41:13 India Standard Time,16-06-21,21:41:13,530,1.11152E+18,tezpurbuzz,Tezpur Buzz‚Ñ¢,,Bombay HC asks state government to find how Sonu Sood and Zeeshan Siddiqui procured Remdesivir  https://t.co/2DXZUvOW3Q,en,[],[],['https://pbs.twimg.com/media/E4BCi8-VEAoe8cD.jpg'],0,0,6,[],[],https://twitter.com/TezpurBuzz/status/1405196274010185739,FALSE,,1,https://pbs.twimg.com/media/E4BCi8-VEAoe8cD.jpg,India,,,,,,[],,,,
1.40518E+18,1.40518E+18,2021-06-16 20:34:05 India Standard Time,16-06-21,20:34:05,530,8.3655E+17,sipgrab,SipGrab,"{'type': 'Point', 'coordinates': [28.63213091, 77.22217788]}","Gujarat MLA to HC: Remdesivir was distributed from BJP office to ""save lives""  https://t.co/zeDsvA3U3X #Nifty #Sipgrab #UnitingPeopleWithThePossibilities",en,[],['http://dlvr.it/S1rd7t'],[],0,0,0,"['nifty', 'sipgrab', 'unitingpeoplewiththepossibilities']",[],https://twitter.com/sipgrab/status/1405179376627425281,FALSE,,0,,India,,,,,,[],,,,
1.40507E+18,1.40507E+18,2021-06-16 13:09:40 India Standard Time,16-06-21,13:09:40,530,1.24967E+18,aamirkh34790860,Aamir,,Those who want #Remdesivir inj contact me on this 7700028143 We have 2 vials  https://t.co/S7SYNqKxbN,en,[],[],['https://pbs.twimg.com/media/E3_NeOyWYAMw1z9.jpg'],0,0,0,['remdesivir'],[],https://twitter.com/Aamirkh34790860/status/1405067537780408328,FALSE,,1,https://pbs.twimg.com/media/E3_NeOyWYAMw1z9.jpg,India,,,,,,[],,,,
1.40505E+18,1.40505E+18,2021-06-16 12:01:04 India Standard Time,16-06-21,12:01:04,530,551918935,narsibenwal,Narsi Benwal,,"In @SonuSood case, he got #Remdesivir from Life Line Medical Care Hospital, Goregaon which received the vials from @Cipla_Global (Bhiwandi). Probe is the doorstep of #Cipla, #BombayHC informed.   HC asks state govt to probe the roles of #SonuSood &amp; #ZeeshanSiddiqui   @fpjindia",en,"[{'screen_name': 'sonusood', 'name': 'sonu sood', 'id': '295026890'}, {'screen_name': 'cipla_global', 'name': 'cipla', 'id': '707860258132103168'}, {'screen_name': 'fpjindia', 'name': 'free press journal', 'id': '295693924'}]",[],[],1,4,1,"['remdesivir', 'cipla', 'bombayhc', 'sonusood', 'zeeshansiddiqui']",[],https://twitter.com/NarsiBenwal/status/1405050274322944000,FALSE,,0,,India,,,,,,[],,,,
1.40505E+18,1.40505E+18,2021-06-16 11:55:08 India Standard Time,16-06-21,11:55:08,530,551918935,narsibenwal,Narsi Benwal,,"Troubles for @SonuSood &amp; @zeeshan_iyc as #BombayHC asks @CMOMaharashtra to 'seriously check their incriminating roles' in providing #Remdesivir to people through social media.  Criminal case lodged against a Trust through which Zeeshan supplied the drug, HC Told  @fpjindia",en,"[{'screen_name': 'sonusood', 'name': 'sonu sood', 'id': '295026890'}, {'screen_name': 'zeeshan_iyc', 'name': 'zeeshan siddique', 'id': '560762145'}, {'screen_name': 'cmomaharashtra', 'name': 'cmo maharashtra', 'id': '2597666894'}, {'screen_name': 'fpjindia', 'name': 'free press journal', 'id': '295693924'}]",[],[],1,7,2,"['bombayhc', 'remdesivir']",[],https://twitter.com/NarsiBenwal/status/1405048780773285895,FALSE,,0,,India,,,,,,[],,,,
1.40504E+18,1.40504E+18,2021-06-16 11:17:34 India Standard Time,16-06-21,11:17:34,530,8.54353E+17,lancelot_pinto,Lancelot Pinto,,"And by extension, there may be a role for antiviral drugs such as Remdesivir when used in this phenotype of hospitalized individuals who for some reason, haven‚Äôt mounted an immune response n/n @cspramesh @spkalantri @rkmjs1 @riteshpgi @ArvinderSoin @Parvaizkoul @DrJoyeeta",en,"[{'screen_name': 'cspramesh', 'name': 'pramesh cs', 'id': '776381850864406528'}, {'screen_name': 'spkalantri', 'name': 'sp kalantri', 'id': '44807755'}, {'screen_name': 'rkmjs1', 'name': 'dr. r.k.mani', 'id': '1159755926'}, {'screen_name': 'riteshpgi', 'name': 'ritesh agarwal', 'id': '600854800'}, {'screen_name': 'arvindersoin', 'name': 'dr. arvinder singh soin', 'id': '1134423305790795776'}, {'screen_name': 'parvaizkoul', 'name': 'parvaiz koul', 'id': '304184107'}, {'screen_name': 'drjoyeeta', 'name': 'joey', 'id': '469503746'}]",[],[],1,1,3,[],[],https://twitter.com/lancelot_pinto/status/1405039328015785987,FALSE,,0,,India,,,,,,[],,,,
1.40489E+18,1.40489E+18,2021-06-16 01:07:50 India Standard Time,16-06-21,01:07:50,530,93828568,shaelesh,Shaelesh,,No big deal as #Remdesivir use for Covid is being discouraged globally!,en,[],[],[],0,0,0,['remdesivir'],[],https://twitter.com/Shaelesh/status/1404885882172182530,FALSE,https://twitter.com/KiranKS/status/1404841966991409152,0,,India,,,,,,[],,,,
1.40482E+18,1.40482E+18,2021-06-15 20:48:33 India Standard Time,15-06-21,20:48:33,530,526454051,sandeepvarma15,SandeepVarma,,"Looks like they are all close to top leaders of BJP &amp; AAP, who have assured them of hospital beds, oxygen, remdesivir, in case they become Covid19 positive in the 3rd wave...",en,[],[],[],1,0,2,[],[],https://twitter.com/sandeepvarma15/status/1404820631712059392,FALSE,https://twitter.com/anupsoans/status/1404746472654995458,0,,India,,,,,,[],,,,
1.40441E+18,1.40441E+18,2021-06-14 17:27:39 India Standard Time,14-06-21,17:27:39,530,8.16256E+17,dishaf_india,Disha Foundation,,"Home-based #Ayurvedic therapy of #tribals for #COVID was successful in Surgana block, #Nashik.Tribals reluctant to visit hospitals were counselled &amp; provided #ayurvedicmedicine without #remdesivir or #Oxygen. This good model of #COVID19India treatment needs replication.",en,[],[],[],3,3,9,"['ayurvedic', 'tribals', 'covid', 'nashik', 'ayurvedicmedicine', 'remdesivir', 'oxygen', 'covid19india']",[],https://twitter.com/DishaF_India/status/1404407687291486208,FALSE,https://twitter.com/Mahendra_Sakal/status/1403931862200770562,0,,India,,,,,,[],,,,
1.40538E+18,1.40538E+18,2021-06-17 09:56:25 India Standard Time,17-06-21,09:56:25,530,7.70811E+17,sudh_wdn,Sudhakar Tekriwal,,Bombay High Court has Ordered Investigation against Actor Sonu Sood and Congress MLA Zeeshan Siddiqui on Criminal Complaint of Alleged Remdesivir Black Marketing during Pandemic.,en,[],[],[],0,0,0,[],[],https://twitter.com/sudh_wdn/status/1405381293764796416,FALSE,,0,,India,,,,,,[],,,,
1.40523E+18,1.40519E+18,2021-06-16 23:37:24 India Standard Time,16-06-21,23:37:24,530,1.10875E+18,station_vu2ikk,Krishnakumar,,@IndiaToday @sardesairajdeep Already ICMR Withdrew Several Drugs Remdesivir to Zinc Supplements.Corporates Minting Millions.Govts Uncertainty On Drugs &amp; Vaccines Playing With Precious Lives Leading Controversial RTI.Obviously Evident D Natural Immune Mechanism Saving Lives Beyond Unclear Medical Procedures  https://t.co/BUcGeiJf88,en,[],[],"['https://pbs.twimg.com/media/E4BdHzzVkAEdzNd.jpg', 'https://pbs.twimg.com/media/E4BdIcQUcAYcNn7.jpg', 'https://pbs.twimg.com/media/E4BdI5rVUAAithJ.jpg', 'https://pbs.twimg.com/media/E4BdJ19UYAIrWPV.jpg']",0,0,0,[],[],https://twitter.com/Station_vu2ikk/status/1405225511115051011,FALSE,,1,https://pbs.twimg.com/media/E4BdHzzVkAEdzNd.jpg,India,,,,,,"[{'screen_name': 'IndiaToday', 'name': 'IndiaToday', 'id': '19897138'}, {'screen_name': 'sardesairajdeep', 'name': 'Rajdeep Sardesai', 'id': '56304605'}]",,,,
1.40522E+18,1.40519E+18,2021-06-16 22:55:40 India Standard Time,16-06-21,22:55:40,530,1.10875E+18,station_vu2ikk,Krishnakumar,,@IndiaToday @sardesairajdeep Already ICMR Withdrew Several Drugs Remdesivir to Zinc Supplements.Corporates Minting Millions.Govts Uncertainty  On Drugs &amp; Vaccines Playing With Precious Lives Leading Controversial RTI.Obviously Evident D Natural Immune Mechanism Saving Lives Beyond Unclear Medical Procedures  https://t.co/9NZZnXbZBd,en,[],[],"['https://pbs.twimg.com/media/E4BTkUGUcAQzFXG.jpg', 'https://pbs.twimg.com/media/E4BTlFxVEAM6Ycn.jpg', 'https://pbs.twimg.com/media/E4BTl_kVEAQkDH9.jpg', 'https://pbs.twimg.com/media/E4BTmi4VkAEeVmZ.jpg']",0,0,0,[],[],https://twitter.com/Station_vu2ikk/status/1405215008552669186,FALSE,,1,https://pbs.twimg.com/media/E4BTkUGUcAQzFXG.jpg,India,,,,,,"[{'screen_name': 'IndiaToday', 'name': 'IndiaToday', 'id': '19897138'}, {'screen_name': 'sardesairajdeep', 'name': 'Rajdeep Sardesai', 'id': '56304605'}]",,,,
1.4052E+18,1.4052E+18,2021-06-16 21:41:13 India Standard Time,16-06-21,21:41:13,530,1.11152E+18,tezpurbuzz,Tezpur Buzz‚Ñ¢,,Bombay HC asks state government to find how Sonu Sood and Zeeshan Siddiqui procured Remdesivir  https://t.co/2DXZUvOW3Q,en,[],[],['https://pbs.twimg.com/media/E4BCi8-VEAoe8cD.jpg'],0,0,6,[],[],https://twitter.com/TezpurBuzz/status/1405196274010185739,FALSE,,1,https://pbs.twimg.com/media/E4BCi8-VEAoe8cD.jpg,India,,,,,,[],,,,
1.40518E+18,1.40518E+18,2021-06-16 20:34:05 India Standard Time,16-06-21,20:34:05,530,8.3655E+17,sipgrab,SipGrab,"{'type': 'Point', 'coordinates': [28.63213091, 77.22217788]}","Gujarat MLA to HC: Remdesivir was distributed from BJP office to ""save lives""  https://t.co/zeDsvA3U3X #Nifty #Sipgrab #UnitingPeopleWithThePossibilities",en,[],['http://dlvr.it/S1rd7t'],[],0,0,0,"['nifty', 'sipgrab', 'unitingpeoplewiththepossibilities']",[],https://twitter.com/sipgrab/status/1405179376627425281,FALSE,,0,,India,,,,,,[],,,,
1.40507E+18,1.40507E+18,2021-06-16 13:09:40 India Standard Time,16-06-21,13:09:40,530,1.24967E+18,aamirkh34790860,Aamir,,Those who want #Remdesivir inj contact me on this 7700028143 We have 2 vials  https://t.co/S7SYNqKxbN,en,[],[],['https://pbs.twimg.com/media/E3_NeOyWYAMw1z9.jpg'],0,0,0,['remdesivir'],[],https://twitter.com/Aamirkh34790860/status/1405067537780408328,FALSE,,1,https://pbs.twimg.com/media/E3_NeOyWYAMw1z9.jpg,India,,,,,,[],,,,
1.40505E+18,1.40505E+18,2021-06-16 12:01:04 India Standard Time,16-06-21,12:01:04,530,551918935,narsibenwal,Narsi Benwal,,"In @SonuSood case, he got #Remdesivir from Life Line Medical Care Hospital, Goregaon which received the vials from @Cipla_Global (Bhiwandi). Probe is the doorstep of #Cipla, #BombayHC informed.   HC asks state govt to probe the roles of #SonuSood &amp; #ZeeshanSiddiqui   @fpjindia",en,"[{'screen_name': 'sonusood', 'name': 'sonu sood', 'id': '295026890'}, {'screen_name': 'cipla_global', 'name': 'cipla', 'id': '707860258132103168'}, {'screen_name': 'fpjindia', 'name': 'free press journal', 'id': '295693924'}]",[],[],1,4,1,"['remdesivir', 'cipla', 'bombayhc', 'sonusood', 'zeeshansiddiqui']",[],https://twitter.com/NarsiBenwal/status/1405050274322944000,FALSE,,0,,India,,,,,,[],,,,
1.40505E+18,1.40505E+18,2021-06-16 11:55:08 India Standard Time,16-06-21,11:55:08,530,551918935,narsibenwal,Narsi Benwal,,"Troubles for @SonuSood &amp; @zeeshan_iyc as #BombayHC asks @CMOMaharashtra to 'seriously check their incriminating roles' in providing #Remdesivir to people through social media.  Criminal case lodged against a Trust through which Zeeshan supplied the drug, HC Told  @fpjindia",en,"[{'screen_name': 'sonusood', 'name': 'sonu sood', 'id': '295026890'}, {'screen_name': 'zeeshan_iyc', 'name': 'zeeshan siddique', 'id': '560762145'}, {'screen_name': 'cmomaharashtra', 'name': 'cmo maharashtra', 'id': '2597666894'}, {'screen_name': 'fpjindia', 'name': 'free press journal', 'id': '295693924'}]",[],[],1,7,2,"['bombayhc', 'remdesivir']",[],https://twitter.com/NarsiBenwal/status/1405048780773285895,FALSE,,0,,India,,,,,,[],,,,
1.40504E+18,1.40504E+18,2021-06-16 11:17:34 India Standard Time,16-06-21,11:17:34,530,8.54353E+17,lancelot_pinto,Lancelot Pinto,,"And by extension, there may be a role for antiviral drugs such as Remdesivir when used in this phenotype of hospitalized individuals who for some reason, haven‚Äôt mounted an immune response n/n @cspramesh @spkalantri @rkmjs1 @riteshpgi @ArvinderSoin @Parvaizkoul @DrJoyeeta",en,"[{'screen_name': 'cspramesh', 'name': 'pramesh cs', 'id': '776381850864406528'}, {'screen_name': 'spkalantri', 'name': 'sp kalantri', 'id': '44807755'}, {'screen_name': 'rkmjs1', 'name': 'dr. r.k.mani', 'id': '1159755926'}, {'screen_name': 'riteshpgi', 'name': 'ritesh agarwal', 'id': '600854800'}, {'screen_name': 'arvindersoin', 'name': 'dr. arvinder singh soin', 'id': '1134423305790795776'}, {'screen_name': 'parvaizkoul', 'name': 'parvaiz koul', 'id': '304184107'}, {'screen_name': 'drjoyeeta', 'name': 'joey', 'id': '469503746'}]",[],[],1,1,3,[],[],https://twitter.com/lancelot_pinto/status/1405039328015785987,FALSE,,0,,India,,,,,,[],,,,
1.40489E+18,1.40489E+18,2021-06-16 01:07:50 India Standard Time,16-06-21,01:07:50,530,93828568,shaelesh,Shaelesh,,No big deal as #Remdesivir use for Covid is being discouraged globally!,en,[],[],[],0,0,0,['remdesivir'],[],https://twitter.com/Shaelesh/status/1404885882172182530,FALSE,https://twitter.com/KiranKS/status/1404841966991409152,0,,India,,,,,,[],,,,
1.40482E+18,1.40482E+18,2021-06-15 20:48:33 India Standard Time,15-06-21,20:48:33,530,526454051,sandeepvarma15,SandeepVarma,,"Looks like they are all close to top leaders of BJP &amp; AAP, who have assured them of hospital beds, oxygen, remdesivir, in case they become Covid19 positive in the 3rd wave...",en,[],[],[],1,0,2,[],[],https://twitter.com/sandeepvarma15/status/1404820631712059392,FALSE,https://twitter.com/anupsoans/status/1404746472654995458,0,,India,,,,,,[],,,,
1.40441E+18,1.40441E+18,2021-06-14 17:27:39 India Standard Time,14-06-21,17:27:39,530,8.16256E+17,dishaf_india,Disha Foundation,,"Home-based #Ayurvedic therapy of #tribals for #COVID was successful in Surgana block, #Nashik.Tribals reluctant to visit hospitals were counselled &amp; provided #ayurvedicmedicine without #remdesivir or #Oxygen. This good model of #COVID19India treatment needs replication.",en,[],[],[],3,3,9,"['ayurvedic', 'tribals', 'covid', 'nashik', 'ayurvedicmedicine', 'remdesivir', 'oxygen', 'covid19india']",[],https://twitter.com/DishaF_India/status/1404407687291486208,FALSE,https://twitter.com/Mahendra_Sakal/status/1403931862200770562,0,,India,,,,,,[],,,,
1.40973E+18,1.40934E+18,2021-06-29 09:42:19 India Standard Time,29-06-21,09:42:19,530,7.8911E+17,mazumdedr,Dr.Biswanath Mazumder,,"@Dheer07215602 @pbhushan1 Will you please let us know what are the steps you, conscious people, have already taken for introducing HCQ, Remdesivir, modified version of BCG vaccine, Ivermectin,etc. for so called treatment of Corona patients.üôè",en,[],[],[],0,1,1,[],[],https://twitter.com/MazumdeDr/status/1409726397698826242,FALSE,,0,,India,,,,,,"[{'screen_name': 'Dheer07215602', 'name': 'DheerüáÆüá≥', 'id': '1066105595453890560'}, {'screen_name': 'pbhushan1', 'name': 'Prashant Bhushan', 'id': '2284802828'}]",,,,
1.40956E+18,1.40956E+18,2021-06-28 22:55:45 India Standard Time,28-06-21,22:55:45,530,1229783911,mdimranrnc,MOHAMMAD IMRAN,,"SIT led by IPS officer Anil Palta has filed a chargesheet in the Remdesivir black marketing case. In the first chargesheet, Rajiv Singh and Manish Sinha (employees of Srishti Hospital), have been charged under different sections of IPC , Disaster managment act and EC act.",en,[],[],[],0,0,4,[],[],https://twitter.com/mdimranrnc/status/1409563682539905032,FALSE,,0,,India,,,,,,[],,,,
1.40902E+18,1.40902E+18,2021-06-27 11:00:05 India Standard Time,27-06-21,11:00:05,530,7.5712E+17,sunilch10573099,best24news.com,,"Fake-remdesivir blackmarketting in Haryana:  ‡§®‡§ï‡§≤‡•Ä ‡§∞‡•á‡§Æ‡§°‡•á‡§∏‡§ø‡§µ‡§ø‡§∞ ‡§á‡§Ç‡§ú‡•á‡§ï‡•ç‡§∂‡§® ‡§¨‡•á‡§ö‡§ï‡§∞ ‡§ï‡§Æ‡§æ‡§è ‡§ö‡§æ‡§∞ ‡§ï‡§∞‡•ã‡§°, ‡§∞‡•á‡§µ‡§æ‡§°‡•Ä ‡§∏‡•á ‡§∂‡•Å‡§∞‡•Ç ‡§ï‡§ø‡§Ø‡§æ ‡§•‡§æ ‡§ñ‡•á‡§≤  https://t.co/UAst4siGyy",hi,[],['https://best24news.com/?p=15049'],[],0,0,0,[],[],https://twitter.com/sunilch10573099/status/1409021192699211781,FALSE,,0,,India,,,,,,[],,,,
1.40876E+18,1.40872E+18,2021-06-26 17:30:15 India Standard Time,26-06-21,17:30:15,530,1.35506E+18,brownandbeauti4,Jalebi Bai‚öΩÔ∏è,,@Gaitondu Veer remdesivir saint....  https://t.co/0rwKhBi02i,de,[],[],['https://pbs.twimg.com/tweet_video_thumb/E4zpAw6WYAQTpyC.jpg'],0,0,1,[],[],https://twitter.com/BrownandBeauti4/status/1408756994836598785,FALSE,,1,https://pbs.twimg.com/tweet_video_thumb/E4zpAw6WYAQTpyC.jpg,India,,,,,,"[{'screen_name': 'Gaitondu', 'name': 'Captain Ganesh Hegde Gaitonde \U0001fa84', 'id': '1310254673589198848'}]",,,,
1.40839E+18,1.40839E+18,2021-06-25 17:24:46 India Standard Time,25-06-21,17:24:46,530,1.17439E+18,kashyap_sheth,Kashyap Sheth,,"Sir delta plus enter in to Gujrat,  sir Ape jaha  jish state  ma oxygen, Remdesivir, front line vorious, nurses, medical equipment sari chigo ko ready karna ka liya bole dijya, jissa apki govt pa koi ungli na kare...Take care sirji",ht,[],[],[],0,0,0,[],[],https://twitter.com/kashyap_sheth/status/1408393226055155721,FALSE,https://twitter.com/narendramodi/status/1408281534876962816,0,,India,,,,,,[],,,,
1.40833E+18,1.40825E+18,2021-06-25 13:29:38 India Standard Time,25-06-21,13:29:38,530,1.28706E+18,mohankumarl19,Mohankumar L,,"@ThanthiTV Remdesivir,ventilator,oxygen,ICU bed,ambulance, burial, river burial, vaccine, vaccine queue, token, ...? How many do you have? What? Tokens or tricks?",en,[],[],[],0,0,0,[],[],https://twitter.com/MohankumarL19/status/1408334052776497152,FALSE,,0,,India,,,,,,"[{'screen_name': 'ThanthiTV', 'name': 'Thanthi TV', 'id': '1059896820'}]",,,,
1.40809E+18,1.40809E+18,2021-06-24 21:01:04 India Standard Time,24-06-21,21:01:04,530,332657522,ashish_ramola,Ashish Ramola,,March - Remdesivir - Sold out April - oxygen cylinder - sold out May - hospital bed - sold out  June - shimla/kasauli - sold out July - mussoorie/nainitaal - sold out Aug - goa - sold out  #justsayin  #COVID19India,en,[],[],[],0,1,5,"['justsayin', 'covid19india']",[],https://twitter.com/ashish_ramola/status/1408085271485112326,FALSE,,0,,India,,,,,,[],,,,
1.40806E+18,1.40806E+18,2021-06-24 19:08:37 India Standard Time,24-06-21,19:08:37,530,150552162,tusharsy,TUSHAR,,"March , April , May   Remdesivir - not available  Oxygen cylinders - not available  Hospital Beds - not available   June / July   Shimla - Sold out ! Mussoorie- Sold out ! Manali - Sold out !  SPIRIT OF INDIA üôÇüòõüòçüôÇüòçüòõ",en,[],[],[],0,0,1,[],[],https://twitter.com/tusharsy/status/1408056973464014849,FALSE,,0,,India,,,,,,[],,,,
1.40798E+18,1.40797E+18,2021-06-24 14:20:40 India Standard Time,24-06-21,14:20:40,530,1.01438E+18,yashparekh92,Yash,,"@Pramod5670 @GautamGambhir But atleast kaam toh kar rahe hai. Trying their best. I am not saying bjp is perfect but atleast not hoarding vaccines,creating ruckus for oxygen cylinders (got caught when asked for audit) and also remdesivir injection.",en,[],[],[],4,0,7,[],[],https://twitter.com/YashParekh92/status/1407984506233966596,FALSE,,0,,India,,,,,,"[{'screen_name': 'Pramod5670', 'name': 'Pramod Yadav', 'id': '1292364708150878208'}, {'screen_name': 'GautamGambhir', 'name': 'Gautam Gambhir', 'id': '99448420'}]",,,,
1.40798E+18,1.40798E+18,2021-06-24 14:14:53 India Standard Time,24-06-21,14:14:53,530,100272410,samarjeet_n,SAMARJEET NARAYAN,,"From Whatsapp  March , April , May   Remdesivir - not available  Oxygen cylinders - not available  Hospital Beds - not available   June / July   Shimla - Sold out ! Mussoorie- Sold out ! Manali - Sold out !  SPIRIT OF INDIA üôÇüòõüòçüôÇüòçüòõ",en,[],[],[],0,5,7,[],[],https://twitter.com/samarjeet_n/status/1407983054576963585,FALSE,,0,,India,,,,,,[],,,,
1.40796E+18,1.40796E+18,2021-06-24 12:55:15 India Standard Time,24-06-21,12:55:15,530,2406247394,arunprasadsinha,Arun Sinha #WithRG,,"Instead of managing Covid tactfully , BJP leaders and PM got involved with various scams related to covid relief !   PM care fund scam ventilator scam Remdesivir scam PPE scam oxygen cylinder scam ambulance scam Vaccination scam 4 lakh compensation scam  #4LakhJumlaTha",en,[],[],[],0,0,0,['4lakhjumlatha'],[],https://twitter.com/ArunPrasadSinha/status/1407963011222970369,FALSE,,0,,India,,,,,,[],,,,
1.40773E+18,1.40773E+18,2021-06-23 21:30:18 India Standard Time,23-06-21,21:30:18,530,271790783,bhavgunj,‡§≠‡§µ‡§ø‡§∑‡•ç‡§Ø ‡§Ö‡§ó‡•ç‡§∞‡§µ‡§æ‡§≤ '‡§≠‡§µ‡•ç‡§Ø',,"‡§Ü‡§ñ‡§º‡§ø‡§∞ ‡§¶‡§ø‡§≤ ‡§π‡•à ‡§π‡§ø‡§Ç‡§¶‡•Å‡§∏‡•ç‡§§‡§æ‡§®‡•Äüôàüôâüôä  March , April &amp; May.... #remdesivir - Not Available  #Oxygen Cylinders - Not Available  #Hospital Beds - Not Available   ‡§π‡§æ‡§Ø #‡§Æ‡•ã‡§¶‡•Ä!‡§π‡§æ‡§Ø ‡§π‡§æ‡§Ø ‡§∏‡§∞‡§ï‡§æ‡§∞!  June &amp; July.....  #shimla- Sold Out  #Mussoorie- Sold Out #Manali- Sold Out  ‡§ú‡§Ø ‡§π‡•ã #‡§Æ‡•ã‡§¶‡•Ä!‡§ú‡§Ø ‡§ú‡§Ø ‡§∏‡§∞‡§ï‡§æ‡§∞!",und,[],[],[],0,0,0,"['remdesivir', 'oxygen', 'hospital', '‡§Æ‡•ã‡§¶‡•Ä', 'shimla', 'mussoorie', 'manali', '‡§Æ‡•ã‡§¶‡•Ä']",[],https://twitter.com/Bhavgunj/status/1407730242861469696,FALSE,,0,,India,,,,,,[],,,,
1.40772E+18,1.40772E+18,2021-06-23 20:48:21 India Standard Time,23-06-21,20:48:21,530,214979448,anshul991,Anshul Srivastava,,"March , April , May   Remdesivir - Not Available   Oxygen Cylinders - Not Available   Hospital Beds - Not Available   June / July   Shimla - Sold Out !   Mussoorie - Sold Out !   Manali - Sold Out !   Amazing India...",en,[],[],[],1,0,1,[],[],https://twitter.com/Anshul991/status/1407719685122973697,FALSE,,0,,India,,,,,,[],,,,
1.40772E+18,1.40772E+18,2021-06-23 20:47:18 India Standard Time,23-06-21,20:47:18,530,261098428,imwadhwa,IM Wadhwa,,"March, April , May   Remdesivir - not available  Oxygen Cylinders - not available  Hospital Beds - not available   June /July   Shimla - Sold out ! Mussoorie- Sold out ! Manali - Sold out ! Goa- Sold out !  SPIRIT OF INDIA Racing towards 3rd Wave !",en,[],[],[],0,0,0,[],[],https://twitter.com/imwadhwa/status/1407719419090923520,FALSE,,0,,India,,,,,,[],,,,
1.40757E+18,1.40757E+18,2021-06-23 10:35:53 India Standard Time,23-06-21,10:35:53,530,2887145630,iampawannathani,Pawankumar Nathani,,"First wave -shortage of Hydroxychloroquine Second wave - shortage of remdesivir and oxygen  If you think, you are prepared for 3rd wave then we are in illusion.  3rd wave will come for which we are not prepared for  #COVID19  #3rdWave",en,[],[],[],0,1,1,"['covid19', '3rdwave']",[],https://twitter.com/iampawannathani/status/1407565553728778244,FALSE,,0,,India,,,,,,[],,,,
1.40594E+18,1.40594E+18,2021-06-18 22:56:54 India Standard Time,18-06-21,22:56:54,530,2921737969,kamaltanwarbjp,Kamal tanwar,,"1,11838 Remdesivir ‡§ï‡•Ä ‡§ï‡§æ‡§≤‡§æ ‡§¨‡§æ‡§ú‡§æ‡§∞‡•Ä ‡§ï‡§∞ ‡§¶‡•Ä ‡§ï‡•ç‡§Ø‡§æ ‡§ï‡•á‡§ú‡§∞‡•Ä‡§µ‡§æ‡§≤ ‡§ú‡•Ä ? #KejriwalExposed  https://t.co/xp8oHfWMTi",hi,[],[],['https://pbs.twimg.com/media/E4LnEMGUUAMYhFq.jpg'],0,1,2,['kejriwalexposed'],[],https://twitter.com/kamaltanwarbjp/status/1405940095744503814,FALSE,,1,https://pbs.twimg.com/media/E4LnEMGUUAMYhFq.jpg,India,,,,,,[],,,,
1.4059E+18,1.4059E+18,2021-06-18 20:15:35 India Standard Time,18-06-21,20:15:35,530,71018699,jagratilahar,jagratilahar.com,,Ropar Police Cracks Multicrore Rupee Interstate Fake Remdesivir Manufacturing Gang  https://t.co/IqpqkLf9Ek @PunjabPoliceInd @PunjabGovtIndia,en,"[{'screen_name': 'punjabpoliceind', 'name': 'punjab police india', 'id': '4636907065'}, {'screen_name': 'punjabgovtindia', 'name': 'government of punjab', 'id': '2998200620'}]",['http://jagratilahar.com/english/crime/58083/-Ropar-Police-Cracks-Multicrore-Rupee-Interstate-Fake-Remdesivir-Manufacturing-Gang'],[],0,0,0,[],[],https://twitter.com/jagratilahar/status/1405899497637498883,FALSE,,0,,India,,,,,,[],,,,
1.40583E+18,1.40583E+18,2021-06-18 15:37:08 India Standard Time,18-06-21,15:37:08,530,1.20969E+18,ajayjha08,Ajay Jha08(‡§°‡§ø‡§ú‡§ø‡§ü‡§≤ ‡§Ø‡•ã‡§¶‡•ç‡§ß‡§æ),,"1,11838 Remdesivir ‡§ï‡•Ä ‡§ï‡§æ‡§≤‡§æ ‡§¨‡§æ‡§ú‡§æ‡§∞‡•Ä ‡§ï‡§∞ ‡§¶‡•Ä ‡§ï‡•ç‡§Ø‡§æ ‡§ï‡•á‡§ú‡§∞‡•Ä‡§µ‡§æ‡§≤ , ‡§π‡§ø‡§Ç‡§¶‡•Å‡§∏‡•ç‡§§‡§æ‡§®‡•Ä ‡§∏‡•á‡§µ‡§ï‡•ã‡§Ç ‡§ï‡•Ä ‡§ü‡•ã‡§≤‡•Ä ‡§¶‡§ø‡§≤‡•ç‡§≤‡•Ä ‡§ï‡§æ ‡§ï‡•ã‡§ë‡§∞‡•ç‡§°‡§ø‡§®‡•á‡§ü‡§∞ @AjayJha08 #KejriwalExposed",hi,"[{'screen_name': 'ajayjha08', 'name': 'ajay jha08(‡§°‡§ø‡§ú‡§ø‡§ü‡§≤ ‡§Ø‡•ã‡§¶‡•ç‡§ß‡§æ)', 'id': '1209687398092697600'}]",[],[],0,0,2,['kejriwalexposed'],[],https://twitter.com/AjayJha08/status/1405829422855331840,FALSE,,0,,India,,,,,,[],,,,
1.40576E+18,1.40576E+18,2021-06-18 11:12:25 India Standard Time,18-06-21,11:12:25,530,1.22601E+18,office_das,Dr Prashant Das.,,‡§Æ‡§π‡•Ä‡§®‡§æ.... ‡§Æ‡•á 2021  Covid19 Patients at the Peak. Ph-2  Oxygen Crisis. Remdesivir Injection Crisis. Ventilators Black Marketing. Mucormycosis Epidemic. Maximum Deaths.   Cyclone Taute... Yass....  ‡§´‡§ø‡§∞ ‡§≠‡•Ä ‡§Æ‡•ã‡§¶‡•Ä ‡§ú‡•Ä ‡§®‡•á ‡§™‡•Ç‡§∞‡•á ‡§¶‡•á‡§∂ ‡§ï‡•ã ‡§ú‡§ø‡§∏ ‡§§‡§∞‡§π ‡§∏‡•á ‡§∏‡§Æ‡•ç‡§≠‡§æ‡§≤‡§æ ‡§µ‡•ã ‡§ï‡§ø‡§∏‡•Ä ‡§î‡§∞ ‡§ï‡•Ä ‡§¨‡§∏ ‡§ï‡•Ä ‡§¨‡§æ‡§§ ‡§®‡§π‡•Ä‡§Ç ‡§•‡§æ l,und,[],[],[],1,3,5,[],[],https://twitter.com/office_das/status/1405762806704607237,FALSE,,0,,India,,,,,,[],,,,
1.40573E+18,1.40573E+18,2021-06-18 09:01:15 India Standard Time,18-06-21,09:01:15,530,7.9112E+17,karthikpgsbabu,Karthikeyan Sudarsana Babu,,"@RAKRI1 From S. Karthikeyan. Sir, Like in Remdesivir if there is black market sales of Amphorecin B, here also same action by goondas act may be taken,Sir.  https://t.co/5awHaBhvbM",en,[],[],['https://pbs.twimg.com/media/E4Iny54VEAQwG8d.jpg'],0,0,0,[],[],https://twitter.com/karthikpgsbabu/status/1405729799213969408,FALSE,,1,https://pbs.twimg.com/media/E4Iny54VEAQwG8d.jpg,India,,,,,,[],,,,
