,username,created_at,replies_count,retweets_count,likes_count,tweet,language
1,Pahchan Foundation,2021-07-30T11:32:00.000Z,0.0,0.0,0,"#VaccineExpress #Day5

We are glad to share with you all that we are running biggest campaign for registration of COVID-19 vaccine in association with Madhabilata-The Fight For Her Justice under the ""Kasbai"" program and supporting...https://facebook.com/1936833569976425/posts/2960698420923263/?sfnsn=wiwspmo‚Ä¶

#titagarh #kamarhati",en
2,Asish,2021-07-30T07:18:54.000Z,0.0,0.0,1.0,"@SonuSood
 Happy Birthday! Thank you for proving to a country full of youngsters that with the right mindset and a strong determination, a person can become as powerful and productive as a government. To a large number of us, you‚Äôre our best response to Covid 19. Lots of hugs! ",en
10,Abesh Bhar ‡¶Ü‡¶¨‡ßá‡¶∂ ‡¶≠‡¶°‡¶º,2021-07-27T13:23:18.000Z,0.0,0.0,0,"Replying to 
@abeshbhar2015
 
@digvijaay46
 and 3 others",en
14,ramen aditya,2021-07-25T06:18:25.000Z,0.0,0.0,0,"Virus of 2020--Covid 19, a threat to the lives of million people across the world.
Invented by Wuhan,China.
Virus of 2021-- Pegasus Spyware, a threat to the fundamental rights of a large number of people across the world and mostly for Indians.
Invented by NSO group, Israel.",en
16,Ujjwal Roy,2021-07-24T14:50:46.000Z,1.0,0.0,4.0,"Today Got My first jab of Russia's Sputnik V COVID-19 vaccine at Woodlands Hospital Kolkata !  

@DrRupaliBasu

#Sputnik 
#woodlandshospitalkolkata",en
19,Tirthankar Das,2021-07-22T16:43:05.000Z,0.0,0.0,0,"Covid May Have Claimed As Many As 5 Million Lives In India: Experts

#COVID19 #coronavirus #CovidVic #Corona",en
25,Human & Environment Alliance League,2021-07-21T11:08:17.000Z,0.0,1.0,3.0,"Our President 
@sarkar_arka
 in conversation with Ms. Richa Aniruddh, India Ahead News on World Environment Day, 2021. He spoke about the conservation work done by HEAL & the impact of Covid 19 in Sundarbans [the main interview starts at 20:46 min]",en
28,Sourav Das,2021-07-20T09:09:57.000Z,0.0,0.0,0,"Inoculated

First dose of Covid-19 done

#Inoculated #covishielded1stdose   #fightforcovid19",en
30,Dr.Suman K Prusty,2021-07-19T12:22:19.000Z,0.0,0.0,0,"WASHINGTON, July 18 -2021  - U.S. Surgeon General Vivek Murthy stood by federal guidance that those fully vaccinated against COVID-19 no longer needed to wear masks, while blaming social media companies for fueling vaccine misinformation.

 #healthcare #covid #health",en
31,@Ramen Chowdhury ,2021-07-19T08:25:51.000Z,0.0,1.0,0,"Over 40 crore people have become Baahubali in the fight against Covid-19 by taking the vaccine: 
@PM",en
36,Shahnaz P Mahrose ÿ¥€ÅŸÜÿßÿ≤,2021-07-17T18:03:43.000Z,1.0,2.0,17.0,"Really Good News for #Kolkata! 

Today no #Corona death cases records in Kolkata.
#COVID19India",en
37,Tirthankar Das,2021-07-17T16:35:57.000Z,14.0,5.0,3.0,"Huge Crowd Throng Local Market In Kolkata, Covid Norms Violated

#Kolkata #WestBengal #Newmarket #Esplanade #Corona #coronavirus #COVID19",en
39,RamKoner,2021-07-17T14:11:12.000Z,0.0,0.0,0,"Replying to 
@DeepikaSRajawat",en
45,Mahesh Saharia,2021-07-17T04:08:15.000Z,1.0,0.0,1.0,"Not only in Numbers of live cases, deaths but origins & speed in both counts #Kerala & #Maharashtra are leaders in India & need to take firm steps to #combat #Corona. HCM #UddhavThackery 
@CMOMaharashtra
 
@vijayanpinarayi
 
@CMOKerala
 Please take action for sake of Country",en
47,Dr. Shipra Kumari PT,2021-07-16T23:08:03.000Z,0.0,0.0,3.0,"Were you infected from Covid 19?
Share your post covid complications with our specialist

Physiotherapy has greater role to play in bouncing you back in life post covid.
Call Now
8777694040
#covid #COVID19 #postcovid19 #complications #jointpain #backpain #neckpain #spondylitis",en
52,Joyjeet Paul,2021-07-16T11:24:20.000Z,0.0,0.0,0,"FDA-authorized mRNA COVID-19 vaccines, BNT162b2 (Pfizer) and mRNA-1273 (Moderna), have demonstrated high efficacies in large Phase 3 randomized clinical trials. It is important to assess their effectiveness in a real-world setting. https://cell.com/med/fulltext/S2666-6340(21)00238-5‚Ä¶ https://cell.com/med/fulltext/S2666-6340(21)00238-5#relatedArticles‚Ä¶",en
53,Sayan Hazra ,2021-07-16T06:37:38.000Z,0.0,0.0,0,"Every contribution counts. Find out how you can also help these organisations fight COVID-19 in India 
#Covid19IndiaHelp",en
54,Tanuj Majumdar,2021-07-16T04:46:13.000Z,0.0,1.0,2.0,"Every contribution counts. Find out how you can also help these organisations fight COVID-19 in India 
#Covid19IndiaHelp",en
55,ramen aditya,2021-07-16T03:12:06.000Z,0.0,0.0,0,"DIRTY POLITICS
WB CM Mamata Banerjee said her Govt informed the Election Comm that the state was prepared to hold the by-elections to seven assembly seats as COVID-19 situation is these areas are largely under control.
But BJP is opposing to trouble Mamata from her being elected.",en
56,Saps,2021-07-16T01:43:20.000Z,0.0,0.0,0,"Every contribution counts. Find out how you can also help these organisations fight COVID-19 in India 
#Covid19IndiaHelp",en
63,Mahesh Saharia,2021-07-14T13:02:57.000Z,0.0,0.0,0,"@MoHFW_INDIA
 
@myogiadityanath
 
@PMOIndia
  
@mansukhmandviya
 Time #India take notice of 
@IsraeliPM
 & few other Countries who declared win over #Covid too soon. Fast #Vaccination is key. Populated  #India has genuine issues with #vaccines. Follow #COVIDAppropriateBehaviour is answer",en
64,‡¶Æ‡¶Æ‡¶§‡¶æ‡¶™‡¶®‡ßç‡¶•‡ßÄ ‡¶∂‡ßÅ‡¶≠‡¶ô‡ßç‡¶ï‡¶∞,2021-07-14T12:39:06.000Z,0.0,0.0,0,"#Covid_19 Restrictions Extended In Bengal Till July 30 With Revised Relaxations With Facilities.
 #BengalFightsCovid19  @RajaArunava 
@MamataOfficial
 
@sayani06
 
@abhishekaitc",en
65,sarcastic sankar,2021-07-14T07:38:53.000Z,0.0,0.0,0,"Bengal has made use of every single drop of the Covid-19¬†
Vaccine count, thus not only preventing wastage but also extracting and administering more doses from each vial. Now WB has a¬†negative wastage record #BengalFightsCorona
#mamatabanerjeeourpride",en
69,ramen aditya,2021-07-13T03:08:57.000Z,0.0,0.0,0,"Pilgrimage, tourism can wait, IMA urges states to curb gatherings.
They expressed concern over govts and people being complacent & engaging in mass gatherings without following COVID-19 protocols, saying these events are potential super spreaders for a third wave of the pandemic.",en
70,ishtiyaque ahmed,2021-07-12T19:48:06.000Z,0.0,0.0,1.0,"West Bengal reports 885 COVID-19 cases, 11 fatalities. Infection tally rises to 15,13,014, death toll 17,927. The state now has 14,531 active cases of the disease.",en
88,Supratim Chakraborty,2021-07-04T06:54:20.000Z,11.0,61.0,66.0,"After so many Jumlas and acute mismanagement of Covid-19 situation, this was bound to happen 

#BJPLootingIndia #bjpliesindiacries #ModiMadeDisaster #ModiBabuPetrolBekabu #BJPFailedIndia #ResignModi",en
93,ramen aditya,2021-07-03T03:10:33.000Z,0.0,0.0,0,"16 major cities, including Delhi, Mumbai, Chennai, Bangalore, Kolkata, Pune, Ahmedabad, Varanasi, Lucknow & Surat, reported the highest COVID-19 cases and PM2.5 emissions are also higher there due to fossil fuel-based anthropogenic activities, according to a new pan-India study.",en
98,The Wanderers,2021-07-01T19:40:32.000Z,0.0,0.0,0,"As of July 1, travel restrictions do not apply for foreign travelers who can provide proof of vaccination against COVID-19 or prior COVID-19 infection.
#iceland #startplanning #travel #ItsOver",en
99,The Wanderers,2021-07-01T19:40:31.000Z,1.0,0.0,0,"As of June 26, all domestic COVID-19 restrictions have been lifted in #Iceland. This means there will be no more mandatory use of masks, no social distancing rules, and no limits on the number of people gathering. So large events are back in Iceland, and we couldn't be happier!",en
104,manoj w,2021-07-01T06:21:18.000Z,0.0,0.0,0,"@HardeepSPuri
 sir passengers who have been fully vaccinated should not be going through RT - PCR formalities. It is in the best interest of all . #vaccinated #COVID",en
106,Prasanna Bachhar,2021-07-01T03:59:00.000Z,0.0,0.0,0,Happy Doctor Day All Doctor Fighting With The Covid 19 Virus.,en
107,Susanta Das,2021-07-01T02:50:02.000Z,0.0,0.0,0,"Replying to 
@rashtrapatibhvn",en
1,Techno Crushur,2021-07-04T02:38:29.000Z,0.0,0.0,2,Safety is most important during covid-19,en
10,"Sreerupa Mitra Chaudhury Nirbhoy Didi, Legislator",2021-07-07T17:48:14.000Z,0.0,2.0,13,"Hon'ble 
@mansukhmandviya
 ji, on behalf of people of my constituency, I extend heartiest congratulations to you for a fantastic elevation of responsibilities. Under your vibrant leadership, I assume, our health sector will get tremendous boost and succeed in combating #Covid_19",en
14,ANGOM RAMCHANDRA SINGH,2021-07-06T14:31:37.000Z,0.0,0.0,1,"I took the Second Jab of Covishield today (6th July, 2021).

Let's pray & hope that Covid 19 Virus will be eradicated from this World in the near future.",en
19,Ujjwal Roy,2021-07-24T14:50:46.000Z,1.0,0.0,4,"Today Got My first jab of Russia's Sputnik V COVID-19 vaccine at Woodlands Hospital Kolkata !  

@DrRupaliBasu

#Sputnik 
#woodlandshospitalkolkata",en
28,Rajesh Saha,2021-07-02T02:25:31.000Z,1.0,1.0,1,3 te sit thake 38% koto boro achievement jano ??? R covid-19 jonnow 41% lok vote dayniee dilee 50% par hoto ..,en
36,Dr.Suman K Prusty,2021-07-30T05:54:38.000Z,0.0,0.0,1,"Israel authorized the use of a booster shot of Pfizer‚Äôs Covid-19 vaccine for people aged 60 and over, after early data in the country suggested vaccine protection against severe illness has waned.",en
37,ishtiyaque ahmed,2021-07-12T19:48:06.000Z,0.0,0.0,1,"West Bengal reports 885 COVID-19 cases, 11 fatalities. Infection tally rises to 15,13,014, death toll 17,927. The state now has 14,531 active cases of the disease.",en
45,Abhishek chourasia,2021-07-09T14:19:04.000Z,0.0,0.0,4,"I will lead the charge in curbing the spread of COVID-19 in India. I pledge to be a #YoungWarrior! 

@HQ_DG_NCC
 
@nccwbskm
 
@UNICEFIndia
 
@YuWaahIndia",en
47,Asish,2021-07-30T07:18:54.000Z,0.0,0.0,1,"@SonuSood
 Happy Birthday! Thank you for proving to a country full of youngsters that with the right mindset and a strong determination, a person can become as powerful and productive as a government. To a large number of us, you‚Äôre our best response to Covid 19. Lots of hugs! ",en
56,Debraj Majumdar,2021-07-03T05:00:59.000Z,0.0,0.0,2,"Proud of Bharat Biotech for Covaxin - Made in India Vaccine with unparalleled Safety from Covid‚Äô19... Jai Hind thank you 
@narendramodi
 ji... Its all your encouragement... Special thanks to all the members of 
@BharatBiotech
... Your enormous efforts made us safe ",en
63,Greg Fish,2021-07-30T23:53:48.000Z,4.0,37.0,42,Translation: one COVID-19 Delta infection becomes eight or nine left unchecked. That‚Äôs four times worse than the Spanish Flu and nearly twice as bad as smallpox. Run the numbers on the worst case scenario for unvaccinated Americans in six months and the result is utter carnage.,en
64,CNN,2021-07-30T23:54:39.000Z,88.0,148.0,725,"As the US faces a surge in Covid-19 cases, Disney and Walmart have moved to require certain employees be vaccinated",en
65,Robson Fletcher,2021-07-30T23:52:32.000Z,4.0,28.0,63,"Bleep blop this is Robson's bot with the latest COVID-19 data for Alberta:
    
‚Ä¢ 199 new cases yesterday. (This may vary from the adjusted 'net' new cases. More on why here: https://cbc.ca/news/canada/calgary/alberta-covid-19-data-statistics-numbers-cases-hospitalizations-1.5514947‚Ä¶)
‚Ä¢ 1655 active
‚Ä¢ 90 in hospital w/19 in ICU
‚Ä¢ Total deaths up 3 to 2328",en
69,Dr. Theresa Tam,2021-07-30T23:58:20.000Z,14.0,22.0,42,"NEW ‚Äì For the latest detailed #epidemiology of #COVID19 in Canada with highlights, trends and analysis see #PHAC‚Äôs COVID-19 WEEKLY EPIDEMIOLOGY REPORT for July 18-24, 2021 https://canada.ca/content/dam/phac-aspc/documents/services/diseases/2019-novel-coronavirus-infection/surv-covid19-weekly-epi-update-20210730-en.pdf‚Ä¶",en
70,KB,2021-07-30T23:58:52.000Z,25.0,57.0,277,"I watch very little TV but it just told me again that covid-19 only affects the unvaccinated.

It was from a government run channel (RTE) that recently spent millions on an all platform ""you can trust us"" PR campaign.

Is there any point complaining about this obvious lie?",en
88,Global Edmonton,2021-07-30T23:42:34.000Z,17.0,73.0,285,"B.C.‚Äôs health minister says the province won‚Äôt emulate Alberta‚Äôs controversial plans to end COVID-19 contact tracing and mandatory self-isolation for people who test positive.
#yeg",en
93,Professor Sandra Lapointe,2021-07-30T23:31:05.000Z,0.0,5.0,14,"Universities need to step up and protect their faculty, staff and students. Requiring vaccination is not a violation of freedom. 

We all need to be vaccinated for mumps as kids and schools won‚Äôt let kids in who are not. How is COVID-19 any different - or indeed less urgent!",en
98,Morgan Lee Richardson,2021-07-30T23:57:55.000Z,0.0,3.0,36,It‚Äôs nice to see Disney making the right calls‚Äîrequiring all nonunion U.S. employees to have COVID-19 vaccinations. Time for union negotiations and Guest requirements.,en
99,Science News,2021-07-30T23:50:01.000Z,12.0,35.0,63,"Studies suggest that until transmission of the coronavirus is squashed, millions of organ transplant recipients, cancer patients undergoing treatment and others are susceptible to severe COVID-19, even if they are lucky enough to have access to shots. https://sciencenews.org/article/coronavirus-covid-19-booster-shots-vaccines-immunocompromised-people‚Ä¶",en
104,California State of Mind Podcast,2021-07-30T23:49:22.000Z,1.0,10.0,3,"California faces a COVID-19 #Deltavariant surge and wildfires continue to ravage the state. 
@emily_hoeven
 
@FromBenC
 and 
@SRodd_CPR
 join 
@nigelduara
 and 
@_Nixo
 to talk about how Newsom‚Äôs response could impact the #Californiarecall https://link.chtbl.com/CSOMep34",en
106,USAFacts,2021-07-30T23:59:31.000Z,1.0,8.0,9,"Your daily COVID-19 map has been updated. There were 66,354 newly reported COVID-19 cases and 313 newly reported COVID-19 deaths on July 29, 2021. Track the cases in your state and county here:",en
107,Ray Price,2021-07-30T23:56:29.000Z,1.0,3.0,16,"The #DeltaVariant of COVID-19 is as contagious as chickenpox. 

Too bad I don't know how contagious chickenpox is because everyone around me was vaccinated for it.",en
118,BAD RANGER,2021-07-30T23:39:24.000Z,0.0,0.0,0,"Replying to 
@rangerlol1",en
120,Aero of Antifa,2021-07-30T23:42:51.000Z,1.0,10.0,11,"Dozens of COVID-19 cases across the US linked to NC summer camp https://abc11.com/health/dozens-of-covid-19-cases-across-the-us-linked-to-nc-summer-camp/10917477/‚Ä¶ via 
@ABC11_WTVD
 #DemVoice1 #CoronaVirusUpdates #GetVaccinated",en
123,A Fine Whine,2021-07-30T23:37:18.000Z,1.0,5.0,14,"Fines are not enough. Vaccination documents must be made much more difficult to counterfeit & there must be documented evidence of a negative COVID-19 test.

Or else  must keep the border closed",en
124,ELCA Lutherans,2021-07-30T23:46:32.000Z,1.0,8.0,38,"As cases of the Delta variant of COVID-19 rise, it may seem like we are in a never-ending wilderness. 
@ELCABishopEaton
 reminds us of the exodus of God‚Äôs people, who wandered in the wilderness for forty years. God never left them, and God has not left us.",en
125,9News Australia,2021-07-30T23:56:04.000Z,1.0,6.0,17,#LIVE: Queensland Deputy Premier Steven Miles gives a COVID-19 update. #9News,en
126,Paul Petrulias,2021-07-30T23:35:26.000Z,0.0,0.0,0,"Replying to 
@Alyssa_Milano
 and 
@YouthInGovNow",en
127,Greta Van Susteren,2021-07-30T23:42:03.000Z,35.0,13.0,57,"'I feel so lost': In five days, woman loses her mother, grandmother and fianc√© to COVID-19",en
130,wdsu,2021-07-30T23:33:16.000Z,2.0,5.0,8,'This does have us worried': Children's Hospital seeing increase in COVID-19 patients,en
131,ABC News,2021-07-30T23:35:49.000Z,6.0,10.0,43,"Victoria records two new local COVID-19 cases, both linked and quarantined while infectious",en
134,Linda Hill,2021-07-30T23:59:13.000Z,1.0,3.0,8,"About three-fourths of people infected in a Massachusetts Covid-19 outbreak were fully vaccinated against the coronavirus with four of them ending up in the hospital, according to new data published Friday by the Centers for Disease Control and Prevention.",en
139,Toronto Star,2021-07-30T23:35:02.000Z,28.0,10.0,22,#StarEditorial: Governments need to get moving on vaccine passes to fight COVID-19,en
140,WESH 2 News,2021-07-30T23:40:28.000Z,17.0,16.0,24,"'I feel so lost': In five days, woman loses her mother, grandmother and fianc√© to COVID-19",en
142,ABS-CBN News,2021-07-30T23:46:16.000Z,1.0,2.0,22,"‚Ä¢ Israel's president gets third COVID-19 shot, urges boosters for over-60s",en
145,KATU News,2021-07-30T23:55:00.000Z,11.0,4.0,8,"A new study out of OHSU shows older populations may be more susceptible to variants of COVID-19, as well as breakthrough infections, even after a vaccination.",en
146,Sara Bryce,2021-07-30T23:34:24.000Z,3.0,5.0,13,"FDA, under pressure, plans ‚Äòsprint‚Äô to accelerate review of Pfizer‚Äôs Covid-19 vaccine for... https://statnews.com/2021/07/30/fda-under-pressure-plans-sprint-to-accelerate-review-of-pfizers-covid-19-vaccine-for-full-approval/‚Ä¶ via 
@statnews
 so now it‚Äôs a sprint 
@FaithInJesus1st
 
@painadvocateAR
 
@process_x
 
@MARCOFREE2020
 
@mgajver
 
@AussieVal10",en
147,Foreign Policy,2021-07-30T23:30:00.000Z,2.0,6.0,10,"The highlights this week: Chinese regulators upend the $120 billion private education industry with new measures, Beijing issues an itemized list of grievances to U.S. diplomats, and a COVID-19 outbreak in Nanjing raises concerns over the delta variant.",en
148,Thread Reader App,2021-07-30T23:32:35.000Z,0.0,0.0,0,"Replying to 
@StewbieDoobyDo",en
151,WBAL-TV 11 Baltimore,2021-07-30T23:40:22.000Z,0.0,10.0,8,"'I feel so lost': In five days, woman loses her mother, grandmother and fianc√© to COVID-19",en
1,bhaskar73169166,2021-07-04 04:08:51 India Standard Time,0.0,0.0,0,@SonuSood Need support for Covid 19 pendamic .... please donate for us save my life and save our staff .... please help.  Read more -  https://t.co/RoUhX7WK5A  *For Paytm Payment (for Android users only)* -  https://t.co/8qCd9iak56  *For UPI payment:*  https://t.co/YXa5A0bPCC  https://t.co/9kn154dhM7,en
2,yasmitah,2021-07-04 03:53:47 India Standard Time,0.0,0.0,0,"*Need Help And Support To save My Friend's  house*  Hello Everyone...I am here to raise funds for my Friend's business which went in loss during this pandemic situation of covid-19. Her father is a small businessman in Ranchi, Jharkhand.  https://t.co/Ew1e4KWHrV",en
10,kallaicentral,2021-07-04 00:58:32 India Standard Time,0.0,1.0,0,Corona update  #covid19 Follow for more fun @kallakurichi_central  #kallakurichi_central #kallakurichidistrict #kallakurichi #chinnasalem #ulundurpet #sankarapuram #chinnasalem #kalvarayanhills #kachirayapalayam #tamilmemes #tamilnadu #salem #thiruvanamalai #cuddalore #chengalpa  https://t.co/N0aUivzd7n,en
14,sec_thoddoo,2021-07-04 00:16:58 India Standard Time,0.0,0.0,0,‚ú≥Ô∏è COVID-19 Live Updates: 03/07/2021  @thoddoo_hc  https://t.co/CHuGr1yN7N,en
16,akashrsmeena,2021-07-04 00:05:44 India Standard Time,2.0,5.0,17,Got my second COVID-19 jab today.  Get yours too at your nearest vaccination center to stop the spread. #GetVaccinated  https://t.co/x3yfLkhfjI,en
19,halshantgouda,2021-07-03 23:38:00 India Standard Time,1.0,0.0,2,In HUBLI DHARWAD available CONTACT   @KaDharwad @hublimandi @nimmaupendra @helthsarvice @apollo_ahd @covid19 @MoHFW_INDIA @Hubli  https://t.co/9DHvSyg6P8,en
25,ryzhamdan,2021-07-08 05:11:20 India Standard Time,0.0,2.0,3,COVID 19 expose how broken the political and social systems in every country..,en
28,jamal31712252,2021-07-08 04:40:23 India Standard Time,0.0,0.0,0,"@nsitharaman  Respected and Honourable minister for finance and corporate affairs   I am an MSME entrepreneur in Coimbatore -I have availed COVID-19 ECLGS facilities last year &amp;maintaining good track in SBI    Now, They not extending ECLGS 4.0  Honourable minister Need your help.",en
30,chungakabasil,2021-07-08 04:22:37 India Standard Time,0.0,0.0,0,"This is what we can't afford right now...Ayaya ..Runaway Covid-19 patient found with boyfriend, both sent to quarantine centre    https://t.co/cbEdnahPoh",en
31,sprrajeshsoni2,2021-07-08 04:12:28 India Standard Time,0.0,0.0,2,"#rokoautoko abhiyan inaugurated in Surajpur district.... Volunteers to spread awareness on COVID-19 disease, treatment and vaccination, in association with Media Collective For Child Rights. #TogetherAgainstCovid19  https://t.co/YH4KR9oxuI",en
36,mekotweet,2021-07-08 02:46:02 India Standard Time,0.0,0.0,0,1229 #COVID19 infections reported...  https://t.co/GKLXtlOzZV,en
37,mekotweet,2021-07-08 02:44:06 India Standard Time,0.0,0.0,0,Another 38 Covid-19 related deaths for 06 July...  https://t.co/F63MfnBo6P,en
39,sanchitbhardwa6,2021-07-08 02:02:46 India Standard Time,0.0,0.0,0,#HaseenDillruba #COVID19 #ThirdWave  Watching my friends going to the hill station after second lockdown relaxation and me staying at home following all the protocol of covid before the rise of the third wave.  https://t.co/fovRVhu51Y,en
45,javedkhanyz,2021-07-16 02:38:06 India Standard Time,0.0,1.0,1,i don't understand that if government already COVID-19 vaccine Done by every single person then for what again they lock down unbelievable #lockdown,en
47,lokesan8,2021-07-16 02:18:01 India Standard Time,0.0,0.0,0,A look at COVID-19 nightlife clusters in Asia   https://t.co/pwwvtccbGN,en
52,_rodahidup,2021-07-16 01:16:12 India Standard Time,0.0,0.0,0,"Singapore reports 42 new locally transmitted COVID-19 cases, including 34 linked to KTV cluster   https://t.co/kUwlo0hMp1",en
53,ayahhubail,2021-07-16 01:12:10 India Standard Time,0.0,0.0,0,"Second dose ü¶†üíâ (@ COVID-19 Vaccination Center in Al Qatif, Ash Sharqiyah)  https://t.co/jabyXxXdQ5",en
54,anilmalhotra671,2021-07-16 01:01:18 India Standard Time,0.0,0.0,2,"@DC_Ramgarh I went your office mam, due to some error of 2nd dose Covid-19 vaccination but you were not present in office. DDC sir was there but he said can't take prior only schedule day you will able to take and he said he will ask you about this but it's too late. Finally I came back my  https://t.co/4Zv5xVafnA",en
55,riyaminz,2021-07-16 00:53:31 India Standard Time,0.0,0.0,0,This #pandemic has had a significant impact on #Students ; we can only hope for the #best for them.  #government #Education #learning #exams2021 #JEEMains2021 #htTweets #media #COVID19 #CovidIsNotOver #StayHome     https://t.co/32Xcja3uAQ,en
56,realdaq,2021-07-16 00:50:27 India Standard Time,0.0,1.0,0,Important video  https://t.co/8k3sWimOLa You can‚Äôt miss this.  I have always had a gut feeling that Covid-19 is a man made Biological War weapon and RT-PCR and vaccines have been planned much before they were released @republic @AnilSinghvi_ @narendramodi @KTRoffice,en
63,sec_thoddoo,2021-07-16 00:12:27 India Standard Time,0.0,0.0,0,‚ú≥Ô∏è COVID-19 Live Updates: 15/07/2021  @thoddoo_hc  https://t.co/eDp2E6WBoC,en
64,drmurukadas,2021-07-16 00:08:42 India Standard Time,0.0,0.0,1,15.07.2021 In India #Covid_19 +ve cases surged fastly to414554 during 2nd wave.Then stared falling&amp; in the last 24hrs rise in fresh 41806-slightly higher than y'day38792. Total cases sofar is 31025114 ; recovery- 30143850(97.28%);fatalities- 411989(1.33%)&amp;active- 432041(1.39%).,en
65,ibhavikjain,2021-07-16 00:00:53 India Standard Time,1.0,0.0,0,@BloodDonorsIn The blood have been arranged for the concerned person but the intention of posting it was to make people aware about it  And people without fearing #COVID19 go out and give blood,en
69,monicandp16,2021-07-15 23:42:31 India Standard Time,0.0,0.0,1,Stand at homeü§ó #COVID19  #dirumahsaja  https://t.co/uqZWAhtDtY,en
70,iycpadala,2021-07-15 23:40:22 India Standard Time,4.0,7.0,61,"Thanks for felicitating me Covid19 Relief Work, &amp; Especially I'm Very much thankful to @ShivaSenaIYC anna garu for giving me an opportunity to Serve the People of Telangana in Covid tough times as Incharge of North Telangana.   @revanth_anumula @PonnamLoksabha @IYCTelangana  https://t.co/ES6HvYBFfp",en
88,_rodahidup,2021-07-20 01:03:19 India Standard Time,0.0,0.0,0,"Celltrion‚Äôs Monoclonal Antibody Treatment for COVID-19, regdanvimab (CT-P59), Demonstrates Strong Neutralising Activity Against Delta Variant  https://t.co/yqhUbLFPDg",en
93,santanachakma3,2021-07-20 00:28:07 India Standard Time,0.0,3.0,7,Today attended the special Health Camp cum Covid-19 vaccination awareness program at Kedacherra under North Tripura  List of programs 1. Covid vaccination awareness program  2. General Health Camp 3. Special Eyes campaign  4. Masks distribution program 5. Planting seedlings  https://t.co/7aqVn9Zhx4,en
98,ishanidg,2021-07-19 23:54:41 India Standard Time,1.0,0.0,5,"Just got gyan on various topics from someone in Delhi who is 45+, well educated; does a well paying corporate job, but is zero vaccinated‚Ä¶ she blamed Centre, states &amp; even kawariyas for #COVID19 ‚Ä¶ feeling irritated üò†",en
99,mohan_pursnani,2021-07-19 23:49:44 India Standard Time,0.0,0.0,0,"@umc_covid19 Plz give jab first on priority basis in UMC HO to parents of corporator, staff, supply to pvt hospital, if possible remaining jabs to idiot citizens who pay taxes and get jabs last, feeling ashamed jabs are also mismanaged, be human",en
104,hninnuyeekyaw1,2021-07-19 23:26:56 India Standard Time,0.0,0.0,0,"A monk who put on PPE to volunteer at the Cemetery for cremating covid-19 deceased people and also chanted according to buddhist tradition. Under useless Military regime, we don‚Äôt have anyone else but us. ||| #July17Coup #WhatsHappeningInMyanmar  https://t.co/dCVeteakRO",en
106,kaliyugavaradh2,2021-07-19 23:06:11 India Standard Time,0.0,0.0,0,@mybmc @PMOIndia @MoHFW_INDIA @CMOMaharashtra @rajeshtope11 @AslamShaikh_MLA @AUThackeray @mayor_mumbai @mybmcHealthDept @mybmcPHD @PIBMumbai Very good  control  covid 19,en
107,salafi_rakibul,2021-07-19 23:05:54 India Standard Time,1.0,0.0,0,#Hajj  Day 2 - Daily Press Conference.  Ministry of Health: ‚û°Ô∏è No cases of COVID-19 were recorded among Hujjaj ‚û°Ô∏èNo deaths were recorded  ‚û°Ô∏èHealth of the Hujjaj is reassuring  #Hajj #Hajj2021 #HajjMubarak #Hajj1442  https://t.co/QoPF7FSHGK,en
1,hen_cheng,2021-07-04 04:57:54 India Standard Time,1.0,0.0,0,"Brazil President Bolsonaro is one of the worst leaders  ü§è skill of running nation+ low IQ + 500,00 Covid deaths‚ò†Ô∏è Now Brazil pays higher prices for Indian Covaxin than well known Pfizer &amp; Oxford vaccinesüò±ü§ë  Why do people voting unfit persons to be President‚ùì Political reform  https://t.co/2XcoGOZk0m",en
2,anan_djcm,2021-07-04 04:35:30 India Standard Time,0.0,0.0,0,"Good morning  my friends,  How are you doing? I hope everyone is safe.  and will probably meet soon. üôå @bangkokinvadersrunbkk #bangkokinvaders #runbkk #staysafe #covid_19 @ Bangkok Thailand  https://t.co/ws8p30lfuZ",en
10,iamyadavpradeep,2021-07-04 01:49:10 India Standard Time,0.0,0.0,1,"Rahul Gandhi was Right about Demonetisation, He was Right about GST, He was Right about Rafale Scam, He was Right about Covid Crisis, He was Right about the Chinese Intrusion!!  If you think that Rahul Gandhi is Pappu, Then the Joke is UPON YOU!",en
19,diwakarsharmaa,2021-07-04 00:41:07 India Standard Time,0.0,0.0,4,"The pandemic has pushed us to #BullockCart era. If permission granted, I would prefer taking this oxcart on road to save my pocket from #skyrocketing #fuel prices and secondly, the two-wheeled cart will not get slowed down on #roads riddled with #potholes in #Monsoon2021. #covid  https://t.co/sWlBfh4OQp",en
25,ajaykumarsaran2,2021-07-04 00:21:37 India Standard Time,0.0,0.0,1,"@CMO_Odisha @Naveen_Odisha Dear Sir much more infants baby (1month-2yrs) are coming for COVID test regards in Koraput Dist,So I want to do that test by Pediatric doctor's at SLN MCH bcz if any problems they can manage &amp; they also known how to collect/give training to them for this @HFWOdisha @SecyChief",en
30,sdtalks_,2021-07-03 23:54:21 India Standard Time,0.0,0.0,1,üî∑ Bharat Biotech has announced Covaxin to be 77.8% effective against symptomatic covid and 93% effective against severe disease. It was also 65% effective against the Delta variant.   #Covaxin #BharatBiotech #DeltaVariant,en
36,__chayan_,2021-07-03 23:22:24 India Standard Time,1.0,0.0,3,I finally got the 1st dose of Covishield Vaccine. It's very important for everyone to get fully vaccinated. It's totally safe. Do not believe the myths &amp; meaningless rumours about Covid Vaccine.I urge you all to get vaccinated.  #Vaccinated #Covishieldüíâ #VaccineForAll #StaySafe,en
37,deepjyotimund,2021-07-03 23:21:29 India Standard Time,1.0,0.0,18,Session on Covid Management training program.  https://t.co/N9wNgtGRyg,en
39,profsomashekhar,2021-07-03 23:15:27 India Standard Time,0.0,2.0,19,No one is dying in Israel üáÆüá±  . . . . Due to the #Covid virus ü¶†  . . . Because close to 58% population is fully vaccinated with #CovidVaccine  https://t.co/DuPzR8hRsC,en
45,krishanmohankr6,2021-07-06 04:50:42 India Standard Time,0.0,0.0,0,Strengthening Healthcare Infra during COVID-19  via NaMo App  https://t.co/45BqZJK3KR,en
47,krishanmohankr6,2021-07-06 04:47:36 India Standard Time,0.0,0.0,0,PM-CARES Fund Helps Nation in Fight against COVID-19  via NaMo App  https://t.co/kEjLXirMFK,en
52,mekotweet,2021-07-06 04:30:59 India Standard Time,0.0,0.0,0,"More than 60 people died in a hospital in Indonesia this weekend after oxygen supplies nearly ran out, as the country battles a severe wave of Covid-19 that authorities say is driven by the more infectious Delta variant.  https://t.co/m5ow5EImFy",en
53,mekotweet,2021-07-06 04:09:21 India Standard Time,0.0,0.0,0,816 tested positive for Covid-19 so far today. Results of PCR tests delayed &amp; are lesser due to strike action by certain trade unions of the health sector...  - Army Commander-  https://t.co/MApDlJp2UH,en
54,mekotweet,2021-07-06 04:01:20 India Standard Time,0.0,0.0,0,"32 Covid-19 related deaths for 04 July confirmed by Director General of Health Services, increasing total number of deaths in Sri Lanka to 3,268 - Gov't Info Dept #COVID19SL #COVID19 #coronavirus #fatalities  https://t.co/stfTNThxPY",en
55,mekotweet,2021-07-06 03:46:58 India Standard Time,0.0,0.0,0,"Russia's Orthodox Church admonishes people for refusing to get vaccinated against COVID-19, calling it ""a sin for which they will have to atone throughout their lives"" - Reuters",en
56,jayanta13998620,2021-07-06 03:31:21 India Standard Time,0.0,1.0,3,@mayankgandhi04 I think type 2 is deadlier than Covid-19 or any other disease for Asians in the existing time,en
63,rainaraj77,2021-07-06 01:47:04 India Standard Time,0.0,0.0,0,"@UTalashi @hello_anshul @dcjammuofficial @kansalrohit69 Dear Sir/ Madam , Request to provide basic electricity which is bare min. need  in Jammu , when people are restricted inside homes for work, safeguard against Covid and scorching summer. This needs to be restored.",en
64,displayjunction,2021-07-06 01:28:54 India Standard Time,0.0,0.0,0,"Rudauli gang at it as it has nothing else... Above 80, chances of surviving Covid ?? Almost nil.",en
65,displayjunction,2021-07-06 01:21:20 India Standard Time,0.0,0.0,0,"@HarmeetHstudio @VishnuNDTV ‡§ï‡•ã‡§µ‡§ø‡§° not fascism, how many above 70 have won agInst Covid ? He was at super specialist hospital, wake up from false slumber...  Would he have survived at home ?",en
69,yousef94_,2021-07-06 01:07:36 India Standard Time,0.0,0.0,0,@Ameera369_ I don‚Äôt care anymore üòÇ We are all getting Covid üòÇ,en
70,nabarupg,2021-07-06 01:02:40 India Standard Time,0.0,0.0,0,"I extend My #Heartiest Congratulations and Best Wishes to #Dr_Moumita_Ray, GDMO, District Hospital, Gomati, in recognising her valuable contributions as Frontline COVID-19 Warrior. I pray to #Mata_Tripurasundari for her #Good_Health, #Prosperity and #Success...üôèüôèüôè  https://t.co/lkowzB6htW",en
88,fitness_gulshan,2021-07-09 05:18:22 India Standard Time,1.0,0.0,0,@ImmigrationMV Are work visa being reissued for those whose work visa expired and couldn't renew due to covid 19?,en
93,nrjwznl,2021-07-12 05:16:06 India Standard Time,1.0,0.0,2,"Tiber teringat kat sorang pakcik ni. Staff bank. Frequent passengers, bertongkat. Last MCO he still boarding. This time around tak nampak langsung. Either company lay off/ caught covid/ WFH. Last time I always thought kenapa pakcik ni dah bertongkat bagai company tak bagi WFH",en
98,movieperson8583,2021-07-12 04:17:54 India Standard Time,0.0,0.0,0,Now let‚Äôs see the covid cases. #Euro2020Final #EURO2020,en
99,chef_john1,2021-07-12 04:16:19 India Standard Time,0.0,0.0,1,So anyway. Next week in England üè¥Û†ÅßÛ†Å¢Û†Å•Û†ÅÆÛ†ÅßÛ†Åø and Italy üáÆüáπ ‚Ä¶Covid numbers‚Ä¶  https://t.co/BToffCueYu,en
104,varsharaj_14,2021-07-12 03:50:16 India Standard Time,1.0,3.0,21,"On another note, Can I get a count of the number of Covid cases in London after today‚Äôs Wembley version of Kumbh mela? #Euro2020",en
106,thedmdvbd,2021-07-12 03:43:03 India Standard Time,0.0,0.0,1,A Gift to Italian Nation after Covid 19 Outbreak ‚ù§Ô∏èüáÆüáπ  #EURO2020  https://t.co/jYlGYzJ7Cc,en
107,rajeshd33675059,2021-07-12 03:43:00 India Standard Time,0.0,2.0,4,Italy needed this badly after last year's Covid disaster. Wembley was too hot to handle for English men. They cracked under pressure. Penalty is all about mental strength. Congrats Italian Stallions #Euro2020Final #Italy #wembleystadium #London #rome,en
118,whymeali,2021-07-12 02:33:29 India Standard Time,0.0,0.0,1,Someone's bringing covid back home,en
120,sec_thoddoo,2021-07-12 02:28:10 India Standard Time,0.0,0.0,0,‚ú≥Ô∏è COVID-19 Live Updates: 11/07/2021  @thoddoo_hc  https://t.co/2LcXr8ydno,en
123,harishc36911293,2021-07-12 01:56:24 India Standard Time,1.0,2.0,3,@CMODelhi Why covid vaccine paid available but free not in New Delhi 110005 .,en
124,aidaazaz,2021-07-12 01:56:09 India Standard Time,0.0,0.0,0,"Media being irresponsible again with the headlines..come on..just 0.09%..and no vaccine ensure zero infection..  Malaysian, just get whatever offered first before covid come volunteering itself and your infection could worsen without vaccination.",en
125,harishc36911293,2021-07-12 01:54:12 India Standard Time,0.0,1.0,1,@ArvindKejriwal Why free covid vaccine not  available  but paid available  in New Delhi 110005 ?,en
126,galbangenda,2021-07-12 01:44:56 India Standard Time,0.0,0.0,0,"Argentina's winners welcomed home, and Messi's wife was there after COVID-19 restrictions meant it was not possible to attend games üåü  #copaamerica #argentina  #footballfans   GLBSports √† Ain Khaled  https://t.co/wLsXKLbL1y",en
127,taufiqhanafi91,2021-07-12 01:40:27 India Standard Time,0.0,0.0,0,@ESPNFC Covid 19 is resting to watch final Euro...üòÜüòÜ,en
130,monayem18147762,2021-07-12 01:29:21 India Standard Time,0.0,0.0,1,@MirrorFootball There is no covid only for Football üò∑,en
131,dasdebasis,2021-07-12 01:28:07 India Standard Time,1.0,0.0,1,"I was treating my parents who had  diagonalsis of COVID..the Dr. Subhasish Jamunda was Excellent, the staff Nurse were great but the hospital authority were newbie professional ans they charged us mores than Government approved rates and thus the insurance company paid on 50%",en
134,n9vx5k,2021-07-15 04:48:39 India Standard Time,0.0,0.0,0,"I'm at COVID-19 Vaccine Center in Dammam, Ash Sharqiyah w/ @_itsayat9  https://t.co/QvRH3slAY2",en
139,bronchi_da,2021-07-15 02:44:50 India Standard Time,0.0,0.0,1,"CovidSelf :Test Yourself ,By Yourself ‚Ä¢In school I used to tell my friends to bunk a test .Now I push my friends to take the test! Because baad mein dosti yaari -pehle safety hamari :))    Covid -19 test now made easy #CovidSelf, India's first self test Rapid Antigen test kit .  https://t.co/yc4F9TO9wc",en
140,faisaljamil15,2021-07-15 02:25:19 India Standard Time,0.0,0.0,3,@waqas_amjaad I DNT want to share on social media but ur DC islamabad is really angel for so many poor patients during covid I am witness of it.provided full course of actemra to so many deserving patients which cost 90k for a patient,en
142,drnpokhriyal,2021-07-15 01:50:37 India Standard Time,0.0,0.0,0,@BDMOFA please help a citizen of your‚Äôs who works in Muscat &amp; help his family back in Bangladesh. His mother has covid &amp; heart block both. He is needy. Please read this &amp; come forward to help your citizen. Iam an Indian but still requesting you.,en
145,wajjikhan,2021-07-15 01:45:03 India Standard Time,0.0,1.0,3,Covid-19 is still spreading in Karachi apply precautions on this eid I request to all of my Pakistani people. #Coronaviruspakistan #KarachiRains #Pakistan,en
146,shubham28_,2021-07-15 01:39:56 India Standard Time,1.0,0.0,0,"@hankgreen Should've applied for a cheaper college, cause I've only been there for like 6 months in total.   The rest of it has just been the usual crap online education, ever since covid started.  I like how they're still charging for the stuff that haven't been providing us in like 2-",en
147,raunaquesaba,2021-07-15 01:39:08 India Standard Time,0.0,0.0,0,@stpiindia Covid demise Stpi family member waiting for compensation and benefits.,en
148,raunaquesaba,2021-07-15 01:36:44 India Standard Time,0.0,0.0,0,"@Omkar_Raii Stpi employee demise on duty due to covid, waiting for compensation and family pension.",en
151,mega_amihan,2021-07-15 01:06:39 India Standard Time,0.0,0.0,0,"Thank You Lord üôè I‚Äôm free from Covid-19 after  3 swab tests and mandatory 14-day quarantine @Mukaynis  Can‚Äôt wait to see the outside world BUT I will definitely miss this place sooo much ü¶ã @ Mukaynis, Ad Daw·∏©ah, Qatar  https://t.co/pF3xVuwgFl",en
154,mindkrraft,2021-07-15 00:42:20 India Standard Time,0.0,0.0,0,"So Where s #Congress"" And #Liberals  Now....Indonesia overtakes India to become Asia‚Äôs COVID hotspot""   https://t.co/B1RMwVDGoh",en
155,avineshw90,2021-07-15 00:41:39 India Standard Time,0.0,1.0,3,"This is why 'bubble within a bubble' is so important. Covid-19 has been an absolute menace and one that wouldn't be forgotten for a long time. One virus that has denied opportunities, unleashed a failed government and further divided the rich and poor. üòî",en
157,temptempholder,2021-07-15 00:40:43 India Standard Time,0.0,0.0,0,"Fuck. I never go on such crusises ever.  Now u know how cheapo my life is.  Dream Cruises passengers unperturbed by Covid-19 case, endure 16  hours in rooms with movies, free WiFi  https://t.co/x6ftjP4ICN",en
159,t__m_a_y,2021-07-15 00:34:38 India Standard Time,0.0,0.0,0,The Red/Blue Divide in U.S. #COVID-19 Vaccination Rates is Growing | @KFF  https://t.co/HoE8i6MsI8,en
161,kronosaphrodite,2021-07-15 00:31:02 India Standard Time,1.0,0.0,3,@Shikadiv @Bhaanaaa @nikkian17 @nehakapur21 @SyedAi12 @BhanaShika712 @poojabatra5 @Preetyagi09 @Divyanka_myjaan @purnimeh_ They are skipping online classes coz they are having to attend live practicals‚Ä¶at least that‚Äôs what I heard‚Ä¶last year students being pulled for Covid duty‚Ä¶poor peeps! ü§™,en
164,savethehumanit8,2021-07-15 00:21:53 India Standard Time,0.0,0.0,3,"went for a survey and found that,  still people are roaming on the streets without wearing masks,  guided them to wear mask and distribute masks . This is very important that people should know the importance of wearing mask in this tough times of covid when people are dying .  https://t.co/Exfi4ZnUco",en
165,lokesan8,2021-07-15 00:21:10 India Standard Time,0.0,0.0,0,"Accurate data helps public service to remain committed, responsive in facing Covid-19 - KSN:   https://t.co/sGEolvdkD2",en
166,drabdulmalikk1,2021-07-15 00:20:53 India Standard Time,0.0,0.0,1,"Tested positive for COVID-19,with mild symptoms.Feeling better today. Your prayers needed.Take care of yourself and your elders in your home.Should never be careless about this deadly disease. Thanks and ÿ¨ÿ≤ÿßŸÉ ÿßŸÑŸÑŸá",en
167,musaburkiyahoo1,2021-07-15 00:11:24 India Standard Time,1.0,0.0,0,@Asad_Umar @AajKamranKhan @PakPMO @UsmanAKBuzdar @dcislamabad  https://t.co/1KYmEowiyM This is how PTI government is following Covid SOPs and expect Marriage Marquees and Restaurants to ask their customers to prove their Vaccination Certificate and wear mask,en
168,hathodapost,2021-07-15 00:05:29 India Standard Time,2.0,2.0,3,Minor workers were working in bar. Aananda inn dhaba shri ram chowk viththalwadi . Still the dhaba is running with no norms of covid 19. 12 to 13 years were keept here for working in bar. Kindly watch mr sr pi. Of vitthal wadi. @ThaneCityPolice  @DGPMaharashtra  @umc_covid19  https://t.co/6X1XCCv6aw,en
169,shahidrumon,2021-07-15 00:04:17 India Standard Time,0.0,0.0,0,"I used to think I was a looser in all aspects. But the covid disaster has been pumping me that if my every day goes without any covid symptoms,  I'm, damn, a WINNER!",en
171,varunpo,2021-07-14 23:59:41 India Standard Time,0.0,0.0,10,Throwback to my visit to Thailand in April 2017. This is the Erawan Shrine in Bangkok.   Beautiful sculpture!  Can't wait to visit again once covid is under control   @tat_india  #thaimemories #Thailand #Bangkok #erawan #History #Mythology #travel #travelblogger #traveler #Phuket  https://t.co/EN6VCh7lHY,en
172,zbinali4,2021-07-14 23:59:11 India Standard Time,0.0,0.0,0,"@BorisJohnson I want ask about covid , why UK still close border , are you worried..???",en
173,srranbir,2021-07-14 23:56:33 India Standard Time,1.0,0.0,1,NP Singh Ji of @SonyPicsIndia made a generous corporate contribution of ‚Çπ1.11 cr for setting up Phillips CT Scan equipment at the upcoming 125-bedded Bala Sahib Covid Hospital. His contribution wld be instrumental in creating a state-of-the-art health infra &amp; saving many lives.  https://t.co/LeGuCgljuv,en
174,tituraj,2021-07-14 23:51:22 India Standard Time,0.0,1.0,3,"What u are rightly asking, is yet to make an entry into Guwahati healthcare.   Appalled at Deluxe Suite provided fr COVID patients in a hospital less thn a kilometer away frm capital.   They charge 9,000 per day. This rate even beats national healthcare brands in terms of charge",en
175,sec_thoddoo,2021-07-14 23:45:54 India Standard Time,0.0,0.0,0,‚ú≥Ô∏è COVID-19 Live Updates: 14/07/2021  @thoddoo_hc  https://t.co/cgU7SCPpC1,en
176,parveza19886885,2021-07-14 23:44:54 India Standard Time,1.0,0.0,0,Inshallah  Second Dose   COVID-19 Vaccine  complete,en
177,nirikshanbilla,2021-07-14 23:44:16 India Standard Time,0.0,1.0,2,@rupagulab Mama has now become a Covid Vaccineüòù,en
178,ashwanigautam33,2021-07-14 23:41:33 India Standard Time,0.0,3.0,2,Spoke with President @ibusolih of Maldives.Assured him India's commitment to support Maldives in the COVID-19 pandemic. We also reviewed progress of bilateral development projects.Conveyed congratulations for the election of FM Shahid as UNGA President.  #NaMoAppAbhiyaan via MyNt,en
181,drjamalul,2021-07-14 23:38:07 India Standard Time,0.0,0.0,0,HCMC set to test 1.3 million people daily for Covid - VnExpress International  https://t.co/mOf3sYSp8q,en
182,rajeshrofficial,2021-07-14 23:36:39 India Standard Time,0.0,0.0,2,BJYM @BjpHowrah Sadar organise Agitation and Deputation to Chief Medical Officer Health Howrah against irregularities and #TMC - Administration nexus on Covid Vaccination.  @BJP4Bengal  #WestBengal #Kolkata #howrah  https://t.co/31W7bSbgMj,en
183,drswatisinghkh1,2021-07-14 23:33:54 India Standard Time,0.0,0.0,2,#throwback Covid last year meeting request all sex workers to close the area and they supported and so there was no single pt.of covid positive   Thanks to all my sister's üëç #shreesaisevasanstha  https://t.co/iOSbfUEwos,en
186,_arjunjain,2021-07-14 23:29:20 India Standard Time,1.0,1.0,5,"However, additional investments do benefit Bangladeshis too. They help reduce tensions &amp; augment the limited resources available. They also help accelerate growth.  At times they save lives - like these oxygen generators that benefit Bangladeshi and refugee #COVID patients.  6/14  https://t.co/pVdMzKqfBR",en
187,sanju_1108,2021-07-14 23:27:56 India Standard Time,0.0,0.0,2,Govt. employees DA increases while lockdown continues in Maharashtra. Lockdown shall follow some covid cases graph. If cases are decreasing Govt. needs to ease out lockdown. otherwise it will turn to be never ending process #EndLockdownNow,en
188,amykamal84,2021-07-14 23:23:02 India Standard Time,0.0,0.0,0,Other countries are gradually liftling the rules. Yet.. we are getting bad to worst. ü•≤ #Covid_19 #pleaseresign #Azmin #azminletakjawatan,en
189,red_aries_,2021-07-14 23:20:03 India Standard Time,1.0,0.0,0,@IWaituika @Ajeya38260060 @Nkinga_ And don't forget Kenya received 1 million of free Covid vaccines for free from India. If we can give medicine we surely can give pain also.,en
190,sriniva16207542,2021-07-14 23:09:29 India Standard Time,0.0,0.0,1,R-Factor Covid must be control necessary.  Proper SOP need in Public transport &amp; Public places. Jai Hind,en
192,gauravs27087742,2021-07-14 23:07:23 India Standard Time,0.0,0.0,0,@PMOIndia @narendramodi @WHO @UNICEF @BJP4Delhi @ArvindKejriwal @aajtak @ABPNews @ZeeNews @ndtv @GautamGambhir @AamAadmiParty If goverment able to  control three things then there is no any third wave üåä of Covid-19.,en
193,crnath113,2021-07-14 23:05:28 India Standard Time,0.0,0.0,0,"POPULATION Control : Historical fate of India looks sombre post-Covid times. Invstmnt in India WL b less, concurrnt with our social jstice  progrms involvng direct monetary grants to under-privleged. If 30-40% PPL are to be supported financially, what remains to invest for jobs ?",en
194,khadejah_alm,2021-07-14 23:05:17 India Standard Time,0.0,0.0,0,I'm at Sabhan COVID-19 Drive thru in Mubarak Al-kabeer  https://t.co/ZkXlLtj8cH,en
195,majumdernath,2021-07-14 22:57:51 India Standard Time,0.0,0.0,0,"@PMOIndia Res Sir, create huge vaccine of Ahemedabad and nil covid.",en
198,siouxsieshoo,2021-07-14 22:54:22 India Standard Time,0.0,0.0,0,"@AngharadHafod @DalbidEU No, not literally. The health crisis is really down to hospitalizations and deaths, people under 40 very rarely get seriously ill with Covid. As a society we can live with people getting mild or asymptomatic Covid (or any other disease)",en
199,abdul_aziz2021,2021-07-14 22:53:24 India Standard Time,1.0,4.0,39,@MPAbdulKhaleque has strongly criticized Assam CM @himantabiswa  for the untimely tabled the Assam Cattle Preservation Bill 2021 .  When the state is suffering from #Covid_19  in the same CM wanted to diverted public attention from his failure _ Abdul Khaleque.  https://t.co/gLx2OKgrdL,en
200,kawthar21941387,2021-07-14 22:50:35 India Standard Time,1.0,0.0,2,Covid - 19 vaccine ‚úÖüíâ  #ÿÆÿ∞_ÿßŸÑÿÆÿ∑Ÿàÿ© #ÿßŸÑÿ¨ÿ±ÿπÿ©_ÿßŸÑÿ´ÿßŸÜŸäÿ©  https://t.co/CuAH7m2SpK,en
201,imphalapd,2021-07-14 22:48:48 India Standard Time,0.0,0.0,2,#AAI #Imphal #airport today received 09 boxes of #covid #vaccines to strengthen nation's  #fightagainstcorona by facilitating another #AirIndia #flight and was handed over to Family welfare department of #govtofmanipur.  #Unite2fightcorona   @aairedner @AAI_Official @MoCA_GoI  https://t.co/P1XxHkR5xL,en
202,kinipushpa,2021-07-14 22:46:12 India Standard Time,0.0,0.0,3,decrease in mortality in TB meningitis &amp; Miliary TB due to BCG vaccine has been a great reward of dedicated research .  use of word investment in  relation to COVID  appears to be commercial..,en
204,chacharfayaz,2021-07-14 22:40:34 India Standard Time,2.0,32.0,73,"Spokesperson Sindh Govt @murtazawahab1 requests citizen to get vaccinated, wear mask to pervent from 4th wave of covid ,cases are increasing rapidly   Report by : @sanjaysadhwani2  https://t.co/lytUlJetYB",en
208,sarangch6,2021-07-14 22:35:18 India Standard Time,3.0,18.0,34,N95 mask converted to Hand kercheif.. What an Excellent idea sir ji.. üò®.Very pathetic covid control protocol.üò°üò°.. üôèüôè (P. P Chitharanjan (communist party)is an Indian politician serving as the MLA of Alappuzha kerala constituency since May 2021)@drmonika_langeh @drpwndutta  https://t.co/rMqv06CFoe,en
209,iamprashantrai,2021-07-14 22:35:12 India Standard Time,0.0,0.0,0,@rssharma3 Struggling to get Covid vaccination  appointment. Why not take request and automate appointment based of slot availability. Why we check on daily basis if slot available or not. System should take request and allocate slot. Such simple feature can't be implemented ?,en
210,ntcnewsmedia,2021-07-14 22:34:34 India Standard Time,0.0,0.0,1,"She is Gracy Kumari from East Champaran district, #Bihar. She is one among three sisters. She is spreading awareness about covid-19 and vaccination. Her father is a businessman and mother is a housewife. @Dm_Motihari @narendramodi @PMOIndia @NitishKumar @ravishndtv @PIBHindi  https://t.co/8a9Yy1qaSF",en
211,pratyubarman,2021-07-14 22:34:33 India Standard Time,0.0,0.0,2,"‚Äúcovid, get the hell out.‚Äù ‚Äî Kim Namjoon, 2021 üëÄüôÇüòè #BTS #BTSARMY #BTSRM #VLIVE  üíú  https://t.co/9H9IDVdzcb",en
213,wikiayiyaa,2021-07-14 22:32:44 India Standard Time,0.0,0.0,0,"#BREAKING INDONESIA WORLD'S LARGEST ISLAMIC LAND WT 12.7% OF WORLD'S ISLAMIS LIVING, BEATING PAKISTAN AT 11.1%  becomes new epicentre of Asia as virus cases skyrocket beating India-Wiki Wiks '21-07-14 #Indonesia #SriLanka #Covid_19 #DeltaVariant  https://t.co/YddXVZBqXX",en
215,stephenkevan,2021-07-14 22:28:28 India Standard Time,1.0,0.0,12,@grantshapps Hi Grant. You know a little county called Qatar?? Can you explain why it is still on your red list? Extremely low cases and very high rates of Covid vaccination rollout. Think you need to look again at these figures and also show us too.,en
216,pilipini_snow,2021-07-14 22:24:53 India Standard Time,1.0,0.0,6,Fully vaccinated. üíñüíâ Done to my 2nd dose vaccine for covid-19  https://t.co/DK34GlPIuK,en
220,jasghar,2021-07-14 22:23:25 India Standard Time,1.0,2.0,5,#Thailand will use #AstraZeneca‚Äôs #Covid_19 #vaccine as a second dose for those who received a first dose of China‚Äôs¬† #Sinovac shot after hundreds of fully vaccinated medical workers caught the disease. This happened in #Indonesia too.  #Pakistan data?   https://t.co/KF05KYdLDt,en
221,turfa23272667,2021-07-14 22:23:13 India Standard Time,0.0,0.0,0,"Taken at around 10 PM this evening. This comes under the jurisdiction of Rabindranagar Police station, Maheshtala Municipality. So much for social distancing during #Covid_19, right? Go Corona Go. Literally. #Coronaindia @MamataOfficial @kmc_kolkata @KolkataPolice @CMOfficeWB  https://t.co/lf3UU4ZUwz",en
222,stautonomous,2021-07-14 22:23:05 India Standard Time,0.0,0.0,0,"St.Mary's College, Thoothukudi joins hands with Thoothukudi Collectorate. 1000 home Quarantine COVID patients were given Tele-counseling for last two months. Today the district collector appreciated our collective work. Appreciation &amp; thanks to all who worked for it. @sktherese  https://t.co/3n5lXP4IMR",en
225,yaswinsivanesan,2021-07-17 05:07:42 India Standard Time,1.0,0.0,1,@MahendranTarwin Selangor is in the process of creating new record for highest covid case deyh üòÇThat‚Äôs why government is preventing it üòÇ #EverythingUnderControl,en
228,drshipraphysio,2021-07-17 04:38:03 India Standard Time,0.0,0.0,3,Were you infected from Covid 19? Share your post covid complications with our specialist  Physiotherapy has greater role to play in bouncing you back in life post covid. Call Now ‚òéÔ∏è8777694040 #covid #COVID19 #postcovid19 #complications #jointpain #backpain #neckpain #spondylitis  https://t.co/6XCz9Lt3wE,en
231,shujahurrehman4,2021-07-17 04:23:27 India Standard Time,2.0,0.0,1,@GoharGillani56 Jisko Covid nahi hua ussay symptoms attay hain fever kay,en
232,commscraig,2021-07-17 04:07:38 India Standard Time,0.0,0.0,1,"@KathrynDiss I'm sorry to hear that Kathryn. I‚Äôve a friend in the US in a similar situation.  The airlines want to fly full planes, and we all want to get back.   After 18 months of covid getting home should be getting easier.   Unfortunately, it is more restrictive now than ever before.",en
235,mmaleeaxghar,2021-07-17 03:20:50 India Standard Time,0.0,0.0,1,"Sometimes i feel stupid but then I  remember, there are people who believe kurkure plastic se bnta he . . #ChildTaxCredit #PAKvENG #pakvseng #BabarAzam #SunnyLeoneForBoys #FarmersProtest #WENDY #Covid_19 #carolinekangongo #ENGvPAK #YEONJUN #T20I #Taliban #T20WorldCup  .",en
236,mmaleeaxghar,2021-07-17 03:17:27 India Standard Time,0.0,0.0,1,Wish I could step out of my body and take my own damn pictures. . . #ChildTaxCredit #PAKvENG #pakvseng #BabarAzam #SunnyLeoneForBoys #FarmersProtest #WENDY #Covid_19 #carolinekangongo #ENGvPAK #YEONJUN #T20I #Taliban #T20WorldCup  .,en
238,nepak_b,2021-07-17 03:07:39 India Standard Time,0.0,0.0,0,@ianuragthakur you should share covid-19 time dead body photos... #Shame,en
239,aapkaapnaamit_0,2021-07-17 02:54:05 India Standard Time,0.0,0.0,1,"""COVID-19: Here‚Äôs a list of some of the organisations helping India cope""   https://t.co/jbe2Fo9GGE",en
240,amannanbaig,2021-07-17 02:53:39 India Standard Time,0.0,0.0,2,"@ErinSandersNP @tmprowell @acweyand @Cleavon_MD @ShikhaJainMD @FutureDocs @angie_rasmussen @EpiEllie @ImmunoFever @BillHanage Sorry to hear that you caught COVID-19, just saw it tweeted by you. I wish you a swift and full recovery and your family to be safe. BW Mannan",en
242,vineetpubby,2021-07-17 02:38:47 India Standard Time,0.0,0.0,0,@capt_amarinder Sorry @capt_amarinder Ji yesterday i request 4 family but today i checked he is simply fiance problem case due to covid in family Bcs when yesterday late night somebody ask to do 4 that family I don't know about actual situation,en
243,mindkrraft,2021-07-17 02:10:42 India Standard Time,0.0,0.0,0,"""This city was 'the biggest winner' of COVID tech migration""   https://t.co/qG1ueNlvYo",en
244,tifasabri,2021-07-19 05:04:12 India Standard Time,0.0,0.0,0,@D13iy @R0i0S Before covid-19.  https://t.co/0hwGl6SV9C,en
246,drgovindshrgma1,2021-07-19 04:59:43 India Standard Time,0.0,1.0,1,But  we have to strictly follow COVID protocol,en
250,nurinn____,2021-07-19 04:37:07 India Standard Time,0.0,1.0,2,Can you not be selfish? The covid daily cases still high but people took an advantage by going back to their hometown?? How can they passed the roadblock‚Ä¶ üòí,en
253,lojain__jamal,2021-07-19 04:03:37 India Standard Time,0.0,0.0,0,COVID stayed longer than some people,en
256,mooakaradech,2021-07-19 02:52:49 India Standard Time,0.0,0.0,1,"@DavidARWhite It was a difficult summer in Thailand because of the spread of the COVID-19 and high new cases but God is good, my family has been blessed in so many ways.",en
259,gibbokok,2021-07-19 01:57:30 India Standard Time,0.0,0.0,0,Let's be careful out there...  #COVID19 #Covid19UK #Covid_19 #COVIDVaccination #Bangkok  #COVIDisAirborne  https://t.co/3w8Gyci0XX,en
261,ganapathirao,2021-07-19 01:32:37 India Standard Time,1.0,0.0,0,@MailOnline What abt Covid restrictions!,en
264,temptempholder,2021-07-19 01:29:21 India Standard Time,1.0,0.0,0,"Exponential in nature   But against PAP govt..  These virus of covid 19 is still dumb in nature..  Just that they can do evolution fast..  Otherwise , it does not even have a purpose.. they are literally aimless.  They win by killing people they dun even have concept of celebrate",en
266,temptempholder,2021-07-19 01:09:51 India Standard Time,0.0,0.0,0,Those curious critics who demand covid information presented in certain way is damn irritating..  Think singapore will be worse off?? Because they never see these forumer powerful analysis??!!  Damn self worshipper fuckers.  Pls lah... There is already ton of information now.,en
267,temptempholder,2021-07-19 01:02:35 India Standard Time,0.0,0.0,0,Home made pastry + daily report of covid  https://t.co/pi8Q5s9N9z,en
268,frasal3li,2021-07-19 00:59:24 India Standard Time,0.0,0.0,0,@thehill Javid¬†said¬†anyone who has similar symptoms or thinks they have come in contact with someone who has tested positive for COVID-19 should get tested. He also urged those who have not already been immunized to get the COVID-19 vaccine soon.¬†üëç,en
269,mindkrraft,2021-07-19 00:57:09 India Standard Time,0.0,0.0,0,"""COVID-19: Updates for the US"" #covid19  https://t.co/QCapGqCrm8",en
270,dr_pkprabhakar,2021-07-19 00:51:24 India Standard Time,0.0,1.0,1,Lambda COVID-19 variant and its ‚Äòunusual mutations‚Äô: What we know so far   https://t.co/8MVAVbwwVF @ Lovely Professional University - LPU  https://t.co/HRd2VcbDK1,en
271,ayshaalkhan__,2021-07-19 00:38:56 India Standard Time,0.0,0.0,1,COVID lasted more then some people üòÇü§èüèº,en
272,kudaykiran10,2021-07-19 00:36:37 India Standard Time,0.0,0.0,0,Yes. You can get COVID after vaccination but it‚Äôs typically mild disease   With                                    Without Vaccination                 Vaccination  https://t.co/J4bd5gXH8z,en
273,livdmoment,2021-07-19 00:32:36 India Standard Time,1.0,0.0,0,"@DrTomFrieden Bud My Respected Dad Was Vaccinated Somehow He #Contracted Covid , On The Day 5th He Kept #Trembling In #Pain For 8 Hrs And He Wanted To Say Something However He Couldn't Manage To Talk , In The Morning #Blood Started Oozing Out Of His #Mouth , We Booked A Pvt Ambulance...",en
275,temptempholder,2021-07-19 00:23:07 India Standard Time,0.0,0.0,0,"Just use fraction to describe a message to a real life friend I know.  U are 1/2 dead now.  If got long covid , u will be 7/8 dead.",en
277,sec_thoddoo,2021-07-19 00:13:38 India Standard Time,0.0,0.0,0,‚ú≥Ô∏è COVID-19 Live Updates: 18/07/2021  @thoddoo_hc  https://t.co/Vlfc6MoIPk,en
278,___manish___05,2021-07-19 00:12:58 India Standard Time,0.0,0.0,0,Every contribution counts. Find out how you can also help these organisations fight COVID-19 in India ‚¨áÔ∏è #Covid19IndiaHelp #stayaway #everyone if you #love him or her,en
279,mohnaazs,2021-07-19 00:12:45 India Standard Time,0.0,0.0,0,@PotholeWarriors name of covid.,en
280,temptempholder,2021-07-19 00:06:09 India Standard Time,0.0,0.0,0,I would go too faster than speed of light even after covid cluster shaming  if they send me this kind of picture.  https://t.co/4aAeTvLjkx,en
281,unknowu97881401,2021-07-19 00:02:16 India Standard Time,0.0,0.0,0,"Covid delta Enjoying  party in revolution,indore with 300 others‚úåüèªüéâü¶†  @ChouhanShivraj @TOIIndoreNews @narendramodi @InvestinMP @BJP4MP @News18MP @adarpoonawalla @PMOIndia @ManishS00423742 @cnnbrk @CNBCTV18News  https://t.co/4VfP2XMnFK",en
282,aanuragist,2021-07-18 23:58:24 India Standard Time,0.0,0.0,1,7 teams hit with Covid at #Tokyo2020   Is #Olympics bigger than life?,en
283,abmohapatra1,2021-07-18 23:53:44 India Standard Time,0.0,2.0,12,"Mrs.Deepa Nwita From Jagatsinghpur Was needed hygienic hospital facilities for Delivery. She was helped by #COVID_HELP_DESK Of 1(O) ARMD SQN NCC CUTTACK, ODISHA DTE ... @armdsqnnccrnjdc @LtAnirudha #NCCODISHA @TarunKAich  @kalinga_sagar  @HQ_DG_NCC  @utkalpride  @NccYogdan  https://t.co/DK1lhZEuYN",en
289,ftnatiqah,2021-07-24 05:08:21 India Standard Time,1.0,0.0,0,why the hell antivaxxers always spell covid as kobid???!ü§¶üèª‚Äç‚ôÄÔ∏è,en
294,sjhuq,2021-07-24 04:34:26 India Standard Time,0.0,0.0,0,"What a crowd, no Covid-19 protocols observed all are seemed to be politicians and or shopkeepers, NO CONTROL OVER CROWD",en
296,in2867muk,2021-07-24 04:16:56 India Standard Time,0.0,0.0,0,"@Sydusm When there was no Covid, why are we wasting tax payers money ??",en
297,ibobbi,2021-07-24 04:03:19 India Standard Time,0.0,2.0,2,"Stupid 'Thainess' opening ceremony even during life and death, when people are dying on street waiting for a proper bed and a proper treatment.   #Covid #‡πÇ‡∏Ñ‡∏ß‡∏¥‡∏î19",en
300,majedalijabed11,2021-07-24 02:54:32 India Standard Time,0.0,0.0,0,Folk music legend Fakir Alamgir has died from #Covid_19 under hospital care in Dhaka at the age of 71  https://t.co/pVO8F7ofyN,en
302,adelhalim__,2021-07-24 02:20:01 India Standard Time,0.0,0.0,0,Covid is real. Adoi makin takut üòî,en
303,edwardmayega,2021-07-24 02:15:14 India Standard Time,0.0,1.0,4,"Bebe i kno all ur kids are in private schools and teachers hv spent almost 2yrs without working, u want also them to go to Gulu and beg? More than 20 health workers died Covid due to lck of PPEs, bt some1 frm NMS, said that PPEs are there in store but hv no money for transport.",en
308,bhushansz,2021-07-28 04:43:16 India Standard Time,0.0,0.0,1,No contact CHECK IN in Bengaluru airport ... the total process is flawless... technology driven life ... covid era ...,en
310,shkkhuzaima,2021-07-28 04:36:24 India Standard Time,1.0,0.0,2,@Shafqat_Mahmood Asslam-O-Alaikum! You keep the school closed all year because of COVID-19.The students did not read anything because of you.What is the fault of the students in all this?Please do samothing.Please do not force students to commit suicideüò≠ #CancelExamSaveStudents  https://t.co/KHTQwkvQV1,en
313,avijitkhan,2021-07-28 03:55:10 India Standard Time,0.0,0.0,0,"The condition of Guwahati Railway Station COVID 19 screening center is so horrible. Due to heavy crowds, feeling Suffocating. A person , who is not COVID 19 +, Can be easily COVID Patient.   Govt should modify this system as soon as possible.  https://t.co/KNS3eYuyn2",en
316,drewinseasia,2021-07-28 02:13:12 India Standard Time,0.0,0.0,0,Australia really does not treat covid seriously here law states that anybody causing transmission of Covid-19 to others faces jail from two to five years while anyone who causes serious harm to public health faces two to five years in prison  #auspol   https://t.co/5YCg7Nlv8q,en
317,amitsha08189920,2021-07-28 02:08:39 India Standard Time,1.0,3.0,2,@PMOIndia @CMODelhi @ArvindKejriwal @htTweets @TOIIndiaNews @bsesdelhi @rashtrapatibhvn @aajtak @ABPNews AFTER PAYMENT OF bill BSES RAJHDHANI CA-10005621 WHICH WAS DUES DUE TO COVID 19  LOCKDOWN.BUT PAYMENT PAID FOR SAME BSES NOT GIVING SUPPLY IN WHICH 10-12 PEOPLE ARE DEPENDEND  https://t.co/RErlwAbqW0,en
319,prank__,2021-07-28 01:56:24 India Standard Time,0.0,0.0,2,@TOIMumbai Yes in State Covid cases,en
320,simran36949816,2021-07-28 01:51:14 India Standard Time,1.0,0.0,0,#keralamodel highest literacy rate but not able to control covid cases.,en
322,neerajakyadav,2021-07-28 01:42:45 India Standard Time,0.0,0.0,2,"Mask up India we can definitely win this war against covid üëçüëç@ravikishann, @PMOIndia, @myogiadityanath  https://t.co/xcdwrBjwOO",en
1,24topnews_,2021-07-03 19:04:55 India Standard Time,0.0,0.0,6,"The High Court of #Jharkhand has reprimanded the Special Investigation Team (SIT) formed to probe black marketing of #remdesivir, an anti-viral drug used in the treatment of #COVID19,  https://t.co/jBgNetCy4o",en
2,sauravm46616418,2021-07-03 18:40:58 India Standard Time,0.0,0.0,1,Remdesivir (saline injection) is the best medicine to cure Covid positive patients.,en
10,naeemafzal_,2021-07-19 05:21:11 India Standard Time,0.0,0.0,0,@schumailakhan What about remdesivir?,en
14,mkamran1007,2021-07-22 06:39:44 India Standard Time,0.0,0.0,1,"It may sound absurd but let me tell you, they are just scratching their balls. I wish they'd stop at least black marketing of Remdesivir.",en
16,drvinay_aiims,2021-07-26 12:50:14 India Standard Time,0.0,3.0,9,"üëâNo Medical Negligenceüö´ Docs Also Learn By Experience, Chhatisgarh HC Dismisses Criminal Case Against Doctor for administering #remdesivir #medtwitter #MedicareForAll #MedicalDialogues  https://t.co/MSw1fdOFje",en
