Username,Userhandle,Time,comments,retweets,likes,Tweet
Mohammed Zeeshan,@ZeeshanAITC,2021-05-30T23:31:17.000Z,,1,4,"#cancelboardexam
Don't trigger the Covid-19 infections.
It's my request to all the state governments & the central government to think about the lives of the students!
Lives are more important than exams.
Thank you 
@ShashiTharoor
 for your voice.

@PMOIndia


@AdvMamtaSharma"
Ujjwal Roy,@ujjwalroy06,2021-05-30T17:33:16.000Z,,1,1,"Read_My_Coverage_Story 
@ANI

#IHAFoundation
#Covid19IndiaHelp
#IndiaFightsCOVID19
#GurudwaraBehala
Kolkata: Gurudwara committee offers free oxygen, medical assistance to COVID-19 patients at mosque"
Sourav_Raj_d ,@iSourav_d,2021-05-30T17:21:21.000Z,,,1,"KMC Hon'ble Mayor 
@FirhadHakim
 sir,Inaugurated #Covid Unit At Islamia Hospital.

He started 110 beds in this unit for the treatment of #Corona infected people there.

We are appreciated to u r really great advance work bobby da.
#COVID19 #KolkataCovidCare"
Soumyajit Majumder,@SoumyajitWrites,2021-05-30T17:00:48.000Z,1,6,48,"Bengal’s COVID active cases drops below 1 lakh as recoveries outnumber new cases. 11,284 new COVID-19 cases reported, deaths at 142. New recoveries at 18,642. Importantly, tests at 70k+."
Saurendranath Konar,@SaurendranathK1,2021-05-30T13:13:13.000Z,1,,,"Ramdev again questions Covid-19 vaccines, says he’s protected by yoga & Ayurveda https://hindustantimes.com/india-news/ramdev-again-questions-covid-19-vaccines-says-he-s-protected-by-yoga-ayurveda-101622376819966.html?utm_source=twitter&utm_medium=social&utm_campaign=ht_AMP…"
Sourav_Raj_d ,@iSourav_d,2021-05-30T11:43:45.000Z,,3,1,"Authorities in Uttar Pradesh's Balarampur district are dumping the body of an Corona infected patient into the Rapti river.

The country is going in the wrong direction today due to the Inefficiency and irresponsibility of the central government.
#Viral_Video #COVID #COVID19"
RAKESH CHHALANI,@RAKESHCHHALANI,2021-05-30T09:11:47.000Z,,,,"Replying to 
@krishnajaggarao
 
@MiliGho46530196
 and 
@ndtv"
Soumyajit Chakraborty,@soumyajitecon,2021-05-30T07:30:42.000Z,,,,"Replying to 
@jdhankhar1
 and 
@MamataOfficial"
Adrija Chatterjee,@adrijac,2021-05-29T18:26:06.000Z,,,3,"Many variants, few vaccines. 
#COVID"
Manoj Jain,@jainmanoj,2021-05-29T15:23:14.000Z,,,,"Feeling blessed that I could to do something during this pandemic. #COVID #COVIDSecondWave #COVID19India

@pooja_news
 
@anandmahindra
 
@monikareporter
 
@hvgoenka
 
@rahulkanwal
 
@TimsyJaipuria
 
@aajtak
 
@ndtv
 
@republic
 
@ABPNews
 
@t2telegraph
 
@Arnab_RBharat"
RAKESH CHHALANI,@RAKESHCHHALANI,2021-05-30T09:11:30.000Z,,,,"Agra: ANM Niha Khan found not injecting Covid-19 vaccine after inserting needle, FIR to be filed for throwing away loaded syringes https://opindia.com/2021/05/agra-anm-used-to-inject-needle-but-didnt-inject-covid-19-vaccine/… via 
@OpIndia_com"
Manoj Jain,@jainmanoj,2021-05-29T13:48:53.000Z,,,,"Feeling blessed that i am able to do something during pandemic. #COVID #COVIDSecondWave #COVID19India 
@narendramodi
 
@MamataOfficial
 
@jdhankhar1
 
@PMOIndia
 
@MoHFW_INDIA
 
@ANI
 
@PTI_News"
Adrija Chatterjee,@adrijac,2021-05-29T11:51:41.000Z,,,2,GoM to decide on #GST exemption on #COVID-related relief items formed.
Suvobrata Sarkar,@SuvobrataSarkar,2021-05-29T11:16:04.000Z,,,,Swayam has arranged for it's staff and family members to take the Covid 19 vaccination. Thank you Swayam for this wonderful initiative!
Pooja Mehta,@pooja_news,2021-05-29T10:30:21.000Z,14,46,289,Alapan Bandyopadhyay had little time to mourn the demise of his own brother whom he lost to Covid-19 amidst handling the pandemic situation & post-Cyclone aftermath in the state.
Saurabh Gupta(Micky),@MickyGupta84,2021-05-29T09:31:45.000Z,,,4,"@MamataOfficial
 addresses the media after Centre-State row erupts over Centre’s unprecedented order asking Bengal   #ChiefSecretary to report to 
@DoPTGoI
 office in New Delhi in the aftermath of a cyclone and in the midst of the #Covid pandemic.


@ndtv
 
@ndtvindia"
Joydeep Phukan,@joyphukan,2021-05-29T09:13:52.000Z,,,2,"Had COVID? You’ll probably make antibodies for a lifetime https://nature.com/articles/d41586-021-01442-9… #COVID #COVID19Vaccination #antibodies 
@velumania
 
@FaheemYounus"
Shreyasi Ghosh,@Shre9045,2021-05-29T09:01:58.000Z,,,,"As evident,commercialisation at its peak!Covid-19 unleashes the gruesome fact of how 'Indian middle class' is soon on the verge to shrink and perish leaving only two extreme polarised classes!Coming up soon with a write-up on this! 
#polscitwitter 
@OpenAcademics
 
@AcademicChatter"
Sikharendra Datta,@sikharendra,2021-05-29T06:02:39.000Z,,2,7,#Bengal if you really wanted to know how much BJP cares for you - here’s the proof - Chief Secretary called back to Delhi when is one of the key persons handling #COVID management in the state! #shame #MamataBanerjee #absentPM #BjpDestroyedIndia
Sourav_Raj_d ,@iSourav_d,2021-05-29T05:13:54.000Z,,1,2,"#Japanolympics 
The Japanese government on Friday extended the COVID-19 state of emergency to June 20 as Olympics loom.
#Japanolympics #worldnews #TimesofIndia #HindustanTimes #SportsNews #olympics2021 
#Theindianexpress #News18"
Dipendu,@Dipendu062,2021-05-28T20:15:10.000Z,,,,Modi Never Bought Enough COVID-19 Vaccines for India. Now the Whole World Is Paying
Rikdev Bhattacharjee,@Rikdeb_B,2021-05-28T18:21:18.000Z,,,2,"Lets together fight against covid-19 battle
Great move 

@srijitspeaketh
 
@itsmeabir
 
@DebaDaOfficial
 
@Chandrimaaitc"
Suchinta Mukhopadhyay (টিকলু),@SuchintoM,2021-05-28T16:43:42.000Z,,,,"Replying to 
@republic"
Suchinta Mukhopadhyay (টিকলু),@SuchintoM,2021-05-28T16:42:29.000Z,,,,"Replying to 
@republic"
Suchinta Mukhopadhyay (টিকলু),@SuchintoM,2021-05-28T16:41:34.000Z,,,,"Replying to 
@republic"
Soumyajit Majumder,@SoumyajitWrites,2021-05-28T16:08:29.000Z,2,3,34,"West Bengal reports 12,193 new COVID-19 cases, 143 deaths; Steep fall over the last three days — on Wednesday it was 16,225 cases, on Thursday it was 13,046 cases. Tests have been around 60,000 samples."
Ayan Chatterjee,@iam_achatterjee,2021-05-28T16:06:31.000Z,,,,"Come forward and stand by the endangered workers of our heritage, College Street Boipara and Tollygunge Cinemapara : https://milaap.org/fundraisers/support-the-helpless-workers-of-college-street-boipara-and-tollygunge-cinemapara…

#milaap #crowdfunding #COVID #covid19 #bichitrapatra #thebichitrapatrafoundation #Tollywood"
MOHIT DUJARI,@mohitdujari,2021-05-28T15:18:01.000Z,,,1,"Wishing 
@sudhirchaudhary
 a speedy recovery from #COVID. Get well soon."
@SomenDasAITC,@SomenDa54402884,2021-05-28T13:03:29.000Z,5,6,24,"Our didi 
@MamataOfficial
 is not just a leader. She is a saviour who can fight against major problems faced for the people - Covid 19 or Yaas...
#DidiFightsYaas
#DidiFightsYaas
#DidiFightsYaas
#DidiFightsYaas
#DidiFightsYaas
#DidiFightsYaas
#DidiFightsYaas
#DidiFightsYaas"
Kalyan Ghosh,@Kalyan_AITC,2021-05-28T10:04:19.000Z,2,5,16,"#AITC covid task force is steady in action, #AITC is always by the side of people. #COVID will lose and Bengal will win. #wearmask #staysafe #maintainsocialdistance"
JO.B.S,@DrinkCoolness,2021-05-28T09:14:07.000Z,,,,"JO.MOMO would be served Steaming #Hot once we are done with #lockdown and #Corona is under control.
#Kolkata Stay #Happy Stay #Healthy"
Shamik Bhattacharyya,@ShamikB15515296,2021-05-27T20:19:23.000Z,,,,"An update on our efforts to support the COVID-19 conversation in India https://blog.twitter.com/en_in/topics/company/2021/update-india-covid-crisis.html… #ISupportTwitterIndia I support 
@JackDorssey
 Privacy Policy , urging 
@TwitterIndia
 don't bowdown your head before 
@narendramodi
 
@AmitShah
 
@amitmalviya
 
@BJP4Bengal
 #JayBangla"
Dr Manoj Kumar K,@manubunny7,2021-05-27T16:42:56.000Z,,,,"@wbdhfw
 
@aaikolairport
 
@ICMRDELHI

Kindly refer to ICMR Advisory for COVID-19 testing during the second wave of the pandemic dated 04/05/21. (copy attached) 
@MoCA_GoI
 
@RGIAHyd
 Why many states are still making RT PCR Mandatory for healthy and double dose vaccinated passengers??"
Chandradeep Dutta,@ChandradeepDut3,2021-05-27T16:29:43.000Z,,,1,"Shame on wb government 

@MamataOfficial
 

@basu_bratya
 

@abpanandatv
 
#CancelExamsSaveStudents 
#CancelAllBoardExams 
#cancelboardexams 
#COVID19 
#Covid 

@SonuSood"
Dilip Yadav,@DilipYadav_AITC,2021-05-27T15:50:07.000Z,2,1,19,This is the formal official list of the Doctors presently deployed under essential COVID-19 services & have been recently allocated as members in the West Bengal TMCP committee representing the Medical Cell.
Shamik Bhattacharyya,@ShamikB15515296,2021-05-27T14:37:20.000Z,,,,"An update on our efforts to support the COVID-19 conversation in India https://blog.twitter.com/en_in/topics/company/2021/update-india-covid-crisis.html… #ISupportTwitterIndia I Request again 
@JackDorssey
 to stick with your Privacy Policy don't bowdown your head before 
@narendramodi
 
@AmitShah
 
@amitmalviya
 
@BJP4Bengal
 #JayBangla"
Surendra Bansal,@surenban,2021-05-27T14:03:57.000Z,,,,"Rajdeep, are u a father of a Doctor, like me?  now shed your hatred, negativity. Be positive. Join war against corona. Stop Sonia bhakti.

What are the possible reasons behind Dr. KK Aggarwal succumbing to Covid-19 despite vaccination? https://indiatoday.in/coronavirus-outbreak/video/possible-reasons-dr-kk-aggarwal-covid-19-vaccination-1804157-2021-05-18?utm_source=twshare&utm_medium=socialicons&utm_campaign=shareurltracking… via 
@indiatoday"
Sourav_Raj_d ,@iSourav_d,2021-05-27T11:24:09.000Z,,1,1,"#BreakingNews - WB Covid Restriction Extended:
The decision to deal with #Corona.Restrictions will remain in place in the state until June 15. This was stated by Chief Minister #MamataBanerjee at a meeting on Thursday.
#MamataBanerjee #kolkata #COVIDEmergency2021"
Bhaskar Mukherjee,@Bhaskar05033039,2021-05-27T06:38:23.000Z,,,,"Replying to 
@yogrishiramdev"
ramen aditya,@AdityaRamen,2021-05-27T06:26:13.000Z,,,,"IMA urged Prime Minister to take ""action under the sedition charges” against Ramdev over his statements questioning the efficacy of allopathy medicines & doctors and to stop the ""misinformation campaign on vaccination” against the coronavirus disease (Covid-19) by the yoga guru."
ANIL  LALWANI,@AnilLalwani69,2021-05-26T17:41:46.000Z,,,,"@mkstalin
 : Don't You Know Laws Are On Hold For 18 Months . Fight Covid 19 First Enough Time Later ."
Arpita Chatterjee,@ArpitaCP,2021-05-26T07:37:20.000Z,,3,31,"‘Health is the greatest gift, contentment the greatest wealth, faithfulness the best relationship.’ - Lord Buddha

During this tough time of Covid-19 & Cyclone Yass, May lord buddhe bless us with all his power and blessings 

Happy Buddha Purnima! "
Subha Chatterjee,@SubhaChatterj12,2021-05-26T06:01:54.000Z,,,,"The country reels under covid-19 pandemic, recession and record job loss. Migrant workers are back on the roads. Farmers,the Annadatas who feed the country are starving when foodgrains rot in the FCI godowns.
#Blackdayagainstgovt"
Padmanabhan Jaikumar,@p_jaikumar,2021-05-26T05:46:22.000Z,,,,"21.89 crore Covid-19 vaccine doses provided to states, UTs so far: Health ministry
https://timesofindia.indiatimes.com/india/21-89-cr-covid-19-vaccine-doses-provided-to-states-uts-so-far-health-ministry/articleshow/82938342.cms… via NaMo App"
Nature Mates-Nature Club,@NatureMatesNat,2021-05-26T04:44:46.000Z,,5,3,"#CycloneYaas is wreaking havoc in #Sundarbans which is already battling the heavy impact of #covid please Rt and amplify and help us with the fundraiser. #COVIDEmergency
#covidrelieffund #kolkatacovid 
@imVkohli


@AnushkaSharma
 
@SonuSood
 
@swastika24
 https://naturematesindia.org/event/cyclone-yaas-relief-sundarbans/…"
Dr.Suman K Prusty,@sumankumarprust,2021-05-26T00:47:30.000Z,,,,"Since the time #pandemic hit the humanity the thought processes actually took a toll. 

To know how? #swipe 

#covid_19 #covidindia #covid #pandemiclife #pandemicthoughts #quaratinelife #quarantinethoughts #thinkingpatterns #rgstonehospitals- Kolkata city, West Bengal India "
Soumick Mondal,@soumick_raj,2021-05-25T16:12:43.000Z,,,1,"Chronic high carbohydrates intake = Hyperinsulinaemia = Multiple pathological situations = Severity 

A common and easy thing which is hard to understand for many.

#covid_19 #covidindia #nutrition #hyperinsulinemia #highcarbohydrates #severity #stayfitstayraw #befitwithraj"
Raj Saha ,@rajsahaofficial,2021-05-25T15:27:43.000Z,,,,"WB COVID-19 Daily Health Bulletin: 25 May 2021.
A detailed snapshot of all relevant details on COVID-19 in WB. Keep checking.
#BengalFightsCorona #COVID19 #WestBengal"
Srijeeb Goswami,@SrijeebANI,2021-05-25T14:23:21.000Z,,,,"@IamSumanDe
 Please Turn off  Covid 19 awareness  Dial Tune. It is very difficult to call in an emergency.
অনুগ্রহ করে কোভিড 19  Dial Tune বন্ধ হোক। আপতকালিন সময়ে"
Srijeeb Goswami,@SrijeebANI,2021-05-25T14:22:57.000Z,,,,"Please Turn off  Covid 19 awareness  Dial Tune. It is very difficult to call in an emergency.
অনুগ্রহ করে কোভিড 19  Dial Tune বন্ধ হোক। আপতকালিন সময়ে"
Kangaroo Kids Park Street,@kkparkstreet,2021-05-25T12:11:48.000Z,,,2," CYCLONE YAAS ALERT  

Here are some guidelines which might help you during this upcoming cyclone. Do not forget to take necessary precautions for
 Covid 19 as well. We have to fight everything together 
.
.
.
.
.
.
.
.
.
.
#staysafe #stayhome #YaasCyclone #CycloneAlert"
Pratim Ranjan Bose,@pratimbose,2021-05-25T10:35:15.000Z,2,3,10,"Blaming #India govt? Look at #Taiwan, #SouthKorea, #Japan & SEAsia  - they were stars in 1stwave. All fell to 2ndwave. Vaccine shortage/ #covid cases rising"
Srijeeb Goswami,@SrijeebANI,2021-05-25T09:47:17.000Z,,,,@Cm_B_Mamta_TmcRequest to our PM Mr Narendra Damodar Modi.Please Turn off  Covid 19 awareness  Dial Tune. It is very difficult to call in an emergency.Specialy Deu 'Yaash' cyclone.
Srijeeb Goswami,@SrijeebANI,2021-05-25T09:46:35.000Z,,,,"@jdhankhar1
 Request to our PM Mr Narendra Damodar Modi.Please Turn off  Covid 19 awareness  Dial Tune. It is very difficult to call in an emergency.Specialy Deu 'Yaash' cyclone."
Srijeeb Goswami,@SrijeebANI,2021-05-25T09:45:56.000Z,,,,"@narendramodi
 Request to our PM Mr Narendra Damodar Modi.Please Turn off  Covid 19 awareness  Dial Tune. It is very difficult to call in an emergency.Specialy Deu 'Yaash' cyclone."
ramen aditya,@AdityaRamen,2021-05-25T07:23:26.000Z,,,,"In West Bengal, a force of about 80,000 CPM  red volunteers are in nooks and corners of the state, breaching the gap between demand and supply in services being rendered to COVID-19 patients. 
TMC groups are also in the field but BJP or RSS goups are missing in social help."
Om Prakash Shah,@MrOmPrakashShah,2021-05-25T07:22:37.000Z,,,1,"Baba Ramdev need to introspect seriously and exercise restraint. He should take abundant caution before issuing statements on subjects like Covid 19.His statements quite often have been far  away from absolute truth.
@yogrishiramdev"
Ayusmita Chatterjee,@AyusmitaChatte1,2021-05-25T06:38:26.000Z,,3,2,"Delhi Hospital Records 15 Out Of 40 COVID-19 Infected Children Under The Age Of One During
 https://shethepeople.tv/?p=450036 via 
@shethepeople"
Vishesh Dudheria,@vishesh2111,2021-05-25T01:10:06.000Z,,1,1,"Cashless facility not available for covid-19 patient in kolkata GD HOSPITAL & DIABETICS INSTITUTE.... then why should we opt for health insurance when one has to pay huge expenses  upfront...this clause has been wrongfully inserted..help the common man

@MoHFW_INDIA"
"Dr. A. K. Singh; MD, DM (Endo) ",@singhak_endo,2021-05-24T20:43:32.000Z,1,,8,"I wrote recently about New-onset hyperglycaemia and Diabetes in Covid-19 recently in DRCP. 
@vijayviswanatha
 
@RajeevJayadevan
 
@snehamordani
 Here is the link https://pubmed.ncbi.nlm.nih.gov/32853686/"
Pratim Ranjan Bose,@pratimbose,2021-05-24T18:28:06.000Z,1,1,7,Couldn't agree more. #covid once again underlined why #populationcontrol is a priority for #India. Vaccination so far remained a factor of population and financial resources. Israel (90 lakh) a fitting example.
HOPE INDIA,@hopekfoundation,2021-05-24T14:02:52.000Z,,,,"Twitter 

As part of our #COVID relief initiative,  needy families received #ration packs from #HKF volunteers in #Chetla and #GDPark today 
This effort wouldn't be possible without our donors 
Click the link below to support us-

http://hkf.ind.in"
Arman Ansari,@Arman00496874,2021-05-24T10:20:26.000Z,,,,Don't think Joke. Covid 19 
Tirthadeep K,@TirthadeepK,2021-05-24T08:04:51.000Z,,,,India’s gigantic death toll due to COVID-19 is thrice the official numbers
Pratim Ranjan Bose,@pratimbose,2021-05-24T03:59:08.000Z,,,,"Replying to 
@neonsprocket"
"Dr. A. K. Singh; MD, DM (Endo) ",@singhak_endo,2021-05-23T17:41:15.000Z,1,5,26,"Tune in to 
@IndiaToday
 TV at 11:30 am tomorrow, Monday 24th May. Me 
@ArvinderSoin
 and 
@RajeevJayadevan
 literally debating  the reason behind #Mucormycosis #epidemic in #India with #Covid-19 - grilled by none other than 
@snehamordani
. Is it #Diabetes #Steroid, something else?"
Veena,@Veenaaa,2021-05-23T13:55:04.000Z,,,1,"Given the importance of following COVID Appropriate Behaviors (CAB) , webinar is scheduled on 24 May2021, 2.45pm to 4.45 pm.
https://unicef.zoom.us/j/97236465123  useful for community groups who are or have the potential to be  engaged in social mobilization on COVID-19 prevention."
sanjoy chakraborty,@sanju347,2021-05-23T13:23:16.000Z,,,,"COVID-19 DISINFECT SERVICES. WE ARE NOT ONLY DOING SANITIZATION,  ALSO DISINFECT ALL THE PATHOGENS INCLUDING COVID-19 VIRUS. BOOK YOUR APPOINTMENT- 9007055151/9051212951. OUR SERVICES IS BEST IN TOWN. @ Kolkata"
sanjoy chakraborty,@sanju347,2021-05-23T13:21:51.000Z,,,,"COVID-19 DISINFECT SERVICES. WE ARE NOT ONLY DOING SANITIZATION,  ALSO DISINFECT ALL THE PATHOGENS INCLUDING COVID-19 VIRUS. BOOK YOUR APPOINTMENT- 9007055151/9051212951. OUR SERVICES IS BEST IN TOWN. @ Kolkata"
sanjoy chakraborty,@sanju347,2021-05-23T13:19:59.000Z,,,,"COVID-19 DISINFECT SERVICES. WE ARE NOT ONLY DOING SANITIZATION,  ALSO DISINFECT ALL THE PATHOGENS INCLUDING COVID-19 VIRUS. BOOK YOUR APPOINTMENT- 9007055151/9051212951. OUR SERVICES IS BEST IN TOWN. @ Kolkata"
Santanu Sengupta শান্তনু সেনগুপ্ত,@Dips_2809,2021-05-23T13:14:14.000Z,,,1,"Please watch this comprehensive video on 
@myogiadityanath
 Govt on tacking COVID 19"
Rtv Bangla Live,@rtv_banglalive,2021-05-23T08:04:10.000Z,,,3,"PPE kit handed over to Rtv Bangla captain Soumen Saha on behalf of Bandhu Chal Welfare Association .
..
..
#ppekit #covid #covid_19 #corona #coronaindia 
#covidwarriors #media #mediaagency #news #newsupdates"
Pratim Ranjan Bose,@pratimbose,2021-05-23T06:12:11.000Z,,,4,"This is a fact. #Nurses suffered #covid-cut in salary in many private hospitals across the country. While hospitals blame it on loss of tertiary care patients, covid patients are paying thru their nose. Rs 3-4 lakh bill common even in small towns."
Alay Dey Dey,@alay_dey,2021-05-23T05:48:11.000Z,,,,"Replying to 
@DrRPNishank"
Bideep Banerjee,@bideepbanerjee,2021-05-23T04:58:09.000Z,,,,24x7 Hospital & Ambulance Numbers In Delhi For COVID-19 | Delhi NCR
BHOLA NATH SAHA,@bsaha1712,2021-05-23T01:52:27.000Z,,,,"@WBPolice
 FACEBOOK-এ COVID-এর ভুয়ো রিপোর্টের অভিযোগ! গ্রেফতার স্বাস্থ্য দফতরের কর্মী-সহ ২ via 
@aajtak
 https://bangla.aajtak.in/west-bengal/story/fake-covid-test-racket-two-arrested-channdannagar-one-them-wb-health-department-worker-278979-2021-05-22?utm_source=atweb_story_share…
 Byline Report-Chandannagar PC cracked GANG who cheated thousands during Covid-19 in Name of Covid Test , MY REPORT for the AAJ TAK BANGLA.*"
Saikat Das,@rdas19418,2021-05-22T20:57:12.000Z,,,,"Replying to 
@acefitness"
Pratim Ranjan Bose,@pratimbose,2021-05-22T19:50:51.000Z,2,12,27,"Mobile was banned since first #covid wave in 2020, when State was facing criticism of suppressing covid deaths and patients took pix/video or wards piled up with dead bodies."
sanjoy chakraborty,@sanju347,2021-05-22T19:13:48.000Z,,,,"COVID-19 DISINFECT SERVICES. WE ARE NOT DOING ONLY SANITIZATION,  ALSO DISINFECT ALL THE PATHOGENS INCLUDING COVID-19.  BOOK YOUR APPOINTMENT- 9007055151/9051212951. @ Kolkata https://instagram.com/p/CPL8KZCrKk6/?utm_medium=twitter…"
SAYAN KUNDU (WRITER),@KunduWriter,2021-05-22T18:57:54.000Z,,2,11,"Renowned actor Smt Sandhya Roy going home recoverd from Covid-19. Here seen with her doctor Dr Prasun Mitra just before discharge at Woodlands hospital, May 21, 2021.
#Sandhya_Roy"
Samir,@Samir78526309,2021-05-22T18:51:07.000Z,,,,"Replying to 
@vyasa1968
 
@deepaknegiii
 and 6 others"
Rupam Art,@ArtRupam,2021-05-22T14:23:11.000Z,28,71,1.4K,"@SonuSood
 the real life hero.
(Pencil sketch by Rupam Bhattacharya).
#sonu_sood #RupamArt #sketch #painting #drawing #pencil #arts #art #real_life_hero #soft_pastel #Rupam_Art #sonu_sir #coronavirus #covid_19 #India #sonu #o2"
Saikat Das,@rdas19418,2021-05-22T12:07:42.000Z,,,,"Due to covid 19 pandemic in India, All the examination centres are closed . My exam date is 23rd June .
What should I do 
@acefitness
 .
Please help ."
"Dr. A. K. Singh; MD, DM (Endo) ",@singhak_endo,2021-05-22T09:04:26.000Z,1,9,40,"DM me if you are interested to know every minute details of Mucormycosis in Covid-19. Why, how when and what next ? 
@sardesairajdeep
 
@RajatSharmaLive
 
@bhupendrachaube
 
@IamSumanDe
 
@snehamordani
 
@sudhirchaudhary
 
@arnabrepublictv
 
@BanglaRepublic


@BDUTT"
Arpita Mukherjee,@ArpitaM57600621,2021-05-22T07:17:13.000Z,,2,4,"Total cases of covid 19 ( active, confirm, recovered and death cases) in different States/UT's of India..( May 19th, 2021)
#CoronaUpdate 
#CoronaVirusUpdates 
#COVID19 
#CoronavirusIndia 
#COVID 
#coronavirus 
#Covid_19 
#CovidIndia 
#COVID19India"
ARIJIT MONDAL,@TheNameisArijit,2021-05-22T04:41:03.000Z,,1,1,"Let us unite to supply oxygen to Covid-19 patients and save their lives. Contribute to #OxygenForIndia initiative by Paytm Foundation. For every contribution made on the app, Paytm will contribute the exact same amount https://m.paytm.me/oxygen"
Bishal Kabra,@KabraBishal,2021-05-22T03:47:51.000Z,,,,"Sanitizers quality should check by the govt. Health department. Thereafter we can control over covid-19.

@PMOIndia
 

@WHO
 

@MoHFW_INDIA
 

@GeneralHospital"
Bishal Kabra,@KabraBishal,2021-05-22T03:45:05.000Z,,,,"All Hospitals need to sanitize properly and fully. There after control over covid-19.

@PMOIndia
 

@MoHFW_INDIA
 

@WHO"
Tirthadeep K,@TirthadeepK,2021-05-22T00:28:12.000Z,,,,"Second wave of Covid-19 may hit India’s economy harder, say experts https://scroll.in/article/995336/second-wave-of-covid-19-may-hit-indias-economy-harder-say-experts… via 
@scroll_in"
Tirthadeep K,@TirthadeepK,2021-05-22T00:10:23.000Z,,2,,"India: Marginalised communities, informal workers and women bear the brunt of COVID-19 second wave"
Pooja Mehta,@pooja_news,2021-05-21T15:53:39.000Z,9,51,282,"#GoodNews: A 99-year-old lady, Arati Bhattacharya fully recovered from Covid-19 despite comorbidity like diabetes,ischemic heart disease. She was suffering from pneumonia with hypoxia & was on Noninvasive ventilation. She was discharged today from Coochbehar Medical College."
Swagata Chakraborty,@Swagata_0000,2021-05-21T12:23:59.000Z,1,,,"We 3 find positive (covid-19). Yes, it is difficult to fight  bt we r doing this 2gether, bcoz we don't have any other option. Really need good vibes & well wishes. This virus make people alone, but I believe till the humanity alive and its serve for ppl, ppl never be alone."
samy ghosh,@GhoshSamy,2021-05-21T11:50:51.000Z,,,,"@SonuSood
 sir i believe your health is well, you do lot of for our countries people, for this believe & faith today I'm going to ask you for some for my friends father, he is in a critical situation, he suffering from COVID 19 & pneumonia, financially bad https://pic.twitter.com/kDYKSDZm4l"
samy ghosh,@GhoshSamy,2021-05-21T11:46:21.000Z,,,,"@SonuSood
 sir we also donating as much as we can afford & now looking to you if you can provide any kind of help, I share the links below
https://milaap.org/fundraisers/support-ram-singh-5?utm_source=whatsapp&utm_medium=fundraisers-title…

*Help My 58-Years-Old Father Ram Singh From Covid-19 & Pneumonia*
His account number - 37918328925
Ifsc - SBI0000205"
Arpita Chatterjee,@ArpitaCP,2021-05-21T08:44:51.000Z,1,1,15,"The model village of Hiware Bazar in Ahmednagar district of Maharashtra is showing the way on how to combat the Covid-19 pandemic. From 1-20 May, there has not been a single case of Covid-19 in Hiware Bazar, located in the Nagar tehsil.

https://epaper.thedailyguardian.com/Home/MShareArticle?OrgId=215ec89a5d8…
#Salute"
Padmanabhan Jaikumar,@p_jaikumar,2021-05-21T06:38:38.000Z,,,,"Covid-19: Railways delivers nearly 11,800 tonnes of medical oxygen across India
https://timesofindia.indiatimes.com/india/covid-19-railways-delivers-nearly-11800-tonnes-of-medical-oxygen-across-india/articleshow/82789482.cms… via NaMo App"
Aishik Saha,@oeesheek,2021-05-21T04:45:24.000Z,,,,What does one do when their go-to #doctors succumb to #covid ?
Ranjini Basu,@ranjini_basu,2021-05-20T18:50:28.000Z,15,133,858,Lost my granny Com. Jyotsna Bose this Sunday. A lifelong trade union activist & Left worker her political involvement began with the All India Post & Telegraph Employees Strike in 1946. She is the first Indian woman to donate body for #COVID research. Proud to uphold this legacy
Shubhankar Saha,@Shubhankarasaha,2021-05-20T17:38:02.000Z,,,1,ICMR has approved the self-test rapid antigen Covid-19 testing kit 'Coviself' developed by Mylab Solutions. Using the kit people can collect their own nasal swab and check results within minutes. This will immensely help in early and quick detection.
Amit Mukherjee,@AmitMukherji15,2021-05-20T16:20:22.000Z,,,,"I, as an ordinary citizen of the country, want the recovery from #Covid  of Honourable Justice Chandrachur Sir. You recover quickly. You need the country... Get well soon Sir..... 
@LiveLawIndia
 
@barandbench"
Arihant Jain ,@Arihant_4u,2021-05-20T16:03:47.000Z,,,,"Thankz for your love and Support #WestBengal 


@CPIM_WESTBENGAL


@cpimspeak
 #RedVolunteers #helpforcovid #Warriors #Kolkata 
@jdhankhar1
 #India #Corona"
Shamit Das,@shamitdas02,2021-05-20T15:54:45.000Z,,,,"Me and my my wife have got our first jab of vaccine today in office. Thanks a lot #KPMG for this wonderful oppourtunity.

#kpmg #kpmgindia #leadership #covid #vaccinationdrive #togetheragainstcovid19 #HappyAtKPMG"
Sanjib Kumar Das,@moumiayush,2021-05-20T14:17:34.000Z,,,,"COVID-19: India is nowhere near ‘herd immunity’ yet, says ICMR director https://gn24.ae/bb9d5abb97be000
#ICMR #CoronavirusPandemic #LargestVaccineDrive #IndiaCoronavirus ##StayStrongIndia"
Sudipto Halder | সুদীপ্ত হালদার,@OffSudiptoH,2021-05-20T13:10:06.000Z,,,,"I was listening to the Prime Minister today and one thing did strike me. His leadership appeared totally, as a decorated post, his words were purely ornamental. He is acting like he is the President not the prime minister. What is wrong? Why's he so casual? #COVIDEmergency #COVID"
Urbasi Bhattacharyya,@Gayatri_INC,2021-05-20T10:14:52.000Z,,2,4,Hiroshima Bombing too was man made ...the suffering of the people is still continuing. Covid 19 effect will have more or less same effect in India the only difference is - this effect could be avoided.  A strong government with its pro people policy ...need of the hour...alas...
NABARUP GANGULY,@NabarupG,2021-05-20T09:56:56.000Z,,,,"#World_Bee_Day
This year’s theme “Bee engaged – Build Back Better for Bees”,  encourages #global_cooperation and #solidarity in facing the threats and impacts posed by the #COVID-19 pandemic, particularly in food security and agricultural livelihoods."
Arpita Chatterjee,@ArpitaCP,2021-05-20T09:31:39.000Z,7,,119,"ICMR has approved Pune-based Mylab Discovery Solutions’ self-test COVID-19 kit called the CoviSelf COVID-19 OTC Antigen LF device. The kit will allow you to test yourself for COVID-19 right at home. The kit will be out in the market in a week. Well, that’s a good news indeed!!"
Megha Kejriwal,@Megha_journo,2021-05-20T08:13:39.000Z,,,,"#JustIN: Renowned playback singer #ArijitSingh’s mother, Aditi Singh passed away at #AMRI Dhakuria. She was admitted with #COVID and was put on ECMO. She tested negative on 17th May but succumbed to a cerebral stroke."
BHOLA NATH SAHA,@bsaha1712,2021-05-20T05:56:30.000Z,,1,,"Rabindra Bhawan .
His SON *ARIJIT DUTTA ( Contct No. 86177 85967) 
  Made *TEARFUL submission through SOCIAL MEDIA* requesting that Since his father battling for life while struggling to get rid of pandemic Covid-19 as his father is a *small businessman the boy who is pursuing"
Pooja Mehta,@pooja_news,2021-05-20T03:25:19.000Z,1,3,26,"Revised guidelines for Covid-19 Vaccination:

1. Individuals infected with Covid-19 to defer their vaccination for 3 months after clinical recovery.

2. If infected after the 1st dose, 2nd dose to be deferred for 3 months after recovery."
Urmi .......,@Urmi_J,2021-05-19T18:50:19.000Z,,1,,"Please help this baby and her family....""Help my 5 month old daughter raise funds to fight Covid-19"" 
@swastika24
 
@srijitspeaketh
 
@paramspeak
 
@parnomittra
 
@iamrajchoco"
Rian,@iamkyrian,2021-05-19T14:02:17.000Z,,,1,"Today bengol violence on this pandemic covid-19 
#GhonoshamUpadye
#UtBengol"
Tirthadeep K,@TirthadeepK,2021-05-19T12:49:11.000Z,,,,"Dhana 
@jdhankhar1
 is a super spreader. He needs to be arrested immediately under Disaster Management Act. for spreading Covid 19.


@WBPolice
 , 
@KolkataPolice
 
@CIDWestBengal
 arrest 
@jdhankhar1
 immediately."
Debasish,@deba6616,2021-05-19T09:53:34.000Z,,,,"Replying to 
@ndtv"
Arpita Chatterjee,@ArpitaCP,2021-05-19T09:34:48.000Z,2,7,113,"Well again a good news for us... a new vaccine by Johnson & Johnson has announced that it is collaborating with Telangana-based Biological E to produce its 'Janssen COVID-19 vaccine' in India. 

#ANewHope #PositiveVibes #WeshallOvercome"
ANIL  LALWANI,@AnilLalwani69,2021-05-19T08:53:17.000Z,,,,"Again Manishji , What Arvindji & You Are Doing . Focus On Covid 19 Management , Pay for Vaccines Instead of Wasting Money on TV Ads ."
Agniva Mallick,@Agnivamallickof,2021-05-19T04:15:54.000Z,,,1,positive vibes in pandemic condition #SaluteToCoronaWarriors  #Covid_19 #StayHomeStaySafe
Arpita Mukherjee,@ArpitaM57600621,2021-05-19T03:25:06.000Z,3,2,8,"Active covid cases in India,May 13th,2021
#coronavirus 
#COVID19
#Corona #CoronavirusIndia #Covid_19 #Unite2FightCorona 
Map prepared with help of ARC GIS ( ESRI) software"
Pooja Mehta,@pooja_news,2021-05-19T02:26:21.000Z,7,11,96,"Former West Bengal Chief Minister Buddhadeb Bhattacharya tests positive for Covid-19, under home isolation. His wife, Mira Bhattacharya also tested positive for Covid-19 & has been admitted to a private hospital."
Souvik Bhattacharya,@SouvikB95446179,2021-05-19T01:44:08.000Z,,,,"Their are humans like 
@SonuSood
 who gives their best to help our society and their are people like one family in our society who started humiliating us because my father tested covid positive.
#HumanRights #COVID #justice"
Raju Prakash ( Rishu ),@RajuPra53411288,2021-05-18T22:36:02.000Z,,,1," We Dispatch All Goods After Testing Also. 

Nasal Steamer (Vapourizer) @ Wholesale Rate at 200/- With Free Home Delivery To Safe Themselves From Covid 19,  2 nd.  & 3 rd. Stages & Asthama Desiese.
Call Or What's App = 09830654646/09830315080.."
Dr. Mânâli N Roy (মানালী) ,@ManaliRoy16,2021-05-18T22:12:51.000Z,,,,"While Mummaa is half the way down battling COVID-19, daughter finally takes her comfortable place for the nap, her Mumma's lap.

#midnight #myprincess
#motherdaughter #fightingcovid19 #lhasaapso #india #kolkata #toughtimes #2021"
"Dr. A. K. Singh; MD, DM (Endo) ",@singhak_endo,2021-05-18T19:20:18.000Z,,2,7,"Thank you so much for doing a great work for mankind. All excitement ends with #Colchicine now - despite the fact - there was a significant benefit in mortality reduction in #COLCORONA trial in non hospitalised patient with #Covid 
@MartinLandray
 ?"
Soumyajit Majumder,@SoumyajitWrites,2021-05-18T18:39:17.000Z,2,36,165,"#JUSTIN: Former West Bengal CM Buddhadeb Bhattacharjee tests positive for COVID-19, his wife Mira Bhattacharjee is also infected and she was admitted to Woodlands with breathing troubles"
Adrija Banerjee,@Bonhishikha_93,2021-05-18T18:32:14.000Z,,,,"#maskupindia 
#covi̇d_19 precautionary measures 
#governmentofindiainitiative 
#fightagainstcoronavirus @ Kolkata https://instagram.com/p/CPBkNaTH7b1774fEr9NzDqLIZb5ef9BUvqfgXA0/?utm_medium=twitter…"
Saugata Saha,@Saugata_2006,2021-05-18T17:48:03.000Z,,,,"@wbdhfw

I want to file complaint against private hospital Newtown fpr COVID-19 wrong billing. Please help."
Sk Nadir Ali,@nasknadirali,2021-05-18T11:02:51.000Z,,,,"I'm very saddened by the passing of former IMC President & Padma Shri Awardee, Dr. KK Agarwal, after a long battle with COVID-19

He dedicated his life to the welfare of the public.Even during the pandemic, his selfless service saved many lives. 
@tauseefrahman19 
@aiims_newdelhi"
Ashim Kumar Ghosh,@AshimKu91990763,2021-05-18T09:50:12.000Z,,,,"Replying to 
@narendramodi"
Ravina,@ravina_india,2021-05-18T08:51:47.000Z,,,,"@Debjyotisaha217
  painted reality. Such a helpless and painful situation to be in. I hope things get normal and no more life is lost because of Covid-19 
#COVID19 #VaccineShortage #COVIDSecondWaveInIndia"
Devanjan,@dev_just4u,2021-05-18T07:23:40.000Z,,,,"Replying to 
@HospitalsApollo"
Ankit Gupta ♔,@guptaanks01,2021-05-18T07:08:08.000Z,,3,3,"New guideline for management  of  #Covid patients 
1-ICMR & AIIMS has REMOVED  #plasma therapy for treatment.
2-Also, No  oral steroids.
Only I/v steroid when hospitalised 
Please do help spread this so that everyone gets updated
#PlasmaTherapy
#indiaunitedagainstcovid #corona"
Priyata Brajabasi,@PriyataB,2021-05-18T06:45:35.000Z,,1,2,"As ICMR drops Plasma Therapy as a treatment for Covid-19, replugging the interview with Kolkata's top Cardiac Surgeon 
@KunalCardiac
 where he talks about his experience with the treatment..
Full interview:
https://youtu.be/Twtl66Op-Xw"
SAYAN KUNDU (WRITER),@KunduWriter,2021-05-18T05:51:26.000Z,,1,4,"Interacted with doctors across India. They shared insightful inputs, based on their own experiences of curing COVID-19. The determination of our doctors during these times is remarkable!
http://Pib.gov.in/PressReleseDet"
Tanmoy pal,@iam_the_Tanmoy,2021-05-18T05:47:56.000Z,,,,"Replying to 
@JhaSanjay"
Arpita Chatterjee,@ArpitaCP,2021-05-18T03:32:32.000Z,12,8,214,"Good Morning!! 

At a time when people are facing a lot of hardship due to the second wave of Covid-19, a team of twenty doctors has launched an initiative to give free consultations to people.  Keep it up people! 

#Motivation #CovidSecondWave #Weshallovercome"
Shani Singh,@Shanirss,2021-05-18T03:18:15.000Z,1,,4,"Thanks Twitter CEO Jack Dorsey’s

@jack
 donate $2.5 millions to support relief efforts in India’s ongoing COVID-19 second wave to NGO Sewa International .
A welfare organisation affiliated with the Rashtriya Swayamsevak Sangh (
@RSSorg
)."
"Dr. A. K. Singh; MD, DM (Endo) ",@singhak_endo,2021-05-17T21:01:27.000Z,,,,"Replying to 
@BagaiDr
 
@TimesNow
 and 5 others"
Sudarshan Ghosh,@MrSudha,2021-05-17T19:41:07.000Z,,,,"""Ultimately, the greatest lesson that COVID-19 can teach humanity is that we are all in this together."" @ Kolkata / Calcutta (City of Joy)"
sanjoy chakraborty,@sanju347,2021-05-17T18:05:01.000Z,,,,Office sanitization with CDC recommended chemicals to disinfect covid-19 virus. @ Kolkata https://instagram.com/p/CO-8UUur1mD/?igshid=dlwljwbs41k9…
sanjoy chakraborty,@sanju347,2021-05-17T17:18:53.000Z,,,,Sanitization services for fight against covid-19. @ Kolkata
Pooja Mehta,@pooja_news,2021-05-17T15:06:28.000Z,21,7,131,"We have lost so many of our colleagues to Covid-19 in the last few days in Kolkata. 

We don’t even have the privilege to grieve the demise of our loved ones. 

Such is life!"
Saurabh Gupta(Micky),@MickyGupta84,2021-05-17T12:00:41.000Z,95,31,840,Sorry everyone for having been out of touch for the last ten days. Still recovering from #Covid with some lung infection prevailing. Thank you for all the prayers and wishes of recovery. Still struggling with basic chores but hoping to bounce back.
DR. S.P BHATTACHARYA,@spbwb,2021-05-17T10:39:23.000Z,,,,"50 doctors die in a day to COVID-19, till now 244 dead in 2nd wave"
Aditya Singh,@AdityaS79869448,2021-05-17T10:35:41.000Z,1,,,COVID-19 relief: Hyundai to facilitate oxygen equipment delivery in five states
Ridzsups,@ridzsups,2021-05-17T10:15:17.000Z,,,,"Replying to 
@TimesNow
 and 
@MamataOfficial"
SUNIL SAHA,@sunilsaha4,2021-05-17T08:41:00.000Z,,,,"Bad decision.Bad timing. When the state needs a stable, govt To handle the situation 
@jdhankhar1
 creating unnecessary trouble.This will not solve any case Just eye wash..Now 
@MamataOfficial
 dharna andolon everything will start.If the #corona increases. You will be responsible."
Deepayan Sinha | দীপায়ন | दीपायन,@sdeepayan,2021-05-17T07:25:55.000Z,,2,2,"Scenes from outside #CBI's office in #Kolkata's Nizam Palace where hundreds of #TMC workers have gathered after four heavyweights were arrested in #narada sting case. RIP #COVID restrictions!! 
@indiablooms"
Debojyoti Sengupta,@DebojyotiSengu9,2021-05-17T03:38:41.000Z,,3,2,"#cancelboardexams2021 
#cancelcbseexams2021
#CancelExamsSaveBoardStudents 
Sir this is a honorable request to cancel the board examinations minding this covid-19 pandemic.

@DrRPNishank
 

@PMOIndia
 

@TheAnuragTyagi


@EduMinOfIndia"
Tirthadeep K,@TirthadeepK,2021-05-16T22:58:09.000Z,,2,7,Service Provided By Sikhs In The COVID-19 Crisis Has Made Us A Better Society: Mahua Moitra - NDTV
"Dr. A. K. Singh; MD, DM (Endo) ",@singhak_endo,2021-05-16T19:01:54.000Z,,,,"Replying to 
@RajeevJayadevan"
Rajlkxmi Datta,@RajlkxmiD,2021-05-16T16:32:32.000Z,,,,"Replying to 
@abpanandatv
 and 
@IamSumanDe"
Sanjay Sharma,@karant440,2021-05-16T16:28:26.000Z,,,,"India paying for #GalwanValley issues, China giving us poison slowly slowly in the name of #Corona and 
@RahulGandhi
 company involved in ? Our Business & Trade destroyed totally ! Please think 
@DrSJaishankar
 
@narendramodi
 
@DattaHosabale
 
@rashtrapatibhvn
 
@nsitharaman
 
@rajnathsingh"
Rajlkxmi Datta,@RajlkxmiD,2021-05-16T16:22:05.000Z,,,,"Replying to 
@the_hindu"
Debojyoti Sengupta,@DebojyotiSengu9,2021-05-16T14:20:43.000Z,,,1,"#cancelcbse12thboardexams2021
We are just suffering a mental trauma, moreover, studies are not good yet, and reminding the amid covid 19 pandemic situation this is a humble request to cancel  the exams.

@DrRPNishank
 

@PMOIndia"
"Dr. A. K. Singh; MD, DM (Endo) ",@singhak_endo,2021-05-16T13:27:47.000Z,,2,9,"Kudos to 
@MkosiborodMD
 for leading such a daring trial in #Covid and showing no harm and a possible suggestion of benefit of #SGLT2i in Covid. Dr Mikhail N. Kosiborod Discusses DARE-19 Trial Findings on Dapagliflozin  https://ajmc.com/view/dr-mikhail-n-kosiborod-discusses-dare-19-trial-findings-on-dapagliflozin… via 
@AJMC_Journal"
CS SAIBAL CHANDRA DUTTA,@Saibal_Ch_Dutta,2021-05-16T12:21:36.000Z,,,,"Replying to 
@MallikaDua
 and 
@HardeepSPuri"
BHOLA NATH SAHA,@bsaha1712,2021-05-16T10:39:48.000Z,,,,"VIDEO: হুগলির শতাদ্রু দত্তের উদ্যোগে পথে নামল ২২ ভ্রাম্যমাণ অক্সিজেন পার্লার via 
@aajtak
 https://bangla.aajtak.in/corona-virus-news-updates/video/shatadru-dutta-hooghli-sets-oxygen-cylinder-parlor-save-peoples-life-278213-2021-05-16?utm_source=atweb_video_share…
MY Spl VIDEO BYLINE REPORT regarding REAL COVID 19 WARRIORS Serving Others for NO 1 NATIONAL TV NEWS CHANNEL IN INDIA "" AAJ TAK "" Bangla."
Arpita Chatterjee,@ArpitaCP,2021-05-16T10:10:59.000Z,,1,43,"India registered more than 3 lakh #COVID19 recoveries in the last 24 hours. Together, we can win the battle against COVID-19.

#FightAgainstCorona #Covid19 #StayHomeStaySafe"
Sayantan C ,@sayantanc,2021-05-16T09:53:00.000Z,,,,"Save yourself!
#Corona #covid19"
Debojyoti Sengupta,@DebojyotiSengu9,2021-05-16T07:01:51.000Z,,,1,"We are just demanding for cancellation of class 12th cbse and all other board examinations, minding this covid 19 pandemic situations. Extension or postponement is just to increase stress and mental pressure.
# cancelcbseboardexaminations

@DrRPNishank
 

@PMOIndia
 

@TheAnuragTyagi"
Meninist Uttaran Pathak,@meninistuttaran,2021-05-16T04:20:20.000Z,,1,,"Is it our country? This is our covid-19 situation? This is distance maintaining? Why?
Only for luxury lifestyle. 

https://m.facebook.com/story.php?story_fbid=1168329180278880&id=100013054262714&sfnsn=wiwspmo…
#COVIDSecondWaveInIndia #BreakTheChain #COVID19 #CoronavirusIndia #BlessIndiaEkam #COVID #COVID19LK #Covid_19 #Corona #CoronaPandemic"
Subrata Sen,@Subrata15486682,2021-05-16T02:33:59.000Z,,,,"Replying to 
@johnsanoriginal
 
@Dr_ThomasZ
 and 
@jeff_foust"
Raju Prakash ( Rishu ),@RajuPra53411288,2021-05-15T21:44:29.000Z,,,1,"___Nasal Steamer (Vapourizer) @ Wholesale Rate at 200/- With Free Home Delivery To Safe Themselves From Covid 19,  2 nd.  & 3 rd. Stages & Asthama Desiese.

             Call Or What's App 09830654646/09830315080.."
Raju Prakash ( Rishu ),@RajuPra53411288,2021-05-15T21:41:12.000Z,,,1,"__We Dispatch All Goods After Testing Also._ 

___Nasal Steamer (Vapourizer) @ Wholesale Rate at 200/- With Free Home Delivery To Safe Themselves From Covid 19,  2 nd.  & 3 rd. Stages & Asthama Desiese.

          Call Or What's App = 09830654646/09830315080.."
Debojyoti Seal,@seal_debojyoti,2021-05-15T19:20:47.000Z,,,,"A small initiative ...to help the community...
@DidiKeBolo
 
@COVIDNewsByMIB
 
@kolkatacovid19
 
@KolkataCOVIDbot
 #covid"
DR. S.P BHATTACHARYA,@spbwb,2021-05-15T17:23:38.000Z,,,,"Mint: DRDO's 2-DG drug for Covid-19 treatment to be launched next week.
https://livemint.com/news/india/drdos-2-dg-drug-for-covid-19-treatment-to-be-launched-next-week-11621040541189.html…

via 
@GoogleNews"
Urbasi Bhattacharyya,@Gayatri_INC,2021-05-15T16:23:52.000Z,,3,6,Without any specific instruction from the upper level officer no babus of UP Ministry can issue direction to dump the dead bodies in the River. This Idiotic approach of the UP Ministry will be responsible for another super spreader far more dangerous than Covid 19.
��𝐀𝐍𝐃𝐄𝐄𝐏,@Sandeep06424827,2021-05-15T11:20:13.000Z,,,,"Replying to 
@__Shubhu0123"
Sayan Dey,@sayan_dey,2021-05-15T10:39:51.000Z,,,,"Replying to 
@RoydeGraaf6"
Sanjoy Das Guitar,@sanjoygt,2021-05-15T09:42:41.000Z,,,,"Suddenly announced #lockdown2021 in #WestBengal .. people r trying to go back immediately to there own places.I support this decision but needed good plan to announce this.I hope god will save us.pls follow the #covid #Protocol 
@News18Bengali
 
@MamataOfficial"
Yellow Telegraph,@Yellowtelegraph,2021-05-15T08:43:16.000Z,,1,,"After a Staggering Rise in the Number of Cases, West Bengal to Extend Lockdown Till May 30
Read https://cutt.ly/xbZKexe

#Kolkata #WestBengal #MamataBanarjee #CoronaUpdate #COVID19India #Corona #COVIDEmergency"
RISHAV CHAKRABORTY,@RISHAVBOSS,2021-05-15T08:29:17.000Z,,,1,"Since half of the college life passed into home and online classes due to covid 19 pandemic. 
@GitHubEducation
 took the great initiative to congratulate each student who are graduating on 2021. Hence I got a chance to experience it.
Thank you
Excited for the event and swags"
Kolkata Cloud Chasers,@KolCloudChasers,2021-05-15T08:12:05.000Z,,,3,"#WestBengal Government announced a Covid-19 Lockdown in the state for 15 days between May 16 to May 30.
.
#lockdown2021 #StaySafe"
Noor Alam Lumians ,@lumians143,2021-05-15T07:56:56.000Z,,,,"Mamata Banerjee Younger Brother Ashim Banerjee Passed away
Due to Covid-19"
Soumyajit Majumder,@SoumyajitWrites,2021-05-15T06:57:41.000Z,8,13,71,#JustIn: West Bengal announces total lockdown from May 16 to May 30 in wake of rising COVID-19 cases
Pooja Mehta,@pooja_news,2021-05-15T05:34:39.000Z,27,57,253,Chief Minister Mamata Banerjee’s younger brother Ashim Banerjee dies of Covid-19. He was admitted to Medica Hospital in Kolkata.
Afaque Ahamed,@afaquesadaf,2021-05-14T19:49:43.000Z,,,,"Replying to 
@Decent_Tweet_7"
Pooja Mehta,@pooja_news,2021-05-14T18:01:35.000Z,7,53,228,"Mizoram’s Power & Electricity Minister, R Lalzirliana seen mopping hospital floor where COVID patients are admitted. He was admitted to ZMC hospital after he tested positive for Covid-19 on 11th May, 2021."
Raj Sinha ,@Raj23Sinha,2021-05-14T17:27:48.000Z,,,,"Strange Rule in #America  No #Masks if you have got both the doses of #Vaccinnation  Also you get a beer cans  if you vaccinated  #COVID19outbreak #covid19usa #COVID2019 #covid #NoMasks#Maskupindia #VaccineForAll #IndiaFightsCorona
Is it a right decision ????"
Rahul kumar,@kumarrahul2018,2021-05-14T14:30:20.000Z,,,1,"Stay Alert to Stay Safe.

Health Minister Outlines
Covid-19 appropriate behavior.

#covid_19 #taxtally4u #healthylifestyle #healthministry #outlines #staysafe #staysafe @ Kolkata - The Mega City"
Decoding Dynamics,@DecodingDynamic,2021-05-14T13:01:55.000Z,,,3,"#DDynamics
Eid is a day to be grateful to Allah for all of his heavenly blessings on us. Wishing you a #happyEid!
.
.
.
#eid  #EidMubarak #eidulfitr #Ramadan #love #peace #instagood #humanity #joy #blessed #goodhealth #stayhome #staysafe #covid #spreadpositivity"
लोकाः समस्ताः सुखिनो भवन्तु॥ CodehubIndia,@codehubind,2021-05-14T12:00:11.000Z,,,,"Good news 
World first COVID vaccine which can block the covid 19 https://einpresswire.com/article/520732521/first-covid-19-vaccine-developed-in-the-southern-hemisphere-commences-human-trials#…

@NDTV
 
@TheDeshBhakt
 
@rohini_sgh
 
@ppbajpai
 
@payalmehta100"
Soumita Saha,@Soumitaborn2rok,2021-05-14T11:44:57.000Z,,,6,"Let's see how it works..
Please watch the video and login to 
https://findabed.in
Happy to join hands as a Cause Ambassador


@findabed_in
 
@iimunofficial
 

#covid_19 #covidindia #covidrelief #covidbeds"
Soumita Saha,@Soumitaborn2rok,2021-05-14T11:39:49.000Z,,,1,"Happy to join hands with India’s 1st information repository for finding and building beds as a cause ambassador

446 cities. 19217 COVID Centres. 671329 beds.

All done in 72 hours by the youth, for the country!


@findabed_in
 
@iimunofficial
 

#covid_19 #covidindia  #covidbeds"
Soumita Saha,@Soumitaborn2rok,2021-05-14T11:38:00.000Z,,,,"Delighted to know aboutIndia’s 1st information repository for finding and building beds.
446 cities. 19217 COVID Centres. 671329 beds.All done in 72 hours by the youth, for the country! Glad to do my bit as cause ambassado


@findabed_in
 
@iimunofficial
 

#covid_19   #covidbeds"
Ananya Sarkar,@AnanyaS39980811,2021-05-14T10:08:54.000Z,,,2,taking all the precortions for Covid-19 ... And y u haven't taken the examination in the month of February at that time Covid was in control... And they haven't yet completed their syllabus as well. All the other boards have cancelled the examination due to this pandemic.
Yellow Telegraph,@Yellowtelegraph,2021-05-14T09:20:25.000Z,,,,"Dr Reddy’s Sputnik V Covid-19 vaccine costs Rs 995 per dose
https://cutt.ly/bbKlI3S

#India #SputnikV #Covishield #VaccineShortage #Russia #vaccine #DRREDDY #VaccineForAll  #IndiaFightsCOVID19"
"Dr. A. K. Singh; MD, DM (Endo) ",@singhak_endo,2021-05-14T09:06:02.000Z,,3,12,"#Covishield 
Jan 21: take it 
@4W
 gap
March 21: take it 
@6
-8W
Early May 21: take it 
@12W

Mid May 21: take it 
@16W

Had #Covid: take 
@6M
. Meanwhile donate #plasma free - gave u V free 

Prediction 

Took 1: no need-u r safe-donate plasma  

No V: u have herd immunity 
TY 
@ICMRDELHI"
ramen aditya,@AdityaRamen,2021-05-14T08:27:27.000Z,,,,"COVID-19 deaths in Varanasi: Govt data says 227 died last month, but Manikarnika Ghat officials report 1,500 cremations in one April week alone
High costs of cremation varied Rs 15,000 to 30,000 forcing villagers in UP to bury the dead or dump bodies in Ganga
Yogi in silent mode."
Devkaran Singh,@Devkara45111047,2021-05-14T05:57:02.000Z,,,3,"#eidmubarak2021 
#savelife 
#StayHome 
Inshaallah covid 19 is finished this year

@BeingSalmanKhan
 
@eidmubarak"
Mohammad Sajid,@mohammad_sajidx,2021-05-14T05:01:57.000Z,,,3,"Eid-ul-Fitr Mubarak to each and everyone out there. Pray for the wellness of humanity dealing with Covid-19. Stay home stay safe.
#eidmubarak2021 #Eidulfitr2021 #Eid #EidUlFitr"
BHOLA NATH SAHA,@bsaha1712,2021-05-14T01:19:47.000Z,,,,"*MUBARAK EID UL.FITAR , praying Almighty & Allah to all of you and your family  keeping safe in this pandemic covid-19 situation & Almighty bless to you in  doing wonders in your respective jobs।*"
Shaykh Hasnain Ali Qadri,@haqtweets,2021-05-13T16:52:45.000Z,1,1,2,"May Allah Almighty accept our Ibadah rendered during the month of Ramadan and protect everyone around the world from COVID-19 Corona Virus{Second Wave}Pandemic. Here's Wishing you all a very happy and blessed Eid Ul Fitr Mubarak. 
#EidUlFitr #EidMubarak #COVID19 #StayHomeStaySafe"
Sheikh Hasnain Ali,@HasnainTweets5,2021-05-13T16:39:19.000Z,1,,1,May Allah Almighty accept our Ibadah rendered during the month of Ramadan and protect everyone around the world from COVID-19 Corona Virus{Second Wave}Pandemic. Here's Wishing you all a very happy and blessed Eid Ul Fitr Mubarak. #EidUlFitr #EidMubarak #COVID19 #StayHomeStaySafe
ramen aditya,@AdityaRamen,2021-05-13T15:37:26.000Z,,,,Tata Medical & Diagnostics is in marketing & distribution discussions with multiple Covid-19 vaccine makers such as Johnson & Johnson and AstraZeneca. Tata Trusts committed 1500 crore rupees to fight against covid19. They have already donated 500 crore rupees to PM cares fund.
Abhirup Banerjee,@abhirupb1997,2021-05-13T11:39:51.000Z,,,,"@MoHFW_INDIA
 
@CovidIndiaSeva
 
@drharshvardhan
 
@DrHVoffice
 Can someone please clarify when can a Covid-19 recovered patient receive Covid-19 vaccination in India as per the protocol?"
"Dr. A. K. Singh; MD, DM (Endo) ",@singhak_endo,2021-05-13T10:46:23.000Z,7,8,40,"Two Pharma giants manufacturing the drugs themselves claiming it doesn’t work in #Covid: 
#Ivermectin - MSD
#Tocilizumab - Roche 

But people are getting mad finding it "
Adroit Information Technology Academy (AITA),@aitakolkata,2021-05-13T08:39:18.000Z,,1,2,"Wear a mask at Celebrations for us and our country. Happy Eid Mubarak!

http://adroitacademy.com

#eidmubarak #eid #idulfitri #ramadan #stayhome #staysafe #covid #happyeid  #EidAlFitr"
kingsuk Basu,@basukingsuk,2021-05-13T05:11:38.000Z,,,1,"Withdrawal of vaccinations from private is an criminal offence 
@MamataOfficial
 when you don't hv infrastructure , trained manpower & sufficient vaccinations to vaccinate, health centers would be super spreaders like elections rallys #COVID #COVID19Vaccination"
WITTY_CUPID,@CupidWitty,2021-05-13T02:58:18.000Z,,,,"Replying to 
@timesofindia"
Manjuvasha Mitra SSRian SSR warrior,@manjuvasha,2021-05-12T20:23:53.000Z,,3,2,"EID MUBARK to my SSRians family.... 
May Allah bless us and give justice to all the victims and punished all the culprits as soon as possible and give us more power to fight with covid 19...
Stay safe enjoy safely.... 
Youth Icon Sushant"
Abhinaba Dasgupta,@NEWTHINKABHI,2021-05-12T18:37:46.000Z,,,,"Replying to 
@jdhankhar1
 and 
@MamataOfficial"
Sanjay Kumar,@SanjayMDSortho,2021-05-12T18:36:33.000Z,,,,The Lancet Editorial.                    India's COVID-19 emergency
Arghyadip Datta,@KhubPetuk1,2021-05-12T16:17:54.000Z,,,,"This is different level of #AtmanirbharBharata!! #atmanirbhar 

Tamil Nadu to float global tenders for Covid-19 vaccines to inoculate all in 18-44 age group - Coronavirus Outbreak News"
Ridzsups,@ridzsups,2021-05-12T14:21:02.000Z,,,,"Replying to 
@TOIDelhi
 and 
@timesofindia"
Aadil Mansoor,@rover_aadil,2021-05-12T14:16:28.000Z,,,1,"The world is a book and those who do not travel read only one page.”
#nomad #travel #lockdown #covid_19 #backpacking #solotravel #hitchhiking #tent #hiking @ Quest Mall"
Nishit Shaw,@NishitShawHere,2021-05-12T13:57:38.000Z,,,,"Replying to 
@narendramodi"
Kankana Bhowmik,@kankana_bhowmik,2021-05-12T10:23:00.000Z,,,,"I would like to thank you from the bottom of my heart for the kindness, empathy, and endless love! 
Happy Nurse Day
.
#nursesweek #nurse #nurses #nurselife #nursesofinstagram #nursesrock #nursepractitioner #nurseproblems #nursesunite #covid #nurseonduty #nursehumor"
The Brand Tips,@thebrandtips,2021-05-12T09:20:13.000Z,,,1,"A Tribute to Frontline Health Care Professionals During the COVID-19 Pandemic 
#HappyNursesday
#HappyNursesDay2021
#thebrandtips"
Urbasi Bhattacharyya,@Gayatri_INC,2021-05-12T09:07:27.000Z,,,3,"Maharashtra did remarkably well to combat Covid 19 . GOI just doing opposite . Follow the path of Maharashtra regarding transparency unless you do it you can never win . 
@PMOIndia"
Nadeem Anwar,@meNadeemWB,2021-05-12T09:04:37.000Z,,2,3,"Water logging in ward 36 Shibpur GCRC Road since yesterday 4pm.
What 
@HowrahMunicipal
 doing? Are they waiting for some disaster like diarrhea (symptom of Covid-19), electricity running

@MamataOfficial


@HomeBengal"
Debanjan Chakrabarti,@dcfrombc,2021-05-12T08:29:49.000Z,3,,27,"At a time of this extraordinary public health crisis, am deeply touched & inspired by so many fellow Calcuttans reaching out to help each other, organise support, individually or collectively, contributing to the fight against Covid 19. Too many to tag individually ..."
Inkcollab PR,@inkcollabpr,2021-05-12T08:22:01.000Z,,,1,"@mimichakraborty
 has been helping people in need of hospital beds, oxygen and other needs .
.
Here are the contact details.
.
#covid_19 #covidhelpline #mimichakraborty"
Mohammad Mumtaz,@Mohamma18839014,2021-05-12T08:08:45.000Z,,,,"HELP POST

A+ve Plasma Required from COVID-19 Recovered Donor

COVID-19 Patient, Lady aged 54, admitted in ICU in Birat Teaching Hospital, Biratnagar, ICU Bed No. 5
Contact Person Mr. Miraj 9827073786
#HelpingHand #helpindia"
ramen aditya,@AdityaRamen,2021-05-12T07:01:07.000Z,,,,"The Bihar government said altogether 71 bodies have been fished out from the Ganga in Buxar district, where these were found floating in the river, triggering suspicion that the abandoned corpses could be those of COVID-19 patients downstream from neighbouring Uttar Pradesh."
ramen aditya,@AdityaRamen,2021-05-12T06:38:48.000Z,,,,"The World Health Organisation (WHO) informed that the B.1.617 variant of COVID-19, first found in India in last October, had been detected from 44 countries in WHO regions.
In India, the active cases have reduced to 37,04,099 comprising 15.87 per cent of the total infections."
Twinkle Bain,@bain_twinkle,2021-05-12T06:17:39.000Z,,2,2,"Covid cases are getting more and more there's no oxygen no more beds in hospitalnothing Even in my locality there is 10cases of COVID-19 So this is our request from students Please cancel the board exams or take exams on online #cancelwbboardexam2021 
@MamataOfficial
 
@basu_bratya"
अशोक पासवान,@AshokPa72976701,2021-05-12T05:16:20.000Z,,1,1,"I agree with you mam
Sant Shri Asharamji Bapu has been implicated in a bogus case and not been given bail even once. Now at an old age of 85 bapuji is suffering from Covid-19 still judiciary is giving dates and delaying his bail.Why?
This is height of injustice
Justice For Bapuji"
Jit Bose,@jitbose1,2021-05-12T02:22:58.000Z,,,,"Sonu Sood brings in oxygen plant from France for COVID-19 relief in India | Hindi Movie News - Times of India
#SonuSood #COVID19"
Sayan Dey,@sayan_dey,2021-05-11T19:05:46.000Z,,,,"Replying to 
@ArunudoyB"
"Dr. A. K. Singh; MD, DM (Endo) ",@singhak_endo,2021-05-11T15:44:33.000Z,,,,"Replying to 
@docanoopmisra
 
@ICMRNIN
 and 5 others"
BHOLA NATH SAHA,@bsaha1712,2021-05-11T15:21:09.000Z,,,2,"My efforts for Noble Cause recognised -  family member of U P COVID 19 POSITIVE COUPLE treated in Hooghly, WB, Nice words from  Respected Additional Health Secretary,Government of West Bengal,  Mr  Sudip Mitra , IAS।"
Raj Saha ,@rajsahaofficial,2021-05-11T14:46:26.000Z,,1,8,"West Bengal crosses 20K Mark!

Highest ever single-day spike in Covid-19 cases since the beginning of the 2nd wave of  Pandemic 

In last 24 hrs 20,135 new cases recorded in West Bengal. 132 people have died due to #COVID19 
@pooja_news
 
@Plchakraborty"
Kamran Farooque,@kamranfrq07,2021-05-11T14:38:25.000Z,,1,3,"Love yourself first and everything else falls into line. You really have to love yourself to get anything done in this world.
So stay safe follow the guidelines of the 
@MamataOfficial
  
#wearmask #followtheguidelines #Covid_19 #maintainsocialdistancing #usesanitizer"
Call me WD or Wri,@Wri_Dutta,2021-05-11T10:56:12.000Z,,,,"D For Deaths, O For Oxygen: A to Z of India’s 2nd COVID-19 Surge https://thequint.com/videos/news-videos/d-for-deaths-o-for-oxygen-a-to-z-of-indias-2nd-covid-19-surge… 
New things to learn and remember!

@TheQuint
 #COVID19"
Urbasi Bhattacharyya,@Gayatri_INC,2021-05-11T09:07:43.000Z,,1,2,LEARN GOOD LESSONS FROM BHUTAN. HOW THEY MANAGED TO COMBAT COVID 19 TRY TO LEARN THAT. KEEP ASIDE YOUR EGO.
Pooja Mehta,@pooja_news,2021-05-11T07:20:54.000Z,16,54,147,#Shocking| A father abandoned his 13-year old son who tested positive for Covid-19 at Sealdah station yesterday. The boy was rescued by GRP & Child Line and has been sent to a govt home where he is recovering.
Priyata Brajabasi,@PriyataB,2021-05-11T06:53:46.000Z,,,,The technological inequality in India is stark. Covid-19 outbreak in rural India has laid bare the truth about the digital divide in this country. And it's devastating.
ramen aditya,@AdityaRamen,2021-05-11T03:24:04.000Z,,,,"4. EC did not take any measure for covid 19 norms.
5. Outsiders were responsible for the super spreading of covid 19 in Bengal.
6.After massive mandate, the Union Govt is harasing Mamata Govt on law & order issue, although High Court Bench praised for well tackling the matter."
MUNSHI MARUF HOSSAIN,@mmhossain1952,2021-05-10T18:37:34.000Z,,,,"Replying to 
@umasudhir
 
@g_upadhyay
 and 2 others"
ramen aditya,@AdityaRamen,2021-05-10T16:11:33.000Z,,1,,"Government said that the daily death on covid 19 is around 4000, but the queue for burning bodies in the burning ghat and also mass burning on the pavemts, floating the corpses in Jamuna river and Ganges make the estimation of real deaths is betwenn 30 to 40 thousands per day."
Srijan's Faucet,@Srijans_Faucet,2021-05-10T15:06:33.000Z,,,,"We have the power to protect each and every person from COVID-19. This is what we can do to lower the risks we face, from adhering to take public health measures.
 We must do it all.

#covid #coronavirus #corona #stayhome #love #quarantine #bhfyp #lockdown #staysafe"
Shahnaz P Mahrose شہناز,@Shahnazsays,2021-05-10T14:01:33.000Z,,9,26,"Kolkata Municipal Corporation brings #Covid testing to your doorstep. Just Call or WhatsApp with details. 

@kmc_kolkata
 

@FirhadHakim
 
#CovidCare"
Naturopathy,@angshchak1,2021-05-10T13:24:26.000Z,,1,1,"Patanjali was the first Indian company to publish a research paper on the new Covid-19 drug approved by DCGI: Read details

https://opindia.com/2021/05/patanjali-had-proposed-anti-covid-19-use-of-a-cancer-drug-one-year-ago/…
Paid media??

@chetan_bhagat"
Naturopathy,@angshchak1,2021-05-10T13:23:55.000Z,,1,1,"Patanjali was the first Indian company to publish a research paper on the new Covid-19 drug approved by DCGI: Read details

https://opindia.com/2021/05/patanjali-had-proposed-anti-covid-19-use-of-a-cancer-drug-one-year-ago/…
Any comment??

@chetan_bhagat"
ramen aditya,@AdityaRamen,2021-05-10T12:58:10.000Z,1,,,"Chinese military scientists allegedly investigated weaponising coronaviruses five years before the COVID-19 pandemic and may have predicted a World War III fought with biological weapons, according to media reports referring to documents obtained by the US State Department."
Anshuk Sengupta,@sengupta_anshuk,2021-05-10T10:03:14.000Z,,1,1,"What a Country !!! What Governance !!!
Current business drive by GOI to raise GDP. Shame and Slap 

https://news18.com/amp/news/india/not-just-shortage-and-slow-inoculation-rate-indias-vaccine-costs-highest-globally-report-3722642.html…

#GOI #PMOIndia #NarendraModi #Covid #CovidHelp #COVID19India #COVIDEmergencyIndia #CovidVaccine #COVIDVaccination #CovidVaccineIndia #ModiMadeDisaster"
Ava Manna,@AvaManna1,2021-05-10T08:49:56.000Z,,,1,"The third wave of Covid-19 could be much more disastrous. So, don't let the students in the huge mental pressure. Cancel the exams, added on alternative method of assessment and #saveboardstudents"
Pritam Biswas,@PritamB85581907,2021-05-10T07:24:26.000Z,,1,2,"Please utilise the vast open land like the maidan/ brigade area to fast forward the covid-19 vaccination drive. Large open area will help in minimizing the virus transmission risk and also of burden the hospitals. 
@MamataOfficial
 
@PMOIndia
 
@rashtrapatibhvn
 
@jdhankhar1"
Pooja Mehta,@pooja_news,2021-05-10T05:16:08.000Z,4,12,100,"Three ministers - Rathin Ghosh,  Bratya Basu & Amit Mitra take oath virtually as Rathin Ghosh & Bratya Basu have tested positive for Covid-19. Amit Mitra is unwell."
SUJOY SEN,@sujoy_1900,2021-05-09T17:43:31.000Z,,,,"Big-B requests people globally to help India fight against COVID-19
 The 78-year-actor was part of the Vax Live global event which was all about the coronavirus 
@SrBachchan
 
@mrsanjaysen78"
Ankit roy,@aroy2469,2021-05-09T17:13:26.000Z,2,,2,"I have tested positive for Covid 19 and presently in home isolation. Anyone in close contact with me in the last seven days, kindly get yourself tested."
Aalisha panwar_love ,@Aalisha_world,2021-05-09T17:06:09.000Z,,2,,"Let's fight against this covid 19 guys
 
#AALISHAXSHAGUNINBLINDLOVE"
Supriyo Roy,@Supriyo72374655,2021-05-09T13:38:31.000Z,,,,"Replying to 
@ANI"
Manoj A Michigan,@michiganframe,2021-05-09T12:19:47.000Z,,1,,"Evidence based Advisory in the time of #COVID-19 (𝐒𝐜𝐫𝐞𝐞𝐧𝐢𝐧𝐠, 𝐃𝐢𝐚𝐠𝐧𝐨𝐬𝐢𝐬 & 𝐌𝐚𝐧𝐚𝐠𝐞𝐦𝐞𝐧𝐭 𝐨𝐟 𝐌𝐮𝐜𝐨𝐫𝐦𝐲𝐜𝐨𝐬𝐢𝐬) 
@MoHFW_INDIA
 
@PIB_India
 
@COVIDNewsByMIB
 
@MIB_India
 #COVID19India #IndiaFightsCOVID19 #mucormycosis #COVID19Update"
Ishani Duttagupta,@IshaniDg,2021-05-09T10:45:52.000Z,2,7,17,"DearMa,am Information to all  is covid 19 Vaccination not available here, so cancel all appts at Nh rabindranath tagore hospital mukunda pur. I had got this appt weeks back. Now what do I do for my second shot 
@MamataOfficial
 
@derekobrienmp"
ramen aditya,@AdityaRamen,2021-05-09T09:15:04.000Z,,,,"The US, which has urged its citizens not to travel to India due to an unprecedented surge in the COVID-19 cases there, on Friday encouraged those in the country to book their tickets to return home through currently available flights."
Sunetra GangulyEF,@GangulySunetra,2021-05-09T08:02:48.000Z,,,,"Replying to 
@SrBachchan
 
@TiEGlobal
 and 3 others"
R.B.Singh,@RBSingh48761636,2021-05-09T07:33:51.000Z,,1,2,"While similar countries in the neighborhood are offering help to India to tackle COVID-19 the modi government is not even ready to stop the work of multi million central Vista project in Delhi.
Modi only cares about his own image. 
#NoMoreModi"
ramen aditya,@AdityaRamen,2021-05-09T07:31:11.000Z,,,,"Unplanned and wrong BJP India
When covid19 graphs are increasing along with increase in deaths, the vaccination is decreasing with increase in price.
Don't forget that the covid 19 does not understand who is BJP or who is from other parties or who is minister or who is beggar."
GhanteTak,@GhanteTak,2021-05-09T07:00:49.000Z,,,,"Just for reference, you'll find available bed and hospital address, ambulance support and cantact you'll get on the website.
#KolkataCovid #CoronaPandemic
#COVID #COVID19

https://excise.wb.gov.in/CHMS/Public/Page/CHMS_Public_Hospital_Bed_Availability.aspx…"
Taniya Sanyal,@TaniyaSanyalFF,2021-05-09T06:27:50.000Z,,,4,"On this mother's day....

let's pray for the speedy recovery of every mother of India... who is suffering from covid-19 right now...
#MothersDay #covidsafeindia"
DR. S.P BHATTACHARYA,@spbwb,2021-05-09T05:47:20.000Z,,,,WHO lists Sinopharm COVID-19 vaccine for emergency use
ramen aditya,@AdityaRamen,2021-05-09T03:26:57.000Z,,,,"India could see a staggering one million deaths from COVID-19 by August1,according to an editorial in the British medical journal Lancet.
If that outcome were to happen, BJP Govt would be responsible for presiding over a self-inflicted national catastrophe, the journal reviewed."
Lakshmi Singh@laks,@hallabollaks,2021-05-09T02:21:12.000Z,,,1,"COVID-19 vaccine rollout by India has rescued the world' from pandemic, says Dr Peter Hotez"
Sanwar Agarwal,@SanwarAgarwal,2021-05-09T02:10:39.000Z,,,,"Replying to 
@republic"
Salma ,@Salma_Indian_,2021-05-08T17:47:40.000Z,,,1,"The Nation needs the contribution of those who recovered from COVID-19 in recent days. Every few seconds, someone, somewhere in the country needs Plasma to be alive.

Share this link, It may save someone's life 

https://forms.gle/rMn9ES32u9BGPc8u6…


@yaifoundations
 "
Ranik Banerjee,@tataifriends,2021-05-08T15:09:44.000Z,,,,"Replying to 
@DChaurasia2312"
ramen aditya,@AdityaRamen,2021-05-08T14:24:00.000Z,,1,1,"The Supreme Court has set up a twelve-(member National Task Force (NTF) to facilitate a public health response to COVID-19.
The NTF, which has medical experts and doctors will specifically address issues relating to streamlining of oxygen allocation to different states,"
DR. S.P BHATTACHARYA,@spbwb,2021-05-08T11:29:39.000Z,,,1,"8 COVID-19 survivors lose eyesight in Surat due to mucormycosis, known as black fungus"
"Dr. A. K. Singh; MD, DM (Endo) ",@singhak_endo,2021-05-08T10:25:01.000Z,4,45,102,"Why you shouldn’t use #steroid in #Covid unnecessarily, indiscriminately and non judiciously. White paper from a group of leading Critical care experts, Pulmonolgist, Endocrinologist and Diabetologist from Kolkata. Kindly note and take action please  
@ICMRDELHI
 
@SAMITGHOSAL"
Somnath_Iswar@2001,@IswarSomnath,2021-05-08T09:49:30.000Z,,,,"@prasidh43
 tested positive for covid-19.. 
#getwellsoon 
#StayHomeStaySafe 
#StayStrongIndia "
UKinKolkata,@UKinKolkata,2021-05-08T07:29:37.000Z,1,12,37," SENDS MORE URGENT MEDICAL SUPPLIES TO  

The UK is sending these oxygen generators from Northern Ireland to India to tackle Covid-19.

UK and India are a #forceforgood in the fight against #Coronavirus."
ANIL  LALWANI,@AnilLalwani69,2021-05-08T07:07:48.000Z,,,,"Stop Unwanted Acts , Instead focus on Combating Covid 19 & Lowering Finance Burden ."
Raja Basu(OFFICIAL),@RajaBas04612605,2021-05-07T20:42:19.000Z,,,,Coronavirus Disease 2019 (COVID-19) Resources for Health Professionals https://fda.gov/health-professionals/coronavirus-disease-2019-covid-19-resources-health-professionals…
Raja Basu(OFFICIAL),@RajaBas04612605,2021-05-07T20:41:41.000Z,,,,COVID-19 Vaccines
Abhirup Banerjee,@abhirupb1997,2021-05-07T19:03:54.000Z,1,,,"@CovidIndiaSeva
 After recovering from Covid-19 when can I take the vaccination?"
Sunetra GangulyEF,@GangulySunetra,2021-05-07T17:24:10.000Z,,1,5,"We shall combat the fight with #Corona...May  God bless all..
Prayers for all "
Sandipan Mitra,@SMitra_,2021-05-07T13:04:07.000Z,,5,17,"Don't panic, follow the #COVID protocols, stay safe. #CovidHelpDesk (it has added more volunteers) is with you. Together we will overcome. Requesting 
@paramspeak
, 
@swastika24
, 
@srijitspeaketh
, 
@idevadhikari
, 
@nusratchirps
 & 
@mimichakraborty
 to spread the word.
#BengalFightsCorona"
Saikat,@SaikatB03,2021-05-07T10:24:28.000Z,,,,"@ICMRDELHI
 I have not tested in last 39/60/90 days & neither do I have any symptoms ! Still in Aarogya Setu app my number is showing as Covid-19 Positive !!"
SailenD,@SailenD4,2021-05-07T07:37:08.000Z,,,,"@PMOIndia
 
@NamoApp
 Hon'ble P M .Sub: Standard Vaccines doge of Covid 19 for the babies and children below 18.Sir, With profound honour I request you to ask the concerned scientists and doctors to mention the requisite doge for them as mentioned above. Most urgent.Sailen Dey,"
Jit Bose,@jitbose1,2021-05-07T06:29:27.000Z,,,,"Pic of #India today. No oxygen, empty blood banks, no hospital beds, non availability of #Remdisivir, no supply of #vaccine. Who's going to take the onus? 
#NotSoProudIndian #COVID19 #Covid #IndiaChoked #PMOIndia 
#fridaymorning #shameful"
