,tweet,clean_tweet,hastags,attherate,urls,emojis,label
15,Officially: for the 1st time ‚ÄúWHO‚Äù allows the Sinopharm vaccine against Coronavirus.  https://t.co/b6JPs4MuzA  #vaccination #vaccinated #Sinopharm #who #COVID19 #coronavirus #Bahrain #ÿ®ÿ≠ÿ±ŸäŸÜ #Bahrain,offici time who allow sinopharm vaccin coronaviru ,"['#vaccination', '#vaccinated', '#Sinopharm', '#who', '#COVID19', '#coronavirus', '#Bahrain', '#ÿ®ÿ≠ÿ±ŸäŸÜ', '#Bahrain']",[],['https://t.co/b6JPs4MuzA'],[],1
19,India moves fastest to stock up on Covid-19 vaccines  #CoronaVaccine #coronavirus #Covid_19 #Covid_19Vaccine #COVID  https://t.co/xKSJiuZcr9 via @indiatoday,india move fastest stock covid vaccin ,"['#CoronaVaccine', '#coronavirus', '#Covid_19', '#Covid_19Vaccine', '#COVID']",['@indiatoday'],['https://t.co/xKSJiuZcr9'],[],1
36,"Coronavirus stats in #SriLanka üîµTotal 119,424 infected üîµ100,885 recovered  üîµ745 deaths üî¥17,805 active cases üî¥Daily cases 1895 (May 5) üü¢Daily PCR tests avg 23,000 üü¢Vaccinated 2nd dose about 175,000  https://t.co/YTD1DxnIc4 #LKA #SriLanka #COVID19SL",coronaviru stat total infect recov death activ case daili case daili pcr test avg vaccin dose ,"['#SriLanka', '#LKA', '#SriLanka', '#COVID19SL']",[],['https://t.co/YTD1DxnIc4'],"['üîµ', 'üîµ', 'üîµ', 'üî¥', 'üî¥', 'üü¢', 'üü¢']",1
49,"COVID-19 Find available slots, get registered for vaccination &amp; get all updates about Covid-19 on your fingertips..!! #Covid_19 #LargestVaccinationDrive #CovishieldVaccine #COVID19Vaccination #CoronaVirusUpdates #CowinApp #coronavirus #CovidIndia   https://t.co/XsLuSLFg6a",covid find avail slot regist vaccin updat covid fingertip ,"['#Covid_19', '#LargestVaccinationDrive', '#CovishieldVaccine', '#COVID19Vaccination', '#CoronaVirusUpdates', '#CowinApp', '#coronavirus', '#CovidIndia']",[],['https://t.co/XsLuSLFg6a'],[],1
53,"Bahrain authorizes the use of the new Russian ‚ÄúSputnik Light‚Äù vaccine, with only one dose   https://t.co/13p7p3RM1H  #bahrain #SputnikLight #Commit4Bahrain #VACCINATEANDSTAYSAFE #COVID19 #coronavirus #vaccinate #vaccinated #CovidVaccine #ÿ®ÿ≠ÿ±ŸäŸÜ",bahrain author new russian sputnik light vaccin dose ,"['#bahrain', '#SputnikLight', '#Commit4Bahrain', '#VACCINATEANDSTAYSAFE', '#COVID19', '#coronavirus', '#vaccinate', '#vaccinated', '#CovidVaccine', '#ÿ®ÿ≠ÿ±ŸäŸÜ']",[],['https://t.co/13p7p3RM1H'],[],1
71,"The Delhi govt. has started the coronavirus vaccine shots for the age group of 18-44 years but it is not possible for the people's of Tilak Nagar (110018) area as there is only one Vaccination centre i.e. Sarvodaya Bal Vidhyala 1514005, Tilak Nagar, New Delhi-110018 @AtishiAAP",delhi govt start coronaviru vaccin shot age group year possibl peopl tilak nagar area vaccin centr sarvodaya bal vidhyala tilak nagar new delhi ,[],['@AtishiAAP'],[],[],1
74,Our Doctors are taking Complete safety precautions while providing #dentalcare. We encourage all of you to get the first dose if covid vaccine as soon as possible.  Your safety is our priority!  #SafetyFirst  #healthcareworkers #coronavirus  #GetVaccinated  https://t.co/8C82sMJJug,doctor complet safeti precaut provid encourag dose covid vaccin soon possibl safeti prioriti ,"['#dentalcare.', '#SafetyFirst', '#healthcareworkers', '#coronavirus', '#GetVaccinated']",[],['https://t.co/8C82sMJJug'],[],1
86,"The socialist India strongly appeals to the""central Govt to provide free Vaccination to Indian who are in need of vaccinations immediately. ""Let the Govt make use of ""Rs 33.0000 crores en marked in the ""2021 budget to protect Coronavirus dedliness in the country.This is the most?",socialist india strongli appeal thecentr govt provid free vaccin indian vaccin immedi govt crore mark budget protect coronaviru dedli countrythi ,[],[],[],[],1
102,"Coronavirus Update: EU expects to take delivery of 1 billion COVID-19 vaccine doses by end-September, agrees on digital certificate for travelers  https://t.co/gBzirUXpJq #Nifty #Sipgrab #UnitingPeopleWithThePossibilities",coronaviru updat expect deliveri billion covid vaccin endseptemb agre digit certif travel ,"['#Nifty', '#Sipgrab', '#UnitingPeopleWithThePossibilities']",[],['https://t.co/gBzirUXpJq'],[],1
118,Kerala HC ask to Central govt about vaccination policy !!!  #Firstpost #kerala #keralahighcourt #Vaccine #VaccineRegistration #Vaccinateindia #VaccinationDrive #VaccineShortage #VaccinationUpdate #CoronaVaccine #coronavirus #India #IStandWithTwitterIndia #COVID19 #Covishield  https://t.co/1N9C39Nz5S,kerala ask central govt vaccin polici ,"['#Firstpost', '#kerala', '#keralahighcourt', '#Vaccine', '#VaccineRegistration', '#Vaccinateindia', '#VaccinationDrive', '#VaccineShortage', '#VaccinationUpdate', '#CoronaVaccine', '#coronavirus', '#India', '#IStandWithTwitterIndia', '#COVID19', '#Covishield']",[],['https://t.co/1N9C39Nz5S'],[],1
137,@DMSundargarh  Thank u for carrying this vaccination drive so well.  Let's fight together against #coronavirus Let's say NO to rumours and get vaccinated Let's appreciate and encourage the efforts of our #Covidwarriors Be the part of the #largestvaccination drive.  @mygovindia  https://t.co/gXbr64Ua5k,carri vaccin drive fight rumour vaccin appreci encourag effort drive ,"['#coronavirus', '#Covidwarriors', '#largestvaccination']","['@DMSundargarh', '@mygovindia']",['https://t.co/gXbr64Ua5k'],[],1
144,Cabinet approves proposal to purchase 14 million doses of Sinopharm &amp; 01 million doses of Oxford AstraZeneca vaccines  -Govt. Information Department- #coronavirus #AstraZeneca #Sinopharm,cabinet approv propos purchas million sinopharm million oxford astrazeneca vaccin govt inform depart ,"['#coronavirus', '#AstraZeneca', '#Sinopharm']",[],[],[],1
168,"Coronavirus: could Hong Kong's approach to enticing vaccination backfire, and is the city a victim of its own success in Covid-19 war?  https://t.co/b7Xrauc9Ra",coronaviru hong kong approach entic vaccin backfir citi victim success covid war ,[],[],['https://t.co/b7Xrauc9Ra'],[],1
169,Bahrain reduces the fee of Covid Test upon arrival exempting vaccinated from paying.   https://t.co/In2l8To9er  #Bahrain #Breaking #COVID19 #coronavirus #vaccinate #vaccinated #Commit4Bahrain #VACCINATEANDSTAYSAFE #ÿ®ÿ≠ÿ±ŸäŸÜ,bahrain reduc fee covid test arriv exempt vaccin pay ,"['#Bahrain', '#Breaking', '#COVID19', '#coronavirus', '#vaccinate', '#vaccinated', '#Commit4Bahrain', '#VACCINATEANDSTAYSAFE', '#ÿ®ÿ≠ÿ±ŸäŸÜ']",[],['https://t.co/In2l8To9er'],[],1
247,@RajapaksaNamal @ShehanSema @MoH_SriLanka Dear @RajapaksaNamal   Tomorrow they are giving Vaccines in werahera by a neighbour. But it is Curfew. 1. Is the vaccines give tomorrow or false alarm.  Have a home there and electricity bill under my name so was told can but another is telling only based on NIC address.  Advice,dear tomorrow give vaccin werahera neighbour curfew vaccin tomorrow fals alarm home electr bill told tell base nic address advic ,[],"['@RajapaksaNamal', '@ShehanSema', '@MoH_SriLanka', '@RajapaksaNamal']",[],[],1
266,@chetan_bhagat It's not money it's will to fight the virus n discipline and most imp enforcement of guidelines by medical experts unfortunately there is no medicine.. vaccine is the shield and it should be given govt is doing it's best vaccinating India means vaccinating US n EU put together,money fight viru disciplin imp enforc guidelin medic expert unfortun medicin vaccin shield give govt best vaccin india mean vaccin ,[],['@chetan_bhagat'],[],[],1
267,"Uhhh, I had to cancelled the AZ vaccination appointment. Not just being skeptical about blood clots thingy, but getting the jab at night and going back to my apartment late...  Well, I will still get the jab on another day as I'm on the queue for the allocated vaccines.",uhhh cancel vaccin appoint skeptic blood clot thingi jab night apart late jab day queue alloc vaccin ,[],[],[],[],1
269,@_taylorhudak Forging vaccine passport  #SolutionsWatch   https://t.co/dNSF1bD0bi,forg vaccin passport ,['#SolutionsWatch'],['@_taylorhudak'],['https://t.co/dNSF1bD0bi'],[],1
271,@narendramodi   Spray the vaccine from cloud.,spray vaccin cloud ,[],['@narendramodi'],[],[],1
272,@narendramodi  RAT followed by vaccine will be helpful for mass vaccination.,rat follow vaccin help mass vaccin ,[],['@narendramodi'],[],[],1
273,@amberliaqat25 @FaheemYounus Why‚Äôd you get the polio vaccine?,whyd polio vaccin ,[],"['@amberliaqat25', '@FaheemYounus']",[],[],1
275,"#ResignHarshvardhan  That's our Health Minister üëá  'It is not necessary, scientifically, to give each and every person the vaccine... All priority groups we are vaccinating have been (decided) on the basis of expert opinion.  https://t.co/ExrT7oY1IQ",that health minist necessari scientif person vaccin prioriti group vaccin decid basi expert opinion ,['#ResignHarshvardhan'],[],['https://t.co/ExrT7oY1IQ'],['üëá'],1
276,"If you can't arrange sufficient oxygen and vaccines, why do you not resign? @HansrajMeena #ResignHarshvardhan  https://t.co/Qby8DFbsnX",cant arrang suffici oxygen vaccin resign ,['#ResignHarshvardhan'],['@HansrajMeena'],['https://t.co/Qby8DFbsnX'],[],1
278,"the vaccine will already start building immunity in you.  Just as vaccines have some side effects, so do remedies. Side effects that are avoided by vaccination out of fear,  More side effects than that are remedesivir.  So give preference to vaccines. It's not too late yet. (1/2)",vaccin start build immun vaccin effect remedi effect avoid vaccin fear effect remedesivir prefer vaccin late ,[],[],[],[],1
279,But you got millions of views and some dollars also from YT for propaganda video against vaccine.  Shame on you. @SyedAliHaider13 must be arrested asap.  https://t.co/ablp9LEp4H,million view dollar propaganda video vaccin shame arrest asap ,[],['@SyedAliHaider13'],['https://t.co/ablp9LEp4H'],[],1
281,"@Sweet_Ranoshah If you don't want to take the vaccine, it‚Äôs up to you but don‚Äôt encourage people not to ...",dont vaccin dont encourag peopl ,[],['@Sweet_Ranoshah'],[],[],1
282,@DrPramodPSawant  Would kindly request if you could initiate Vaccine Drive once again @ panchayat level in each district same way as done earlier in month of April to make the vaccination process easier &amp; reach out more goan citizens to avoid rush &amp; risk @ primary health centers.,kindli request initi vaccin drive panchayat level district way earlier month april vaccin process easier reach goan citizen avoid rush risk primari health center ,[],"['@DrPramodPSawant', '@', '@']",[],[],1
283,@AbrahamRoseNor now 12 - 15yo eligible for vaccine.   https://t.co/wDV2viIknD,elig vaccin ,[],['@AbrahamRoseNor'],['https://t.co/wDV2viIknD'],[],1
284,@eddydaud now 12 - 15 yo eligible for vaccine.    https://t.co/wDV2viIknD,elig vaccin ,[],['@eddydaud'],['https://t.co/wDV2viIknD'],[],1
285,"Ask @tariqtramboo , he will better explain about the vaccine. Don't pay heed to rumours. If you want to sustain in this pandemic go for vaccination.",ask better explain vaccin dont pay heed rumour sustain pandem vaccin ,[],['@tariqtramboo'],[],[],1
286,Good morning guys! Happy Tuesday! Today‚Äôs my first dosage of covid vaccine! Wish ko lang di ako himatayin! @RX931 #RxGreets,morn guy happi tuesday today dosag covid vaccin wish lang ako himatayin ,['#RxGreets'],['@RX931'],[],[],1
287,Bill Gates you could not even safe your shadi :p How will u safe World with vaccines lol üòÇ- Pakistani Logic :D,bill gate safe shadi safe world vaccin lol pakistani logic ,[],[],[],['üòÇ'],1
288,"Alhamdulillah, I‚Äôm eligible for the vaccine. Counting days ‚ò∫Ô∏è",alhamdulillah elig vaccin count day ,[],[],[],['‚ò∫Ô∏è'],1
289,"@pasyraf @Khairykj U can download from MySJ, under vaccine info.. #mogabermanfaat",download mysj vaccin info ,['#mogabermanfaat'],"['@pasyraf', '@Khairykj']",[],[],1
290,"@JillaShakthi @Khairykj Stock vaccine sampai berperingkat.  Now dah 80 percent usage of current stock, according to KJ",stock vaccin sampai berperingkat dah percent usag current stock accord ,[],"['@JillaShakthi', '@Khairykj']",[],[],1
291,Thanks for the vaccine. We will surely defeat corona very soon. Stay strong INDIA #prayagraj #uttarpradesh  #VACCINATED    @narendramodi   @myogiadityanath  https://t.co/3gB8CelULl,vaccin sure defeat corona soon stay strong india ,"['#prayagraj', '#uttarpradesh', '#VACCINATED']","['@narendramodi', '@myogiadityanath']",['https://t.co/3gB8CelULl'],[],1
292,"After taking the vaccine, post your picture on social media so that those people who are afraid of it will get motivation. #vaccination #motivation",vaccin post pictur social medium peopl afraid motiv ,"['#vaccination', '#motivation']",[],[],[],1
293,Moderna announces emergency use listing granted by the World Health Organization for its COVID-19 vaccine  https://t.co/qaOX1LsJBm #Nifty #sipgrab,moderna announc emerg list grant world health organ covid vaccin ,"['#Nifty', '#sipgrab']",[],['https://t.co/qaOX1LsJBm'],[],1
294,BBC News - Covax: How will Covid vaccines be shared around the world?  https://t.co/bgLVVeduMN,bbc news covax covid vaccin share world ,[],[],['https://t.co/bgLVVeduMN'],[],1
295,Dr.Menaka Pai is a specialist in blood clots. She addresses: ‚ñ™Ô∏èPeople's fears of #AstraZeneca vaccine ‚ñ™Ô∏èVaccine shopping ‚ñ™Ô∏èLikelihood of getting a blood clot ‚ñ™Ô∏èSigns of a clot ‚ñ™Ô∏èWindow of time to watch for symptoms ‚ñ™Ô∏èWhat to do if you get one #CovidVaccine  https://t.co/Dk01HYUrZO,drmenaka pai specialist blood clot address peopl fear vaccin vaccin shop likelihood blood clot sign clot window time watch symptom ,"['#AstraZeneca', '#CovidVaccine']",[],['https://t.co/Dk01HYUrZO'],"['‚ñ™Ô∏è', '‚ñ™Ô∏è', '‚ñ™Ô∏è', '‚ñ™Ô∏è', '‚ñ™Ô∏è', '‚ñ™Ô∏è']",1
297,Can i ask why there is maximum slots available for vaccine in Jammu for 18+ ? Why maximum slots available in srinagar ? Don't we need vaccines ? Why this discrimination ? @manojsinha_ @OfficeOfLGJandK  @dcjammuofficial @drharshvardhan @DrJitendraSingh #PoochtahaiJammu #COVID19,ask maximum slot avail vaccin jammu maximum slot avail srinagar dont vaccin discrimin ,"['#PoochtahaiJammu', '#COVID19']","['@manojsinha_', '@OfficeOfLGJandK', '@dcjammuofficial', '@drharshvardhan', '@DrJitendraSingh']",[],[],1
298,"@MoHFW_INDIA @PMOIndia @drharshvardhan @AshwiniKChoubey @PIB_India @mygovindia @ICMRDELHI @COVIDNewsByMIB @CovidIndiaSeva @DDNewslive @airnewsalerts Sir please don't use the word free for vaccines, it is our money with which it has been purchased. Health is a social responsibility of the society.",dont word free vaccin money purchas health social respons societi ,[],"['@MoHFW_INDIA', '@PMOIndia', '@drharshvardhan', '@AshwiniKChoubey', '@PIB_India', '@mygovindia', '@ICMRDELHI', '@COVIDNewsByMIB', '@CovidIndiaSeva', '@DDNewslive', '@airnewsalerts']",[],[],1
299,Pfizer says it told India there no safety concern with its COVID-19 vaccine  https://t.co/HTaiqFHZK7,pfizer told india safeti concern covid vaccin ,[],[],['https://t.co/HTaiqFHZK7'],[],1
300,"@narendramodi @PMOIndia  Sir why cant we nationalise vaccine manufacturing units in our nation? This is the need of the hour, going forward this area is a must for a nation.",cant nationalis vaccin manufactur unit nation hour forward area nation ,[],"['@narendramodi', '@PMOIndia']",[],[],1
301,@Wx_Dyck Did get your Vaccine or its slow process over there?,vaccin slow process ,[],['@Wx_Dyck'],[],[],1
302,both parents have now gotten their first doses of the covid vaccine &amp; I can finally breathe.. üôèüèªüßø‚ù§Ô∏è,parent gotten covid vaccin final breath ,[],[],[],"['üôèüèª', 'üßø', '‚ù§Ô∏è']",1
303,@Ms_Aflatoon Even the best medicines/ vaccines will have adverse reactions in a few people. Sad your uncle was one of those handful people. May his soul rest in peace.,best medicin vaccin advers reaction peopl sad uncl hand peopl soul rest peac ,[],['@Ms_Aflatoon'],[],[],1
305,New Jersey to give free beer to Covid vaccine recipients  https://t.co/mxJsP2YpXP #Nifty #Sipgrab #UnitingPeopleWithThePossibilities,new jersey free beer covid vaccin recipi ,"['#Nifty', '#Sipgrab', '#UnitingPeopleWithThePossibilities']",[],['https://t.co/mxJsP2YpXP'],[],1
306,@SrBachchan sir is it safe to take corona vaccine for a Hepatitis B patient??  @SerumInstIndia,safe corona vaccin hepat patient ,[],"['@SrBachchan', '@SerumInstIndia']",[],[],1
310,"7. @SonuSood, the man who has been trying everything in his power was seen crying in an interview for his inability to help everyone and our politicians are no where to be seen 8. Vaccines are being used for bargaining (as BJP offered free vaccination if they win Bengal) Contd.",man power cri interview inabl help politician vaccin bargain bjp offer free vaccin win bengal contd ,[],"['@SonuSood,']",[],[],1
311,"Don't give choice of vaccines to fellow Indians Covishield, Covaxin, Pfizer's, Sputnik and many other in pipeline...Isme bhi colour print mangna shuru Kar denge...  @ca_luckyagl",dont choic vaccin fellow indian covishield covaxin pfizer sputnik pipelineism bhi colour print mangna shuru kar deng ,[],['@ca_luckyagl'],[],[],1
312,"3. Vaccines were exported before Vaccinating the country's citizens 4. Everyone who had the opportunity to make money,  sold vaccines worth 2k at 40k 5. Humanity as a concept does not seem to exist at all 6. Doctor's should've been helped by government but are left to die Cont.",vaccin export vaccin countri citizen opportun money sell vaccin worth human concept exist doctor shouldv help govern left die cont ,[],[],[],[],1
313,"@mybmc @CMOMaharashtra @mayor_mumbai @AslamShaikh_MLA @AUThackeray @PIBMumbai @rajeshtope11 @mybmcPHD @mybmcHealthDept What about people who have an appointment ? Do they have to jostle for space and vaccine with the walk in centers ? I don't see separate lines at vaccination centers, hence asking.",peopl appoint jostl space vaccin walk center dont separ vaccin center ask ,[],"['@mybmc', '@CMOMaharashtra', '@mayor_mumbai', '@AslamShaikh_MLA', '@AUThackeray', '@PIBMumbai', '@rajeshtope11', '@mybmcPHD', '@mybmcHealthDept']",[],[],1
315,1st dose of covid vaccine #vaccinated  https://t.co/iLTaDzMHBd,dose covid vaccin ,['#vaccinated'],[],['https://t.co/iLTaDzMHBd'],[],1
317,Too many loop holes in cowin. Why the 2nd dose should not be automatically scheduled. If a person does not get the appointment the first dose is wasted. Do we have vaccine in such abundance to waste like this. @drharshvardhan @MoHFW_INDIA,loop hole cowin dose automat schedul person appoint dose wast vaccin abund wast like ,[],"['@drharshvardhan', '@MoHFW_INDIA']",[],[],1
319,"@narendramodi Sir, Please make vaccine available in MH. Request with folded hands üôèüôè",vaccin avail request fold hand ,[],['@narendramodi'],[],"['üôè', 'üôè']",1
320,Govt is banking upon free donation of vaccines from across the world. Another Master Stroke,govt bank free donat vaccin world master stroke ,[],[],[],[],1
321,The hell that we in India are going thru now is a result of socialist policies. Vaccine distribtn &amp; pandemic mgmt was centralised. Vaccine manufacturers are threatened by calls of nationalising their factories by the govt. mismanagement &amp; lack of accountability abound.,hell india result socialist polici vaccin distribtn pandem mgmt centralis vaccin manufactur threaten call nationalis factori govt mismanag account abound ,[],[],[],[],1
322,Ok I get it. Y'all don't know about vaccines well. Confused reactions.,yall dont vaccin confus reaction ,[],[],[],[],1
324,A good site for #covid19 vaccine information,site vaccin inform ,['#covid19'],[],[],[],1
326,"@KangriCarrier Sir In fact, it was not a vaccine injection. It was lightly traced to a child's arm with a needle to protect them from polio.",fact vaccin inject lightli trace child arm needl protect polio ,[],['@KangriCarrier'],[],[],1
327,"@hamada2010gk Vietnam began administering the Covid-19 vaccine produced by the AstraZeneca company on March 8. As of Friday,",vietnam begin administ covid vaccin produc astrazeneca compani march friday ,[],['@hamada2010gk'],[],[],1
328,@LiaquatShahwani People should get vaccine at the earliest,peopl vaccin earliest ,[],['@LiaquatShahwani'],[],[],1
329,@retheeshraj10 250 for both vaccines,vaccin ,[],['@retheeshraj10'],[],[],1
330,"@KangriCarrier However, it was not a covid vaccine",covid vaccin ,[],['@KangriCarrier'],[],[],1
331,China WHO Approved Vaccine Will Now Save Many Human Life  from More Serious Crona Third Wave being Expected to Reach and 2nd on going Wave Good For Whole World,china approv vaccin save human life crona wave expect reach wave world ,[],[],[],[],1
332,#VaccineKhoi  @hello_sarkar @mohpnep @kpsharmaoli @PresidentofNP Where is the 2nd dose of vaccine for people over 65? It's time!!  Where is the vaccine for age 60-65?? Why was this loophole created??  Where is the vaccine for 18-60?? Why was this stopped?  #VaccineKhoi,dose vaccin peopl time vaccin age loophol creat vaccin stop ,"['#VaccineKhoi', '#VaccineKhoi']","['@hello_sarkar', '@mohpnep', '@kpsharmaoli', '@PresidentofNP']",[],[],1
334,"‚ÄúVaccines &amp; Patents, India Covid - NAMASTE WORLD‚Äù with @smc90, @RMantri, @rvenkayya, and @snigdhasur. Today, 8. May at 9:30 PM GMT 5:30 on @joinclubhouse!  https://t.co/Twj9NeJHae",vaccin patent india covid namast world today gmt ,[],"['@smc90,', '@RMantri,', '@rvenkayya,', '@snigdhasur.', '@joinclubhouse!']",['https://t.co/Twj9NeJHae'],[],1
335,"@JustinTrudeau Vaccines do not have the ability to release the virus. The vaccine only acts as a vaccine. As a result of our actions, the Creator sent this virus to us. So we should ask forgiveness from the Creator, and pray for deliverance from the virus. Then we will get rid of the virus.",vaccin abil releas viru vaccin act vaccin result action creator sent viru ask forgiv creator pray deliver viru rid viru ,[],['@JustinTrudeau'],[],[],1
336,@sarimrashid I'm not a doc but my understanding is vaccines do not completely stop contraction but aid in stopping any serious complications. May Allah ease it for bhabhi and everyone at your home,doc understand vaccin complet stop contract aid stop complic allah eas bhabhi home ,[],['@sarimrashid'],[],[],1
337,Great video! Good info as we have more choices of vaccine now.,great video info choic vaccin ,[],[],[],[],1
340,@taslimanasreen Uske liye vaccine bhi hona jaruri hai.? Y don't u tag the one's sheltering u and ask them the questions?,usk liy vaccin bhi hona jaruri hai dont tag one shelter ask question ,[],['@taslimanasreen'],[],[],1
341,"This is a huge boost for China, as it aims to become the global vaccine hub. Despite the lack of phase-3 data, this should potentially help in ramping up vaccine supply, especially to low-income nations that have been struggling to get vaccines. #Sinopharm  https://t.co/9uhkyiMKT7",huge boost china aim global vaccin hub despit phase data potenti help ramp vaccin suppli especi lowincom nation struggl vaccin ,['#Sinopharm'],[],['https://t.co/9uhkyiMKT7'],[],1
342,@n_k_chandra Sir can you please share the details of places where 2nd dose of vaccine is given in Howrah near AC market or Salkia area,share detail place dose vaccin give howrah near market salkia area ,[],['@n_k_chandra'],[],[],1
343,"@chittu55 Asking questions of the state is called anti-national, encouraging lack of transparency. In January, nobody asked:  - how many vaccine doses are ordered?. - when will they be delivered?  'Atmanirbhar' meant no Pfizer vaccine. Whom did that help?",ask question state call antin encourag transpar januari ask vaccin order deliv atmanirbhar meant pfizer vaccin help ,[],['@chittu55'],[],[],1
347,Where is @narendramodi‚ùó Where is #Vaccine‚ùì People are dying but #BJPLies does not stop propagating. Why Govt of India exported 6.5 Crore COVID Vaccines to 93 countries in last 3 months? #‡§Æ‡•ã‡§¶‡•Ä_‡§ú‡§µ‡§æ‡§¨_‡§¶‡•ã #SpeakUpToSaveLives  https://t.co/yacZLApa5G,peopl die stop propag govt india export crore covid vaccin countri month ,"['#Vaccine‚ùì', '#BJPLies', '#‡§Æ‡•ã‡§¶‡•Ä_‡§ú‡§µ‡§æ‡§¨_‡§¶‡•ã', '#SpeakUpToSaveLives']",['@narendramodi‚ùó'],['https://t.co/yacZLApa5G'],[],1
349,"Check vaccination arrangements at Karachi Expo Center, a video recorded   By the vaccine recipient. Please get your elderly folks vaccinated as soon as possible, excellent arrangements Thankyou SindhGovt &amp; PPP leadership for exemplary vaccination drive in Sindh üëèüèº @BBhuttoZardari  https://t.co/OjvjyJSLz9",check vaccin arrang karachi expo center video record vaccin recipi elderli folk vaccin soon possibl excel arrang thankyou sindhgovt ppp leadership exemplari vaccin drive sindh ,[],['@BBhuttoZardari'],['https://t.co/OjvjyJSLz9'],['üëèüèº'],1
351,"@einztrigger Thank for enlightenment, but will it affects the vaccine program effectiveness if the interval per jab is enlengthened?",enlighten affect vaccin program effect interv jab enlengthen ,[],['@einztrigger'],[],[],1
352,@Ekta25 It's not about being obnoxious it's being pragmatic. Vaccines are being rationed as per supply available and given the population that we have consider lucky or blessed if you get one slot,obnoxi pragmat vaccin ration suppli avail give popul consid lucki bless slot ,[],['@Ekta25'],[],[],1
353,Endia needs Vaccine.   #IndiaStandsWithIsrael,endia vaccin ,['#IndiaStandsWithIsrael'],[],[],[],1
354,1st dose of covishield vaccine üíâ has been done ‚úÖüòç #IndiaFightsCorona  https://t.co/ot6AzDdYZp,dose covishield vaccin ,['#IndiaFightsCorona'],[],['https://t.co/ot6AzDdYZp'],"['üíâ', '‚úÖ', 'üòç']",1
356,"@TawakkalnaApp  Dear sir, Those people who were vaccinated in Pakistan  during leave with 02 doze of ""SinoPaharm"" Vaccine, and spent 14 days quarentine in Bahrain with PCR test, and enter in KSA, how ""Tawakkalna"" activate with Deep green- immunized  person.?",dear peopl vaccin pakistan leav doze sinopaharm vaccin spent day quarentin bahrain pcr test enter ksa tawakkalna activ deep green immun person ,[],['@TawakkalnaApp'],[],[],1
357,@ddsiddiq @MaddyWithKhan @Asad_Umar @SaniaNishtar @ImranKhanPTI If you are pregnant don't use it but don't spread this news that some issues in vaccine.,pregnant dont dont spread news issu vaccin ,[],"['@ddsiddiq', '@MaddyWithKhan', '@Asad_Umar', '@SaniaNishtar', '@ImranKhanPTI']",[],[],1
358,Gorakhpur Main Vaccine Not Available in District All Center 18+ @ravikishann @narendramodi @chitraaum @RahulGandhi @RubikaLiyaquat @myogiadityanath @CMOfficeUP @SwetaSinghAT @rashtrapatibhvn üò°üò°üò°üò°  https://t.co/3f8LYq0vuf,gorakhpur main vaccin avail district center ,[],"['@ravikishann', '@narendramodi', '@chitraaum', '@RahulGandhi', '@RubikaLiyaquat', '@myogiadityanath', '@CMOfficeUP', '@SwetaSinghAT', '@rashtrapatibhvn']",['https://t.co/3f8LYq0vuf'],"['üò°', 'üò°', 'üò°', 'üò°']",1
359,@UPGovt vaccine are not available in district FIROZABAD for 18+ from 16 may 2021. @myogiadityanath @yadavakhilesh @PMOIndia @CMOfficeUP @drharshvardhan @MoHFW_INDIA  https://t.co/8ZpxbTjp8R,vaccin avail district firozabad ,[],"['@UPGovt', '@myogiadityanath', '@yadavakhilesh', '@PMOIndia', '@CMOfficeUP', '@drharshvardhan', '@MoHFW_INDIA']",['https://t.co/8ZpxbTjp8R'],[],1
360,"Actually, today is wife's turn for the vaccine. Got to be strong for her. Psychological support &amp; also I must accompany her to the WTC üòÇ  #CucukMyAZ",actual today wife turn vaccin strong psycholog support accompani wtc ,['#CucukMyAZ'],[],[],['üòÇ'],1
361,"@HemantSorenJMM Highcourt tell evry state to do not spread wrong info,give u proof to not work booking for corona tika,scr-shot(hence shown 100 avai) &amp; if U hav nly 100 vaccine means 100*10=1000 per. for 1 booth..when ranchi all person get vaccinated Sir @HemantSorenJMM @BannaGupta76 @DC_Ranchi  https://t.co/yvifDQrF50",highcourt tell evri state spread wrong infog proof work book corona tikascrshoth show avai hav nli vaccin mean boothwhen ranchi person vaccin ,[],"['@HemantSorenJMM', '@HemantSorenJMM', '@BannaGupta76', '@DC_Ranchi']",['https://t.co/yvifDQrF50'],[],1
363,@RahulGandhi sir plz provide the vaccine or bed in a hospital with oxygen sir,plz provid vaccin bed hospit oxygen ,[],['@RahulGandhi'],[],[],1
364,I wonder what‚Äôs really going on with the vaccination in #lka. All the centers managing by the forces moving smoothly and no shortage of vaccines. But the situation in most of the MOH centers is a real mess. Beyond organizing something else seems going on. ü§∑‚Äç‚ôÇÔ∏èü§∑‚Äç‚ôÇÔ∏è,wonder what vaccin center manag forc move smoothli shortag vaccin situat moh center real mess organ ,['#lka.'],[],[],"['ü§∑\u200d‚ôÇÔ∏è', 'ü§∑\u200d‚ôÇÔ∏è']",1
365,Hard to choose which one got worst success rateü§ïü§ïü§ï Chinese Vaccine or Hamas Rocket ü§îü§îü§îü§î  #IsraelUnderAttack  #IndiaStandsWithIsrael,hard choos worst success rate chines vaccin hama rocket ,"['#IsraelUnderAttack', '#IndiaStandsWithIsrael']",[],[],"['ü§ï', 'ü§ï', 'ü§ï', 'ü§î', 'ü§î', 'ü§î', 'ü§î']",1
367,Very tough to book slot and after going no vaccine..,tough book slot vaccin ,[],[],[],[],1
368,If she flies to Pak for Vaccine she might get stuck. No family member of mine there. Worried and need help in this Please !!,fli pak vaccin stuck famili member worri help ,[],[],[],[],1
370,Aim is to distribute two Bn #COVID19Vaccine doses by the end of 2021  No country to receive vaccines for more than 20% of their population before all countries have vaccinated at least 20% of the population  Scheme has so far shipped around 60 Mn doses  https://t.co/7uM9DzeuM9,aim distribut end countri receiv vaccin popul countri vaccin popul scheme far ship ,['#COVID19Vaccine'],[],['https://t.co/7uM9DzeuM9'],[],1
371,"@TawakkalnaApp   COVID-19 vaccine First vaccination dose on date 2021/03/18 at 11:30 PM   Second vaccination dose on date 2021/06/08 at 07:45 PM   But don't show immune,,, please help me,,,",covid vaccin vaccin dose date second vaccin dose date dont immun help ,[],['@TawakkalnaApp'],[],[],1
373,@PMOIndia when are we getting  vaccines??,vaccin ,[],['@PMOIndia'],[],[],1
374,"When vaccine companies are telling that they will only deal with central govt, then why they aren't doing anything sir? @yourBabulal @nishikant_dubey",vaccin compani tell deal central govt arent ,[],"['@yourBabulal', '@nishikant_dubey']",[],[],1
375,"@AamAadmiParty @msisodia When vaccine companies are telling that they will only deal with central govts, then why they aren't doing anything.  Everyone's life is precious, stop testing our patience.  @drharshvardhan @sambitswaraj",vaccin compani tell deal central govt arent everyon life preciou stop test patienc ,[],"['@AamAadmiParty', '@msisodia', '@drharshvardhan', '@sambitswaraj']",[],[],1
376,First Jab #Sinovac done at #ExpoKarachi... #vaccinated very nice arrangement by @sindhgovoffical . I was with my father and total time from entry to exit was less than 10 minutes. Don't delay your vaccine. üëèüëè @murtazawahab1 @MuradAliShahPPP @OfficialNcoc,jab arrang father total time entri exit minut dont delay vaccin ,"['#Sinovac', '#ExpoKarachi...', '#vaccinated']","['@sindhgovoffical', '@murtazawahab1', '@MuradAliShahPPP', '@OfficialNcoc']",[],"['üëè', 'üëè']",1
378,@HausofHilton hello doc.. For pregy mummy can take vaccine AZ ? I need ur advise tq,hello doc pregi mummi vaccin advis ,[],['@HausofHilton'],[],[],1
379,"Yang chairman, i patut go for second vaccine today you know?",yang chairman patut second vaccin today ,[],[],[],[],1
380,Centre To Step In To Procure Vaccine Jabs As Pfizer And Moderna Refuse To Directly Supply To The State Govts   https://t.co/Sitd08i9O5,centr step procur vaccin jab pfizer moderna refus directli suppli state govt ,[],[],['https://t.co/Sitd08i9O5'],[],1
381,@ajaychauhan02 @chetan_bhagat aap coronil hi lelo.  Let the better humans take the vaccines. Don‚Äôt waste the doses.,aap coronil lelo better human vaccin dont wast ,[],"['@ajaychauhan02', '@chetan_bhagat']",[],[],1
382,"In Rajasthan Corona Pandemic became issue of ""Politics"". None of politician seems serious about getting VACCINES in time to Vaccinate Youth. State and Central Govt are Transferring RESPONSIBILITY on each others. No one is concerned for Citizens. Disappointed to see DEMOCRACY.",rajasthan corona pandem issu polit politician vaccin time vaccin youth state central govt transfer respons concern citizen disappoint democraci ,[],[],[],[],1
384,This is so confusing. Does this mean that anyone who‚Äôs recovered from covid recently don‚Äôt have to take the vaccine? Anyone know more details on this? @HMC_Qatar @MOPHQatar,confus mean who recov covid recent dont vaccin detail ,[],"['@HMC_Qatar', '@MOPHQatar']",[],[],1
385,"@BellaryNaga55 @rajanna_rupesh @Tejasvi_Surya India is preparing approx 5Cr of vaccines per month, with the population of 130cr its very difficult to have vaccines at ease. Be practical  , to serve a country like India is not so easy as we talk here .Expecting 13 cr p/m maybe after July. Till such time Stay safe &amp; stay home",india prepar approx vaccin month popul difficult vaccin eas practic serv countri like india talk expect mayb juli till time stay safe stay home ,[],"['@BellaryNaga55', '@rajanna_rupesh', '@Tejasvi_Surya']",[],[],1
386,Dhanbad needs more vaccines. vaccine should be distributed according to the population of the district . no 18plus vaccine for tomorrow slot  Pic1 is for dhanbad Pic2 is for other random districts @HemantSorenJMM @dc_dhanbad  @JmmJharkhand @narendramodi @Rshiikhar  https://t.co/j0MVuUSp7t,dhanbad vaccin vaccin distribut accord popul district plu vaccin tomorrow slot pic dhanbad pic random district ,[],"['@HemantSorenJMM', '@dc_dhanbad', '@JmmJharkhand', '@narendramodi', '@Rshiikhar']",['https://t.co/j0MVuUSp7t'],[],1
388,This is bullshit. We're perfectly capable of making our own vaccines. No corporate can pressure is into relaxing regulations for drugs that will be taken by millions,bullshit perfectli capabl vaccin corpor pressur relax regul drug million ,[],[],[],[],1
389,"Explained the residents of Marol Naka, Andheri about the importance of taking vaccine. Especially senior citizens who are living alone and can't go out on their own. my team &amp; I helped them to reach vaccination centre.@Tejasvi_Surya @ivikrantpatil @BJYM  @poonam_mahajan  (1/2)  https://t.co/36yKBbmx0i",explain resid marol naka andheri import vaccin especi senior citizen live cant team help reach vaccin centr ,[],"['@ivikrantpatil', '@BJYM', '@poonam_mahajan']",['https://t.co/36yKBbmx0i'],[],1
391,"@CmaRakeshSingh Definitely not!! because "" As per the new rules, those who have been infected by Covid-19 can take their vaccines three months after the recovery"".",definit new rule infect covid vaccin month recoveri ,[],['@CmaRakeshSingh'],[],[],1
392,@yadavakhilesh But do you have faith in BJP vaccine. Earlier you didn't have.,faith bjp vaccin earlier didnt ,[],['@yadavakhilesh'],[],[],1
393,"@logicalvoter @nawabitweet @thevirdas Even when center allowed no company showed up... they do not trust a govt which extort 100cr a day, to pay the amount for vaccine",center allow compani show trust govt extort day pay vaccin ,[],"['@logicalvoter', '@nawabitweet', '@thevirdas']",[],[],1
394,@pibchennai @PIB_India @narendramodi @AmitShahOffice @MoHFW_INDIA @Subramanian_ma  #COVID19 To Avoid Vaccination Shortage Central Govt give permission to start vaccine Manufacturing #VaccinationDrive #Approve_VaccineManufacturing_chengalpattu,avoid vaccin shortag central govt permiss start vaccin manufactur ,"['#COVID19', '#VaccinationDrive', '#Approve_VaccineManufacturing_chengalpattu']","['@pibchennai', '@PIB_India', '@narendramodi', '@AmitShahOffice', '@MoHFW_INDIA', '@Subramanian_ma']",[],[],1
395,UK vaccine passport plans to be scrapped - The Telegraph  https://t.co/pOUoDbVPtN #Sipgrab #UnitingPeopleWithThePossibilities,vaccin passport plan scrap telegraph ,"['#Sipgrab', '#UnitingPeopleWithThePossibilities']",[],['https://t.co/pOUoDbVPtN'],[],1
396,"Bangkok Post headlines on Monday ‚ô¶Ô∏èSecurity boost for the South ‚ô¶Ô∏èCP chicken plant closed due to bug outbreak ‚ô¶Ô∏èFree treatment for vaccine side-effects ‚ô¶Ô∏èWomen warned of birth control pill, vaccine risk ‚ô¶Ô∏èUkrainian envoy dies on Koh Lipe trip  üëâ Follow @ThaiNewsReports for links  https://t.co/piDb9KrWt6",bangkok post headlin monday secur boost south chicken plant close bug outbreak free treatment vaccin sideeffect woman warn birth control pill vaccin risk ukrainian envoy koh lipe trip follow link ,[],['@ThaiNewsReports'],['https://t.co/piDb9KrWt6'],"['‚ô¶Ô∏è', '‚ô¶Ô∏è', '‚ô¶Ô∏è', '‚ô¶Ô∏è', '‚ô¶Ô∏è', 'üëâ']",1
397,"Modi government is ensuring seamless vaccination pan-India. Nearly 12 crore vaccine doses will be available to States/UTs in June 2021, a steep rise from the over 7 crore doses that were available in May. #IndiaFightsCorona @kpmaurya1 @bpsarojmp @BJPVinodSonkar @sureshpasiBJP  https://t.co/WsUPIRfJD5",modi govern ensur seamless vaccin panindia nearli crore vaccin avail statesut june steep rise crore avail ,['#IndiaFightsCorona'],"['@kpmaurya1', '@bpsarojmp', '@BJPVinodSonkar', '@sureshpasiBJP']",['https://t.co/WsUPIRfJD5'],[],1
400,Morocco üá≤üá¶ Donates COVID-19 Vaccines Lot to Mauritania üá≤üá∑ #Morocco #Maroc #ÿßŸÑŸÖÿ∫ÿ±ÿ® #Africa #NorthAfrica #Mauritania #COVID #COVID19 #vaccines #ŸÖŸàÿ±Ÿäÿ™ÿßŸÜŸäÿß   https://t.co/UttjQJCOWC,morocco donat covid vaccin mauritania ,"['#Morocco', '#Maroc', '#ÿßŸÑŸÖÿ∫ÿ±ÿ®', '#Africa', '#NorthAfrica', '#Mauritania', '#COVID', '#COVID19', '#vaccines', '#ŸÖŸàÿ±Ÿäÿ™ÿßŸÜŸäÿß']",[],['https://t.co/UttjQJCOWC'],"['üá≤üá¶', 'üá≤üá∑']",1
401,"@Collector_Try @sathish_nsg @TrichyCorp No sir, not yet... i took first dose of vaccine on 27th may.",dose vaccin ,[],"['@Collector_Try', '@sathish_nsg', '@TrichyCorp']",[],[],1
402,@srivatsayb @MisaBharti Atleast currently 20 crore ppl are vaccined in @narendramodi 's regime. If it was your party then need to imagine the number of years it would have taken to procure vaccines !,atleast current crore ppl vaccin regim parti imagin number year procur vaccin ,[],"['@srivatsayb', '@MisaBharti', '@narendramodi']",[],[],1
403,Beat corona by getting vaccinated.. Thanks @OfficialNcoc for providing vaccine to afghan Citizen's. #GotVaccinated #CoronaVaccine #1stdoze #Sinovac  https://t.co/6pZvWnBmh8,beat corona vaccin provid vaccin afghan citizen ,"['#GotVaccinated', '#CoronaVaccine', '#1stdoze', '#Sinovac']",['@OfficialNcoc'],['https://t.co/6pZvWnBmh8'],[],1
404,@IndianEmbRiyadh @MEAIndia @TataSteelLtd @CGIJeddah Is the #CovishieldVaccine approved for foreign travelers in Saudi Arabia any offical announcement about covishield because the same vaccine which has diffrent name #AstraZeneca  has been approved by the Saudi Ministry of Health,approv foreign travel saudi arabia offic announc covishield vaccin diffrent approv saudi ministri health ,"['#CovishieldVaccine', '#AstraZeneca']","['@IndianEmbRiyadh', '@MEAIndia', '@TataSteelLtd', '@CGIJeddah']",[],[],1
405,@IndianEmbRiyadh @MEAIndia Is the #CovishieldVaccine approved for foreign travelers in Saudi Arabia any offical announcement about covishield because the same vaccine which has diffrent name #AstraZeneca  has been approved by the Saudi Ministry of Health,approv foreign travel saudi arabia offic announc covishield vaccin diffrent approv saudi ministri health ,"['#CovishieldVaccine', '#AstraZeneca']","['@IndianEmbRiyadh', '@MEAIndia']",[],[],1
406,"CAN ANY ONE SAY WHEN CAN I GET A VACCINE, I HAVE SMALL BABY AND OLD PARENTS. WHO WILL BE RESPONSIBLE IF ANY THING HAPPENS TO ME. WHOLE ODISHA HAS GOT VACCINES. CAN I PLZ KNOW WHEN WE ( 18 - 45 ) YR GROUP WOULD GET OUR VACCINES IN OUR CITY.   @DM_Subarnapur @CMO_Odisha @HFWOdisha  https://t.co/QZydchrjWk",vaccin small babi old parent respons thing happen odisha vaccin plz group vaccin citi ,[],"['@DM_Subarnapur', '@CMO_Odisha', '@HFWOdisha']",['https://t.co/QZydchrjWk'],[],1
408,@VJRY I know exactly where the vaccines are.  Have you ever wondered in the first phase why not a single Covaxin was given by BBP govt although Covaxin is made in Telangana?,exactli vaccin wonder phase singl covaxin give bbp govt covaxin telangana ,[],['@VJRY'],[],[],1
410,"@venkatkmu @VanathiBJP @mkstalin @Subramanian_ma Can't you see the no's above date ?? There's no Proporinate vaccine given to Kovai !  Stop defending vandhutan stock , thookunu , central govt thara vaccine disturb panna kastam pola",cant date there proporin vaccin give kovai stop defend vandhutan stock thookunu central govt thara vaccin disturb panna kastam pola ,[],"['@venkatkmu', '@VanathiBJP', '@mkstalin', '@Subramanian_ma']",[],[],1
412,@Laila_Taariq Why Pfizer? Whats wrong with other vaccines?,pfizer what wrong vaccin ,[],['@Laila_Taariq'],[],[],1
413,I‚Äôve had my first vaccine jab yesterday. And it was so fast! #cucukmyaz #gotmyazcucuked  https://t.co/EpGaZCjc73,ive vaccin jab yesterday fast ,"['#cucukmyaz', '#gotmyazcucuked']",[],['https://t.co/EpGaZCjc73'],[],1
414,"@CMOMaharashtra @uddhavthackeray @mybmc respected sir 18+ paid vaccine youth taking in private hospital as in current situation, tomorrow you will start 18+ free vaccine in bmc hospitals so how much will it be fare for those who took paid vaccine?",respect paid vaccin youth privat hospit current situat tomorrow start free vaccin bmc hospit fare paid vaccin ,[],"['@CMOMaharashtra', '@uddhavthackeray', '@mybmc']",[],[],1
415,@TheViditsharma @ShivrajKaBhanja You should also get them vaccines for rabies...,vaccin rabi ,[],"['@TheViditsharma', '@ShivrajKaBhanja']",[],[],1
416,India's youth population waiting for Covid-19 vaccines like... üíâ  https://t.co/apMdeoNfTC,india youth popul wait covid vaccin like ,[],[],['https://t.co/apMdeoNfTC'],['üíâ'],1
418,There's no best vaccine. Please get your first shot with whatever is available in your region.   https://t.co/Pe2d6XezSz,there best vaccin shot avail region ,[],[],['https://t.co/Pe2d6XezSz'],[],1
419,Best news of the day. I hope states requesting for vaccine are ready to get people vaccinated and ensuring 0% vaccine wasteage.,best news day hope state request vaccin readi peopl vaccin ensur vaccin wasteag ,[],[],[],[],1
420,"Hnble CM @himantabiswa sir, akre keh rahehe 3crore 16 lacs vaccines produce hone wale hai december tak &amp; u r promising to vaccinate 1crore ppl from Assam only within 15 August. So, clear my confusion &amp; tell me which one of u I should render my faith??",hnble akr keh raheh crore lac vaccin produc hone wale hai decemb tak promis vaccin crore ppl assam august clear confus tell render faith ,[],['@himantabiswa'],[],[],1
438,@PrakashJavdekar Overhelmed by the News of.recieving the 1 st consignment of 1.5 Crores of Sputnik - V vaccines and Million of Doses to Follow Vaccine Mathiri # India flights Corona üôè‚ù§Ô∏è,overhelm news ofreciev consign crore sputnik vaccin million follow vaccin mathiri india flight corona ,['#'],['@PrakashJavdekar'],[],"['üôè', '‚ù§Ô∏è']",1
459,"Let's get your domestic helpers registered for the vaccine too. . . #…¢·¥á·¥õ·¥†·¥Ä·¥Ñ·¥Ñ…™…¥·¥Ä·¥õ·¥á·¥Ö #igotmyshot #vacine #covid19 #covidvaccine #covid19vaccine #corona #letsendcovid19 @ Lahore, Pakistan  https://t.co/RwzKOr9epB",domest helper regist vaccin lahor pakistan ,"['#…¢·¥á·¥õ·¥†·¥Ä·¥Ñ·¥Ñ…™…¥·¥Ä·¥õ·¥á·¥Ö', '#igotmyshot', '#vacine', '#covid19', '#covidvaccine', '#covid19vaccine', '#corona', '#letsendcovid19']",['@'],['https://t.co/RwzKOr9epB'],[],1
540,"@TawakkalnaApp   Sir i taken corona vaccine fast dous but don't show immune,,, how to make immune please answer me,, thanks you,,,",corona vaccin fast dou dont immun immun answer ,[],['@TawakkalnaApp'],[],[],1
640,Your right but this is the era of technology bro grow up. What kind of Ayurvedic drs are those who take corona vaccine. And after taking both the doses they are disrespecting Doctor who make that vaccine. I also know some Ayurvedic medicine to uska kya mtlab mujha surgeon bna dga,era technolog bro grow kind ayurved corona vaccin disrespect doctor vaccin ayurved medicin uska kya mtlab mujha surgeon bna dga ,[],[],[],[],1
647,"Corona Vaccination Arrangement for Wednesday May 26,2021 #Covishield #PuneFightsCorona #LargestVaccinationDrive @PMCPune @PMCHealthDept  https://t.co/t9vzkvHPzM",corona vaccin arrang wednesday ,"['#Covishield', '#PuneFightsCorona', '#LargestVaccinationDrive']","['@PMCPune', '@PMCHealthDept']",['https://t.co/t9vzkvHPzM'],[],1
649,"Corona vaccination : Wednesday, d.  Arrangement for May 26, 2021 #Covaxin #PuneFightsCorona #LargestVaccinationDrive  https://t.co/gLWX8BcsfH",corona vaccin wednesday arrang ,"['#Covaxin', '#PuneFightsCorona', '#LargestVaccinationDrive']",[],['https://t.co/gLWX8BcsfH'],[],1
660,"@PIB_India @PrakashJavdekar @MIB_India @MoHFW_INDIA @MSJEGOI @DDNewslive @DDIndialive @airnewsalerts @COVIDNewsByMIB The Government of India asks all News Channels to.promote Four Helpline numbers and Further creating awareness on Covid Treatment Protocol, Covid Apporiorate Behaviour and Vaccination. # India Fights Corona #Unite 2 Fight Corona üôè",govern india ask news channel topromot helplin number creat awar covid treatment protocol covid apporior behaviour vaccin india fight corona fight corona ,"['#', '#Unite']","['@PIB_India', '@PrakashJavdekar', '@MIB_India', '@MoHFW_INDIA', '@MSJEGOI', '@DDNewslive', '@DDIndialive', '@airnewsalerts', '@COVIDNewsByMIB']",[],['üôè'],1
673,"#Telangana Cabinet has to more focus on corona  and vaccination now inspite of rename, #NecklaceRoad  During pandemic this decision has no means... @TelanganaCMO @KTRTRS @TelanganaToday  #Hyderabad",cabinet focu corona vaccin inspit renam pandem decis mean ,"['#Telangana', '#NecklaceRoad', '#Hyderabad']","['@TelanganaCMO', '@KTRTRS', '@TelanganaToday']",[],[],1
697,@shalbyhospitals @MoHFW_INDIA @ICMRDELHI  hospital‚Äôs mismanagement costed me with covid-19 3h to get vaccinated Giving covid-19 infection for free to those coming for vaccination  My suggestion - pls dnt visit this place for any medical aid,hospit mismanag cost covid vaccin give covid infect free vaccin suggest dnt visit place medic aid ,[],"['@shalbyhospitals', '@MoHFW_INDIA', '@ICMRDELHI']",[],[],1
707,@FaheemYounus After how many days it is safe for covid19 vaccination  if a person is RT-PCR positive,day safe covid vaccin person rtpcr posit ,[],['@FaheemYounus'],[],[],1
713,"""Biden administration supports waiver of patent protections on COVID-19 vaccines""   https://t.co/UgaMv0aTLA",biden administr support waiver patent protect covid vaccin ,[],[],['https://t.co/UgaMv0aTLA'],[],1
716,"""Biden administration supports waiver of patent protections on COVID-19 vaccines""   https://t.co/yhrnxhgsoE",biden administr support waiver patent protect covid vaccin ,[],[],['https://t.co/yhrnxhgsoE'],[],1
721,"""Biden administration supports waiver of patent protections on COVID-19 vaccines""   https://t.co/aeEMwWTWnL",biden administr support waiver patent protect covid vaccin ,[],[],['https://t.co/aeEMwWTWnL'],[],1
726,"""Biden administration supports waiver of patent protections on COVID-19 vaccines""   https://t.co/4RX8B0ry2h",biden administr support waiver patent protect covid vaccin ,[],[],['https://t.co/4RX8B0ry2h'],[],1
730,"Two doses of the Pfizer/BioNTech vaccine have proved more than 95% effective against infection, hospitalisation and death from Covid-19 in¬†Israel.",pfizerbiontech vaccin prove effect infect hospitalis death covid israel ,[],[],[],[],1
739,üíâ The best covid-19 vaccine ever is...  The one that you can get first! ü•≥,best covid vaccin ,[],[],[],"['üíâ', 'ü•≥']",1
747,"@narendramodi I salute and appreciate Our Honourable PM Modiji for Reviewing various aspects of Covid 19 Response in States and Districts, including the ongoing Vaccination Drive and augmenting Health Capabilities.üôè‚ù§Ô∏è",salut appreci honour modiji review aspect covid respons state district includ ongo vaccin drive augment health capabl ,[],['@narendramodi'],[],"['üôè', '‚ù§Ô∏è']",1
755,"India becomes fastest country to exceed 16 Crore cumulative COVID-19 vaccinations, reaching the mark in 109 days  https://t.co/3D6OZhkW2l  via NaMo App  https://t.co/Tks9UVrqKu",india fastest countri exceed crore cumul covid vaccin reach mark day namo app ,[],[],"['https://t.co/3D6OZhkW2l', 'https://t.co/Tks9UVrqKu']",[],1
768,Which Covid19 Vaccine should be preferred for 30-35 years age group?,covid vaccin prefer year age group ,[],[],[],[],1
775,"""COVID-19 vaccination for 18-45 age group is now open""   https://t.co/GsZaIH42Rl",covid vaccin age group open ,[],[],['https://t.co/GsZaIH42Rl'],[],1
787,"#COVID19 vaccination for people in the age group of 18-44 years, to begin in #Uttarakhand from 10th May  #COVID19Vaccination",vaccin peopl age group year begin ,"['#COVID19', '#Uttarakhand', '#COVID19Vaccination']",[],[],[],1
799,Those who are already antibodies +ve is there any benefit of vaccination other than social media likes #covidvacccine #covid_19 #coronavirus #health #healthylifestyle #healthyliving @ HealthSolutions  https://t.co/2C37Wqvl41,antibodi benefit vaccin social medium like healthsolut ,"['#covidvacccine', '#covid_19', '#coronavirus', '#health', '#healthylifestyle', '#healthyliving']",['@'],['https://t.co/2C37Wqvl41'],[],1
805,@apai_gerasi I dont know about that Bro..  I was told that the only effective way to combat covid 19 is to get the population vaccinated as many as possible and as fast as possible to get herd immunity. If not yet possible then we must have a full and complete lockdown of at least 3 weeks.,dont bro told effect way combat covid popul vaccin possibl fast possibl herd immun possibl complet lockdown week ,[],['@apai_gerasi'],[],[],1
811,"@tariqtramboo Sir, my friend had tested positive for Covid19. He has now recovered Alhumdulilah. How much time he has to wait to get vaccinated.",friend test posit covid recov alhumdulilah time wait vaccin ,[],['@tariqtramboo'],[],[],1
822,"""Many scientists now believe COVID-19 will become endemic. That is, it won‚Äôt be eradicated and will continue to circulate but vaccines will have a double effect: infections will drop and those that do catch the virus will have a far less serious ....""  https://t.co/nhhEKqtECR",scientist believ covid endem wont erad continu circul vaccin doubl effect infect drop catch viru far ,[],[],['https://t.co/nhhEKqtECR'],[],1
840,"I'm at COVID-19 Vaccine Center in Dammam, Ash Sharqiyah w/ @zainabnasr  https://t.co/r3pMFUs77N",covid vaccin center dammam ash sharqiyah ,[],['@zainabnasr'],['https://t.co/r3pMFUs77N'],[],1
850,I got my father's vaccination at home within 24 hours in Lahore.  It was really wonderful experience and very quick response by COVID-19 team Punjab.,father vaccin home hour lahor wonder experi quick respons covid team punjab ,[],[],[],[],1
851,"Dark Web Getting Loaded With Bogus Covid-19 Vaccines and Forged Cards Bogus COVID-19 test results, fraudulent vaccination cards, and questionable vaccines are emerging a hot commodity on the dark web. #darkweb #vaccine #COVID19  https://t.co/S7K4o7L7ik",dark web load bogu covid vaccin forg card bogu covid test result fraudul vaccin card question vaccin emerg hot commod dark web ,"['#darkweb', '#vaccine', '#COVID19']",[],['https://t.co/S7K4o7L7ik'],[],1
868,"Bahraini Citizens, vaccinated, must show a PCR examination to enter Saudi Arabia &amp; Chinese Sinopharm vaccine is not approved.  https://t.co/JUVFcUcGm5  #Bahrain #SaudiArabia #kingfahdcauseway #Sinopharm #vaccine #vaccinated #vaccinate #coronavirus #CovidVaccine #COVID19",bahraini citizen vaccin pcr examin enter saudi arabia chines sinopharm vaccin approv ,"['#Bahrain', '#SaudiArabia', '#kingfahdcauseway', '#Sinopharm', '#vaccine', '#vaccinated', '#vaccinate', '#coronavirus', '#CovidVaccine', '#COVID19']",[],['https://t.co/JUVFcUcGm5'],[],1
869,Why are some COVID-19 vaccines working better for men than women?  https://t.co/W4uz6HHdfK #Nifty #sipgrab,covid vaccin work better men woman ,"['#Nifty', '#sipgrab']",[],['https://t.co/W4uz6HHdfK'],[],1
872,24 deaths yesterday were people who did not receive vaccination.  https://t.co/GsrNbIeovW  #Bahrain #COVID19Vaccination #COVID19 #coronavirus #vaccinate #Vaccinate #Commit4Bahrain #VACCINATEANDSTAYSAFE #ÿ®ÿ≠ÿ±ŸäŸÜ,death yesterday peopl receiv vaccin ,"['#Bahrain', '#COVID19Vaccination', '#COVID19', '#coronavirus', '#vaccinate', '#Vaccinate', '#Commit4Bahrain', '#VACCINATEANDSTAYSAFE', '#ÿ®ÿ≠ÿ±ŸäŸÜ']",[],['https://t.co/GsrNbIeovW'],[],1
877,Entering the Manama Central Market for vaccinated &amp; recovered persons only.  https://t.co/IuOOyw3QBx  #Bahrain #Manama #COVID19 #coronavirus #vaccinate #vaccinated #Commit4Bahrain #VACCINATEANDSTAYSAFE #ÿ®ÿ≠ÿ±ŸäŸÜ,enter manama central market vaccin recov person ,"['#Bahrain', '#Manama', '#COVID19', '#coronavirus', '#vaccinate', '#vaccinated', '#Commit4Bahrain', '#VACCINATEANDSTAYSAFE', '#ÿ®ÿ≠ÿ±ŸäŸÜ']",[],['https://t.co/IuOOyw3QBx'],[],1
884,"@hivsweg Hello Sir it's an honour to tweet a great person like you who holds a nobel prize, However just wanted to know about your recent interview on vaccination to fight covid 19, Is the prophecy is true that people who are vaccinated may not live for a long point of time?",hello honour tweet great person like hold nobel prize recent interview vaccin fight covid propheci true peopl vaccin live long point time ,[],['@hivsweg'],[],[],1
886,"A fantastic milestone,  putting #Pakistan on track towards achieving vaccine independence.  #PakVac #COVID19 #VaccineForAll",fantast mileston put track achiev vaccin independ ,"['#Pakistan', '#PakVac', '#COVID19', '#VaccineForAll']",[],[],[],1
892,"Russian regions begin vaccinating animals against COVID-19.  In a global shortage of vaccines, don't know how to react to this....   https://t.co/yZ64ZLs1J3",russian region begin vaccin anim covid global shortag vaccin dont react ,[],[],['https://t.co/yZ64ZLs1J3'],[],1
907,This is an unhealthy trend of people not fulfilling their Vaccination Appointments in #Malaysia !! And certainly NOT a way to fight #COVID19 !! .. 1/n  https://t.co/12CF2StscP,unhealthi trend peopl fulfil vaccin appoint certainli way fight ,"['#Malaysia', '#COVID19']",[],['https://t.co/12CF2StscP'],[],1
911,"The Wall Street Journal: Employers can require COVID-19 vaccine for workers returning to office, government says  https://t.co/YaGGx3nwYC #Nifty #Sipgrab #UnitingPeopleWithThePossibilities",wall street journal employ requir covid vaccin worker return offic govern ,"['#Nifty', '#Sipgrab', '#UnitingPeopleWithThePossibilities']",[],['https://t.co/YaGGx3nwYC'],[],1
912,"The Wall Street Journal: Employers can require COVID-19 vaccine for workers returning to office, government says  https://t.co/Wrzdzf4MgM #Nifty #Sipgrab #UnitingPeopleWithThePossibilities",wall street journal employ requir covid vaccin worker return offic govern ,"['#Nifty', '#Sipgrab', '#UnitingPeopleWithThePossibilities']",[],['https://t.co/Wrzdzf4MgM'],[],1
913,"After the USA, India is the 2nd country that has achieved a milestone of crossing 20 Crore of cumulative COVID-19 vaccination coverage in 130 days. #LargestVaccinationDrive @kpmaurya1 @bpsarojmp @BJPVinodSonkar @sureshpasiBJP @BJPKashiKshetra @bjpgangapar  https://t.co/B7sXWDY81e",usa india countri achiev mileston cross crore cumul covid vaccin coverag day ,['#LargestVaccinationDrive'],"['@kpmaurya1', '@bpsarojmp', '@BJPVinodSonkar', '@sureshpasiBJP', '@BJPKashiKshetra', '@bjpgangapar']",['https://t.co/B7sXWDY81e'],[],1
917,"""Janssen single-dose COVID-19 vaccine approved for use in the UK""   https://t.co/D3GXv945ar",janssen singledos covid vaccin approv ,[],[],['https://t.co/D3GXv945ar'],[],1
923,Covid-19 vaccine boosters may be necessary. Here's what you need to know   https://t.co/eUz9o0H3fh,covid vaccin booster necessari here ,[],[],['https://t.co/eUz9o0H3fh'],[],1
926,Fake News Kills Not Vaccines  Simple  #COVID19India  #vaccinated  #COVID19,fake news kill vaccin simpl ,"['#COVID19India', '#vaccinated', '#COVID19']",[],[],[],1
927,Modi Never Bought Enough COVID-19 Vaccines for India. Now the Whole World Is Paying    https://t.co/rt5A3apgYz,modi bought covid vaccin india world pay ,[],[],['https://t.co/rt5A3apgYz'],[],1
929,Covid-19 Vaccine (SINOVAC) 1st doseüíâ (24-05-2021) #CoronaVaccine  https://t.co/OBiMEOwhTb,covid vaccin sinovac dose ,['#CoronaVaccine'],[],['https://t.co/OBiMEOwhTb'],['üíâ'],1
931,Fully Vaccinated (2 Doses) Astra Zenica (Covisheild) is only 65% Efficacious against now dominant second wave variant B.16172 #Covid19  About 33% after the first dose.   Oh oo !,fulli vaccin astra zenica covisheild efficaci domin second wave variant dose ,['#Covid19'],[],[],[],1
938,"@amjadmaruf @smritiirani Few millions are illegal migrants whom there is no vaccine. How many vaccines are invented in Muslim dominated countries? Tell single country name.Congress took 40-50 years to bring Folio vaccine in to India. Because of Modi goverance, we have top Covid-19 vaccines in few months",million illeg migrant vaccin vaccin invent muslim domin countri tell singl countri namecongress year bring folio vaccin india modi gover covid vaccin month ,[],"['@amjadmaruf', '@smritiirani']",[],[],1
946,Wag makulit. Wait lang! Get vaccinated  pa din when offerred. #ivermectin #covid,wag makulit wait lang vaccin din offer ,"['#ivermectin', '#covid']",[],[],[],1
948,@arabnews Residents who have completed 2 doses of covid vaccine shall be allowed to come to Saudi Arabia with 7 days home quorontine.,resid complet covid vaccin shall allow saudi arabia day home quorontin ,[],['@arabnews'],[],[],1
961,"Yesterday my mom with her mom and dad in their 80's took their 2nd dose of Covishield, this gave me some sort of relief. Best thing is that their samples were taken for COVID test before being vaccinated. @DumkaDc thanks for making it easier the report will give some more relief.",yesterday mom mom dad dose covishield give sort relief best thing sampl covid test vaccin easier report relief ,[],['@DumkaDc'],[],[],1
970,U.S. administers 247.8 million doses of COVID-19 vaccines - CDC  https://t.co/gErN7DXYbW #Sipgrab #UnitingPeopleWithThePossibilities,administ million covid vaccin cdc ,"['#Sipgrab', '#UnitingPeopleWithThePossibilities']",[],['https://t.co/gErN7DXYbW'],[],1
978,COVID vaccination benefits explained by Tom and Jerry.  https://t.co/lalFAtQHkx,covid vaccin benefit explain tom jerri ,[],[],['https://t.co/lalFAtQHkx'],[],1
983,"@NehaDhupia @srinivasiyc @Imangadbedi Waise thank u Rahul for telling last year about Tsunami covid, for advising to bring vaccination from abroad. We r unfortunate to have people around who takes everything as a joke.",wais rahul tell year tsunami covid advis bring vaccin abroad unfortun peopl joke ,[],"['@NehaDhupia', '@srinivasiyc', '@Imangadbedi']",[],[],1
986,@duggu_tweets Vaccinated people can‚Äôt because their antibodies are not created naturally as the Covid recovered person.,vaccin peopl cant antibodi creat natur covid recov person ,[],['@duggu_tweets'],[],[],1
997,"Waiving patents for Covid vaccines won't solve the 'need of the hour,' says Indian drugmaker  https://t.co/iELXm6441z #Nifty #Sipgrab #UnitingPeopleWithThePossibilities",waiv patent covid vaccin wont solv hour indian drugmak ,"['#Nifty', '#Sipgrab', '#UnitingPeopleWithThePossibilities']",[],['https://t.co/iELXm6441z'],[],1
1012,"@PrakashJavdekar Overhelmed to know about that Our Central Government will supply 1 Crore 92 Lakh of # Covid Vaccines to State and UTs, Free of Cost during the Fortnight of 16 May - 31 st May 2021.üôè # India Fights Corona üôè # Vaccine shot se Suraksha hai üôè",overhelm central govern suppli crore lakh covid vaccin state free cost fortnight india fight corona vaccin shot suraksha hai ,"['#', '#', '#']",['@PrakashJavdekar'],[],"['üôè', 'üôè', 'üôè']",1
1016,finally Yesterday I took the first dose of covid 19 vaccine for COVISHEILD at home town begusarai PHC SAHEBPURKAMAL..  After Eid prayer @syedzeeshan2025  https://t.co/hXtEU3XPmV,final yesterday dose covid vaccin covisheild home town begusarai phc sahebpurkam eid prayer ,[],['@syedzeeshan2025'],['https://t.co/hXtEU3XPmV'],[],1
1025,The Margin: Do breakthrough COVID-19 infections seen in the Yankees and Bill Maher mean vaccinated people should still wear masks?  https://t.co/B1mM7EZZHV #Nifty #Sipgrab #UnitingPeopleWithThePossibilities,margin breakthrough covid infect yanke bill maher mean vaccin peopl wear mask ,"['#Nifty', '#Sipgrab', '#UnitingPeopleWithThePossibilities']",[],['https://t.co/B1mM7EZZHV'],[],1
1034,Will your pet need a coronavirus vaccine? #pets #dogsoftwitter #dogsofinstagram #dogslover  #CoronaSecondWave #COVID19 #PollOfPolls #catlovers #VaccineForAll #petsarefamily #lockdown2021 @PetsatHome @pets @JustFoodForDogs #dogstagram #CoronavirusPandemic #DidSheDieOfCovid #COVID,pet coronaviru vaccin ,"['#pets', '#dogsoftwitter', '#dogsofinstagram', '#dogslover', '#CoronaSecondWave', '#COVID19', '#PollOfPolls', '#catlovers', '#VaccineForAll', '#petsarefamily', '#lockdown2021', '#dogstagram', '#CoronavirusPandemic', '#DidSheDieOfCovid', '#COVID']","['@PetsatHome', '@pets', '@JustFoodForDogs']",[],[],1
1038,Personal Finance Daily: Why vaccinated people may still need to mask up at work and how to help India as its COVID-19 crisis deepens  https://t.co/s2H3GcHNxn #Nifty #Sipgrab #UnitingPeopleWithThePossibilities,person financ daili vaccin peopl mask work help india covid crisi deepen ,"['#Nifty', '#Sipgrab', '#UnitingPeopleWithThePossibilities']",[],['https://t.co/s2H3GcHNxn'],[],1
1040,The best you can get about Covid vaccines!,best covid vaccin ,[],[],[],[],1
1051,PPHI @MERC1122 will arrange Covid Vaccination by mobile teams initially from #Quetta district.Teams comprising male &amp; female members will move accordingly.  Please get enlisted for early vaccination. Call/dial 1122 or following numbers    03331032988  03167861122,pphi arrang covid vaccin mobil team initi districtteam compris male femal member accordingli enlist earli vaccin calldial follow number ,['#Quetta'],['@MERC1122'],[],[],1
1064,Top FDA official says fully vaccinated people could need Covid booster shots within a year  https://t.co/5HeH4XoKEa #Nifty #Sipgrab #UnitingPeopleWithThePossibilities,fda offici fulli vaccin peopl covid booster shot year ,"['#Nifty', '#Sipgrab', '#UnitingPeopleWithThePossibilities']",[],['https://t.co/5HeH4XoKEa'],[],1
1068,New vaccine platform: 'Two-one replicon-and-VLP-minispike vaccine' against COVID-19  https://t.co/vBrgYB2K39 #Nifty #sipgrab,new vaccin platform twoon repliconandvlpminispik vaccin covid ,"['#Nifty', '#sipgrab']",[],['https://t.co/vBrgYB2K39'],[],1
1090,"Minister Science Khairy replying to Opp leader Anwar on Covid Vaccines roll out   If Khairy had briefed MPs in video or in hall w social distancing w 5 MPs w masks, there will be NO speculationüôÑ MPs vaccinated alreadyüíâ MCO is NOT to keep MPs in dark‚òëÔ∏è  https://t.co/ELqQRw616W",minist scienc khairi opp leader anwar covid vaccin roll khairi brief video hall social distanc mask specul vaccin mco dark ,[],[],['https://t.co/ELqQRw616W'],"['üôÑ', 'üíâ', '‚òëÔ∏è']",1
1104,Fact Check: Nobel laureate Luc Montagnier didn‚Äôt say Covid vaccine recipients will die in two years - Fact Check News  https://t.co/BvPYvfLUZV,fact check nobel laureat luc montagni didnt covid vaccin recipi die year fact check news ,[],[],['https://t.co/BvPYvfLUZV'],[],1
1107,The Margin: Ohio sees COVID vaccination rate soar 45% since announcing Vax-A-Million lottery  https://t.co/LSd6FNikHk #Nifty #Sipgrab #UnitingPeopleWithThePossibilities,margin ohio covid vaccin rate soar announc vaxamillion lotteri ,"['#Nifty', '#Sipgrab', '#UnitingPeopleWithThePossibilities']",[],['https://t.co/LSd6FNikHk'],[],1
1108,The Margin: Ohio sees COVID vaccination rate soar 45% since announcing Vax-A-Million lottery  https://t.co/yCfYlGyMuc #Nifty #Sipgrab #UnitingPeopleWithThePossibilities,margin ohio covid vaccin rate soar announc vaxamillion lotteri ,"['#Nifty', '#Sipgrab', '#UnitingPeopleWithThePossibilities']",[],['https://t.co/yCfYlGyMuc'],[],1
1114,"You are right !!@RahulGandhi Govt. have to give transparency about death rate, cases, vaccination, recovery rate, also medical supplies.  So that we win this war otherwise, their is 3rd, 4th, 5th,. ...,, wave will comes and no one can stop it ...  #COVID",govt transpar death rate case vaccin recoveri rate medic suppli win war wave stop ,['#COVID'],[],[],[],1
1121,Despite being completely vaccinated My friend‚Äôs relative passed away due to Covid.,despit complet vaccin friend rel pass away covid ,[],[],[],[],1
1154,@axxo195 After covid-19,covid ,[],['@axxo195'],[],[],1
1214,"A request to Administration of @shopiankmr &amp; N.O #Covid19 @JahidAzad6 to kindly shift either vaccination centre or Covid Testing room from DH Spn. Both are just opposite to each other with minimum distance. Covid +ve, Normal, Old aged (vaccination purpose) follow the same lane.",request administr kindli shift vaccin centr covid test room spn opposit minimum distanc covid normal old age vaccin purpos follow lane ,['#Covid19'],"['@shopiankmr', '@JahidAzad6']",[],[],1
1237,"Key Words: COVID-19 vaccine means future outbreaks should only be ‚Äòblips,‚Äô Fauci says  https://t.co/Q4M3qWYUyG #Nifty #Sipgrab #UnitingPeopleWithThePossibilities",key word covid vaccin mean futur outbreak blip fauci ,"['#Nifty', '#Sipgrab', '#UnitingPeopleWithThePossibilities']",[],['https://t.co/Q4M3qWYUyG'],[],1
1281,Got my 1st dose of #CovidVaccine today. I believe one of the best ways to beat Covid-19 is to be vaccinated.  #Sinovac #vaccinated #IGotVaccinated #Pakistan  https://t.co/i4014pGWaV,dose today believ best way beat covid vaccin ,"['#CovidVaccine', '#Sinovac', '#vaccinated', '#IGotVaccinated', '#Pakistan']",[],['https://t.co/i4014pGWaV'],[],1
1288,This is so disgusting.. How can people do this just to defame state govt when these people who on papers are vaccinated get affected by COVID they can blame efficacy of Indian medicine. How many such nurses are in such lobby. Shameful.,disgust peopl defam state govt peopl paper vaccin affect covid blame efficaci indian medicin nurs lobbi shame ,[],[],[],[],1
1311,#VirusNovusMovid21 turning out more deadlier than #Covid19 due low vaccination footprint.  https://t.co/xV85W8RKm6,turn deadlier low vaccin footprint ,"['#VirusNovusMovid21', '#Covid19']",[],['https://t.co/xV85W8RKm6'],[],1
1344,We appeal to the general population to go for vaccination so that Covid-19 2nd wave could be control.,appeal gener popul vaccin covid wave control ,[],[],[],[],1
1361,Sanofi and GSK COVID-19 vaccine candidate demonstrates strong immune responses across all adult age groups in Phase 2 trial  https://t.co/1wvVAwGXXK #Nifty #sipgrab,sanofi gsk covid vaccin candid demonstr strong immun respons adult age group phase trial ,"['#Nifty', '#sipgrab']",[],['https://t.co/1wvVAwGXXK'],[],1
1365,AstraZeneca COVID-19 vaccine Vaxzevria authorised for emergency use in Japan  https://t.co/OaHJcYgZvh #Nifty #sipgrab,astrazeneca covid vaccin vaxzevria authoris emerg japan ,"['#Nifty', '#sipgrab']",[],['https://t.co/OaHJcYgZvh'],[],1
1371,Takeda announces approval of Moderna's COVID-19 vaccine in Japan  https://t.co/blPLM3OLqL #Nifty #sipgrab,takeda announc approv moderna covid vaccin japan ,"['#Nifty', '#sipgrab']",[],['https://t.co/blPLM3OLqL'],[],1
1374,Countries with fluctuating supplies of COVID-19 vaccines could benefit from using different vaccines for the first and second dose. Mix-and-match COVID vaccines trigger potent immune response   https://t.co/Ur6BuHXhPo,countri fluctuat suppli covid vaccin benefit differ vaccin second dose mixandmatch covid vaccin trigger potent immun respons ,[],[],['https://t.co/Ur6BuHXhPo'],[],1
1380,Part 3  üíöWomen trying to become pregnant do not need to avoid pregnancy after vaccination and there is no evidence to suggest that COVID-19 vaccines will affect #fertility.   https://t.co/uLX3zNH57Y,woman pregnant avoid pregnanc vaccin evid suggest covid vaccin affect ,['#fertility.'],[],['https://t.co/uLX3zNH57Y'],['üíö'],1
1381,Part 2 üíöWomen should discuss the benefits and risks of having the vaccine with their healthcare professional and reach a joint decision based on individual circumstances. üíöYou should not stop #breastfeeding in order to be vaccinated against COVID-19,woman discu benefit risk vaccin healthcar profession reach joint decis base individu circumst stop order vaccin covid ,['#breastfeeding'],[],[],"['üíö', 'üíö']",1
1382,"COVID_19 vaccines, #pregnancy and #breastfeeding updated 23 April 2021  ‚ô¶Ô∏èKey messages latest advice from the Joint Committee on Vaccination and Immunisation (JCVI) üíöCOVID-19 vaccines should be offered to pregnant women at the same time as the rest of the population Part 1",covid vaccin updat april key messag latest advic joint committe vaccin immunis jcvi covid vaccin offer pregnant woman time rest popul ,"['#pregnancy', '#breastfeeding']",[],[],"['‚ô¶Ô∏è', 'üíö']",1
1385,Good Decision sir i think your 1st priority is University Teacher's. Let's start we are waiting for Teacher's  Covid-19 Vaccine before Exam,decis prioriti univers teacher start wait teacher covid vaccin exam ,[],[],[],[],1
1415,"If I have cancer now or had it in the past, am I at higher risk of severe illness from¬†COVID-19? If I have cancer now or had it in the past, should I get a COVID-19¬†vaccine? What are other ways that I can protect myself? What should I do if I have symptoms of an infection?",cancer past higher risk sever ill covid cancer past covid vaccin way protect symptom infect ,[],[],[],[],1
1420,"@sridharamurthy7 @sincerely_epic Without vaccination and #Remdesivir ~50% of India would have been dead by now. It's because of Modi ji request, vaccine was invented by India and 98% of us are alive. Even O2 is freely available just like spaces in crematoriums, because hardly any of the people are dying... üôè",vaccin india dead modi request vaccin invent india aliv freeli avail like space crematorium hardli peopl die ,['#Remdesivir'],"['@sridharamurthy7', '@sincerely_epic']",[],['üôè'],1
1529,@narendramodi ji silently did the following.  1) Ramped up the Covid Vaccine capacity to 250 Cr doses by Dec 2021 - increase of 5X  2) Tripled India's #Remdesivir output in just three weeks to 10.5 million vials per month with  minimum 50% reduced price #ModiHaiTohMumkinHaiüáÆüá≥üá∫üá≤,silent follow ramp covid vaccin capac dec increas tripl india output week million vial month minimum reduc price ,"['#Remdesivir', '#ModiHaiTohMumkinHaiüáÆüá≥üá∫üá≤']",['@narendramodi'],[],[],1
1553,"Ramdev again questions Covid-19 vaccines, says he‚Äôs protected by yoga & Ayurveda https://hindustantimes.com/india-news/ramdev-again-questions-covid-19-vaccines-says-he-s-protected-by-yoga-ayurveda-101622376819966.html?utm_source=twitter&utm_medium=social&utm_campaign=ht_AMP‚Ä¶",ramdev question covid vaccin protect yoga ayurveda ,[],[],['https://hindustantimes.com/india-news/ramdev-again-questions-covid-19-vaccines-says-he-s-protected-by-yoga-ayurveda-101622376819966.html?utm_source=twitter&utm_medium=social&utm_campaign=ht_AMP‚Ä¶'],[],1
1557,"Many variants, few vaccines. 
#COVID",variant vaccin ,['#COVID'],[],[],[],1
1562,Swayam has arranged for it's staff and family members to take the Covid 19 vaccination. Thank you Swayam for this wonderful initiative!,swayam arrang staff famili member covid vaccin swayam wonder initi ,[],[],[],[],1
1569,Modi Never Bought Enough COVID-19 Vaccines for India. Now the Whole World Is Paying,modi bought covid vaccin india world pay ,[],[],[],[],1
1581,"@wbdhfw
 
@aaikolairport
 
@ICMRDELHI

Kindly refer to ICMR Advisory for COVID-19 testing during the second wave of the pandemic dated 04/05/21. (copy attached) 
@MoCA_GoI
 
@RGIAHyd
 Why many states are still making RT PCR Mandatory for healthy and double dose vaccinated passengers??",kindli refer icmr advisori covid test second wave pandem date copi attach state pcr mandatori healthi doubl dose vaccin passeng ,[],"['@wbdhfw', '@aaikolairport', '@ICMRDELHI', '@MoCA_GoI', '@RGIAHyd']",[],[],1
1592,"21.89 crore Covid-19 vaccine doses provided to states, UTs so far: Health ministry
https://timesofindia.indiatimes.com/india/21-89-cr-covid-19-vaccine-doses-provided-to-states-uts-so-far-health-ministry/articleshow/82938342.cms‚Ä¶ via NaMo App",crore covid vaccin provid state far health ministri namo app ,[],[],['https://timesofindia.indiatimes.com/india/21-89-cr-covid-19-vaccine-doses-provided-to-states-uts-so-far-health-ministry/articleshow/82938342.cms‚Ä¶'],[],1
1600,"Blaming #India govt? Look at #Taiwan, #SouthKorea, #Japan & SEAsia  - they were stars in 1stwave. All fell to 2ndwave. Vaccine shortage/ #covid cases rising",blame govt look seasia star stwave fell ndwave vaccin shortag case rise ,"['#India', '#Taiwan,', '#SouthKorea,', '#Japan', '#covid']",[],[],[],1
1609,Couldn't agree more. #covid once again underlined why #populationcontrol is a priority for #India. Vaccination so far remained a factor of population and financial resources. Israel (90 lakh) a fitting example.,couldnt agre underlin prioriti vaccin far remain factor popul financi resourc israel lakh fit exampl ,"['#covid', '#populationcontrol', '#India.']",[],[],[],1
1650,"Me and my my wife have got our first jab of vaccine today in office. Thanks a lot #KPMG for this wonderful oppourtunity.

#kpmg #kpmgindia #leadership #covid #vaccinationdrive #togetheragainstcovid19 #HappyAtKPMG",wife jab vaccin today offic wonder oppourtun ,"['#KPMG', '#kpmg', '#kpmgindia', '#leadership', '#covid', '#vaccinationdrive', '#togetheragainstcovid19', '#HappyAtKPMG']",[],[],[],1
1658,"Revised guidelines for Covid-19 Vaccination:

1. Individuals infected with Covid-19 to defer their vaccination for 3 months after clinical recovery.

2. If infected after the 1st dose, 2nd dose to be deferred for 3 months after recovery.",revis guidelin covid vaccin individu infect covid defer vaccin month clinic recoveri infect dose dose defer month recoveri ,[],[],[],[],1
1663,"Well again a good news for us... a new vaccine by Johnson & Johnson has announced that it is collaborating with Telangana-based Biological E to produce its 'Janssen COVID-19 vaccine' in India. 

#ANewHope #PositiveVibes #WeshallOvercome",news new vaccin johnson johnson announc collabor telanganabas biolog produc janssen covid vaccin india ,"['#ANewHope', '#PositiveVibes', '#WeshallOvercome']",[],[],[],1
1664,"Again Manishji , What Arvindji & You Are Doing . Focus On Covid 19 Management , Pay for Vaccines Instead of Wasting Money on TV Ads .",manishji arvindji focu covid manag pay vaccin instead wast money ,[],[],[],[],1
1727,"Strange Rule in #America  No #Masks if you have got both the doses of #Vaccinnation  Also you get a beer cans  if you vaccinated  #COVID19outbreak #covid19usa #COVID2019 #covid #NoMasks#Maskupindia #VaccineForAll #IndiaFightsCorona
Is it a right decision ????",strang rule beer can vaccin decis ,"['#America', '#Masks', '#Vaccinnation', '#COVID19outbreak', '#covid19usa', '#COVID2019', '#covid', '#NoMasks#Maskupindia', '#VaccineForAll', '#IndiaFightsCorona']",[],[],[],1
1730,"Good news 
World first COVID vaccine which can block the covid 19 https://einpresswire.com/article/520732521/first-covid-19-vaccine-developed-in-the-southern-hemisphere-commences-human-trials#‚Ä¶

@NDTV
 
@TheDeshBhakt
 
@rohini_sgh
 
@ppbajpai
 
@payalmehta100",news world covid vaccin block covid ,[],"['@NDTV', '@TheDeshBhakt', '@rohini_sgh', '@ppbajpai', '@payalmehta100']",['https://einpresswire.com/article/520732521/first-covid-19-vaccine-developed-in-the-southern-hemisphere-commences-human-trials#‚Ä¶'],[],1
1735,"Dr Reddy‚Äôs Sputnik V Covid-19 vaccine costs Rs 995 per dose
https://cutt.ly/bbKlI3S

#India #SputnikV #Covishield #VaccineShortage #Russia #vaccine #DRREDDY #VaccineForAll  #IndiaFightsCOVID19",reddi sputnik covid vaccin cost dose ,"['#India', '#SputnikV', '#Covishield', '#VaccineShortage', '#Russia', '#vaccine', '#DRREDDY', '#VaccineForAll', '#IndiaFightsCOVID19']",[],['https://cutt.ly/bbKlI3S'],[],1
1744,"@MoHFW_INDIA
 
@CovidIndiaSeva
 
@drharshvardhan
 
@DrHVoffice
 Can someone please clarify when can a Covid-19 recovered patient receive Covid-19 vaccination in India as per the protocol?",clarifi covid recov patient receiv covid vaccin india protocol ,[],"['@MoHFW_INDIA', '@CovidIndiaSeva', '@drharshvardhan', '@DrHVoffice']",[],[],1
1747,"Withdrawal of vaccinations from private is an criminal offence 
@MamataOfficial
 when you don't hv infrastructure , trained manpower & sufficient vaccinations to vaccinate, health centers would be super spreaders like elections rallys #COVID #COVID19Vaccination",withdraw vaccin privat crimin offenc dont infrastructur train manpow suffici vaccin vaccin health center super spreader like elect ralli ,"['#COVID', '#COVID19Vaccination']",['@MamataOfficial'],[],[],1
1752,"This is different level of #AtmanirbharBharata!! #atmanirbhar 

Tamil Nadu to float global tenders for Covid-19 vaccines to inoculate all in 18-44 age group - Coronavirus Outbreak News",differ level tamil nadu float global tender covid vaccin inocul age group coronaviru outbreak news ,"['#AtmanirbharBharata!!', '#atmanirbhar']",[],[],[],1
1801,WHO lists Sinopharm COVID-19 vaccine for emergency use,list sinopharm covid vaccin emerg ,[],[],[],[],1
1803,"COVID-19 vaccine rollout by India has rescued the world' from pandemic, says Dr Peter Hotez",covid vaccin rollout india rescu world pandem peter hotez ,[],[],[],[],1
1814,COVID-19 Vaccines,covid vaccin ,[],[],[],[],1
1815,"@CovidIndiaSeva
 After recovering from Covid-19 when can I take the vaccination?",recov covid vaccin ,[],['@CovidIndiaSeva'],[],[],1
1828,It would have been better if our Class 12 exams had been online. 12th grade students under the age of 18 could not get the Covid-19 vaccine. Those who could not get Covid-19 vaccine during HS test are infected with Covid-19 but what will happen to them? So online exam is good,better class exam onlin grade student age covid vaccin covid vaccin test infect covid happen onlin exam ,[],[],[],[],1
1833,"We are fighting another war against COVID-19 but without Vaccines! We need Vaccines in and ample quantity, schedule people are being denied vaccination. #harshreality 
@narendramodi


#GiveTheVaccinesModi",fight war covid vaccin vaccin ampl quantiti schedul peopl deni vaccin ,"['#harshreality', '#GiveTheVaccinesModi']",['@narendramodi'],[],[],1
